0.00050144,4.7115,0.0021334,-1.5721,-1.5713,6.7776e-08,0
0.0004608,4.7116,0.0021477,-1.5721,-1.5713,7.3973e-05,0
0.00033922,4.7116,0.0021904,-1.572,-1.5715,0.00029504,0
0.00013725,4.7117,0.0022614,-1.572,-1.5716,0.00066232,0
-0.00014459,4.7118,0.0023605,-1.5719,-1.5719,0.0011749,0
-0.0005058,4.712,0.0024876,-1.5718,-1.5723,0.0018319,0
-0.00094586,4.7122,0.0026426,-1.5717,-1.5727,0.0026326,0
-0.0014643,4.7124,0.0028253,-1.5716,-1.5732,0.003576,0
-0.0020605,4.7127,0.0030357,-1.5714,-1.5737,0.0046614,0
-0.0027342,4.713,0.0032736,-1.5712,-1.5744,0.0058881,0
-0.0034847,4.7133,0.0035391,-1.571,-1.5751,0.0072554,0
-0.0043117,4.7137,0.0038321,-1.5708,-1.5758,0.0087625,0
-0.0052147,4.7141,0.0041525,-1.5705,-1.5767,0.010409,0
-0.0061931,4.7145,0.0045004,-1.5703,-1.5776,0.012194,0
-0.0072466,4.715,0.0048756,-1.57,-1.5786,0.014117,0
-0.0083747,4.7155,0.0052784,-1.5697,-1.5796,0.016177,0
-0.009577,4.716,0.0057086,-1.5693,-1.5807,0.018374,0
-0.0026323,4.7188,0.0064805,-1.5715,-1.5902,0.020797,0
0.002083,4.7211,0.0071443,-1.573,-1.5977,0.023351,0
0.0055299,4.7231,0.0077769,-1.5741,-1.604,0.026044,0
0.0081169,4.7249,0.0084047,-1.5749,-1.6096,0.028876,0
0.010059,4.7265,0.0090399,-1.5756,-1.6147,0.031847,0
0.011484,4.7281,0.0096889,-1.576,-1.6195,0.034959,0
0.012479,4.7297,0.010356,-1.5764,-1.6239,0.03821,0
0.013102,4.7311,0.011043,-1.5766,-1.6281,0.041601,0
0.013399,4.7326,0.011752,-1.5767,-1.6321,0.045131,0
0.013403,4.734,0.012485,-1.5768,-1.6359,0.048799,0
0.013141,4.7353,0.013242,-1.5767,-1.6396,0.052606,0
0.012636,4.7367,0.014025,-1.5766,-1.6432,0.05655,0
0.011906,4.738,0.014834,-1.5764,-1.6467,0.060631,0
0.010966,4.7393,0.015669,-1.5761,-1.65,0.064849,0
0.0098309,4.7407,0.016532,-1.5758,-1.6534,0.069203,0
0.0085112,4.742,0.017423,-1.5754,-1.6566,0.073693,0
0.0070177,4.7433,0.018342,-1.5749,-1.6598,0.078318,0
0.0053597,4.7446,0.01929,-1.5744,-1.6629,0.083077,0
0.0035457,4.7459,0.020267,-1.5738,-1.6659,0.087971,0
0.0015831,4.7472,0.021274,-1.5731,-1.669,0.092998,0
-0.00052111,4.7486,0.022311,-1.5724,-1.6719,0.098159,0
-0.0027606,4.7499,0.023378,-1.5717,-1.6749,0.10345,0
-0.0051297,4.7512,0.024476,-1.5708,-1.6778,0.10888,0
-0.0076228,4.7526,0.025605,-1.57,-1.6807,0.11443,0
-0.010235,4.7539,0.026767,-1.5691,-1.6836,0.12012,0
-0.012961,4.7553,0.02796,-1.5681,-1.6864,0.12594,0
-0.020852,4.6452,0.2662,-1.6956,-1.6835,0.13118,0
-0.027991,4.6346,0.2916,-1.7097,-1.6815,0.13658,0
-0.034914,4.625,0.31518,-1.7229,-1.6798,0.14211,0
-0.04162,4.6162,0.33735,-1.7355,-1.6783,0.14777,0
-0.048111,4.6081,0.3584,-1.7475,-1.6772,0.15355,0
-0.05439,4.6005,0.37851,-1.7591,-1.6764,0.15945,0
-0.060461,4.5934,0.39783,-1.7703,-1.6759,0.16547,0
-0.066332,4.5867,0.41648,-1.7813,-1.6757,0.17162,0
-0.072008,4.5804,0.43454,-1.792,-1.6757,0.17788,0
-0.077496,4.5745,0.45208,-1.8025,-1.676,0.18427,0
-0.082806,4.5689,0.46916,-1.8128,-1.6766,0.19077,0
-0.087944,4.5636,0.48582,-1.8229,-1.6774,0.19738,0
-0.09292,4.5586,0.50211,-1.8329,-1.6785,0.20412,0
-0.097743,4.5538,0.51805,-1.8428,-1.6798,0.21096,0
-0.10242,4.5493,0.53367,-1.8525,-1.6813,0.21792,0
-0.10696,4.5451,0.549,-1.8621,-1.683,0.22499,0
-0.11137,4.5411,0.56406,-1.8715,-1.6849,0.23217,0
-0.11566,4.5372,0.57887,-1.8809,-1.6871,0.23947,0
-0.11984,4.5336,0.59344,-1.8902,-1.6894,0.24687,0
-0.12391,4.5302,0.60779,-1.8993,-1.6918,0.25438,0
-0.12788,4.5269,0.62194,-1.9084,-1.6945,0.262,0
-0.13175,4.5239,0.63588,-1.9174,-1.6973,0.26972,0
-0.13554,4.521,0.64963,-1.9263,-1.7002,0.27756,0
-0.13925,4.5182,0.66321,-1.935,-1.7033,0.28549,0
-0.14288,4.5156,0.67662,-1.9437,-1.7065,0.29353,0
-0.14644,4.5132,0.68986,-1.9523,-1.7099,0.30168,0
-0.14994,4.5109,0.70295,-1.9609,-1.7133,0.30993,0
-0.15337,4.5088,0.71589,-1.9693,-1.7169,0.31828,0
-0.15674,4.5068,0.72868,-1.9776,-1.7206,0.32674,0
-0.16005,4.5049,0.74134,-1.9859,-1.7244,0.3353,0
-0.16332,4.5031,0.75386,-1.994,-1.7283,0.34396,0
-0.16654,4.5015,0.76626,-2.0021,-1.7323,0.35272,0
-0.16971,4.5,0.77853,-2.0101,-1.7363,0.36159,0
-0.17284,4.4986,0.79068,-2.0179,-1.7405,0.37055,0
-0.17593,4.4974,0.80271,-2.0257,-1.7447,0.37962,0
-0.17898,4.4962,0.81463,-2.0334,-1.749,0.38879,0
-0.18199,4.4952,0.82644,-2.041,-1.7534,0.39806,0
-0.18497,4.4943,0.83814,-2.0485,-1.7578,0.40743,0
-0.18792,4.4934,0.84974,-2.0559,-1.7623,0.4169,0
-0.19084,4.4927,0.86123,-2.0632,-1.7669,0.42647,0
-0.19372,4.4921,0.87262,-2.0704,-1.7715,0.43615,0
-0.19659,4.4916,0.88392,-2.0775,-1.7762,0.44592,0
-0.19942,4.4911,0.89512,-2.0845,-1.7809,0.4558,0
-0.20223,4.4908,0.90623,-2.0914,-1.7856,0.46577,0
-0.20501,4.4906,0.91724,-2.0982,-1.7904,0.47585,0
-0.20777,4.4904,0.92817,-2.1049,-1.7952,0.48602,0
-0.21051,4.4904,0.939,-2.1115,-1.8001,0.4963,0
-0.21323,4.4904,0.94975,-2.118,-1.805,0.50668,0
-0.21592,4.4905,0.96042,-2.1244,-1.8099,0.51717,0
-0.21859,4.4907,0.971,-2.1306,-1.8148,0.52775,0
-0.22125,4.491,0.9815,-2.1368,-1.8198,0.53843,0
-0.22388,4.4914,0.99192,-2.1428,-1.8248,0.54922,0
-0.2265,4.4918,1.0023,-2.1487,-1.8297,0.56011,0
-0.22909,4.4924,1.0125,-2.1546,-1.8347,0.5711,0
-0.23167,4.493,1.0227,-2.1602,-1.8398,0.5822,0
-0.23422,4.4937,1.0328,-2.1658,-1.8448,0.5934,0
-0.23676,4.4944,1.0428,-2.1713,-1.8498,0.6047,0
-0.23928,4.4953,1.0528,-2.1766,-1.8548,0.6161,0
-0.24179,4.4962,1.0626,-2.1818,-1.8598,0.62761,0
-0.24427,4.4972,1.0724,-2.1869,-1.8648,0.63922,0
-0.24674,4.4982,1.0822,-2.1919,-1.8698,0.65094,0
-0.24919,4.4994,1.0918,-2.1968,-1.8748,0.66276,0
-0.25162,4.5006,1.1014,-2.2015,-1.8797,0.67468,0
-0.25403,4.5018,1.1109,-2.2061,-1.8847,0.68671,0
-0.25642,4.5032,1.1203,-2.2106,-1.8896,0.69885,0
-0.2588,4.5046,1.1297,-2.2149,-1.8945,0.71108,0
-0.26116,4.5061,1.139,-2.2191,-1.8994,0.72343,0
-0.2635,4.5076,1.1482,-2.2232,-1.9043,0.73587,0
-0.26582,4.5092,1.1574,-2.2272,-1.9091,0.74843,0
-0.26812,4.5109,1.1664,-2.231,-1.9138,0.76108,0
-0.2704,4.5126,1.1755,-2.2347,-1.9186,0.77384,0
-0.27267,4.5144,1.1844,-2.2383,-1.9233,0.78671,0
-0.27491,4.5163,1.1933,-2.2417,-1.928,0.79968,0
-0.27713,4.5182,1.2021,-2.245,-1.9326,0.81275,0
-0.27934,4.5202,1.2108,-2.2482,-1.9371,0.82593,0
-0.28152,4.5223,1.2194,-2.2512,-1.9416,0.83921,0
-0.28369,4.5244,1.228,-2.2541,-1.9461,0.8526,0
-0.28583,4.5266,1.2365,-2.2569,-1.9505,0.86609,0
-0.28795,4.5288,1.245,-2.2595,-1.9548,0.87968,0
-0.29005,4.5311,1.2533,-2.262,-1.9591,0.89337,0
-0.29213,4.5335,1.2616,-2.2643,-1.9633,0.90716,0
-0.29419,4.5359,1.2698,-2.2666,-1.9675,0.92105,0
-0.29622,4.5384,1.278,-2.2687,-1.9715,0.93505,0
-0.29824,4.5409,1.2861,-2.2706,-1.9755,0.94914,0
-0.30023,4.5435,1.294,-2.2724,-1.9795,0.96333,0
-0.30219,4.5462,1.302,-2.2741,-1.9833,0.97761,0
-0.30414,4.5489,1.3098,-2.2757,-1.9871,0.99199,0
-0.30605,4.5517,1.3176,-2.2771,-1.9907,1.0065,0
-0.30795,4.5545,1.3253,-2.2784,-1.9943,1.021,0
-0.30982,4.5574,1.3329,-2.2796,-1.9978,1.0357,0
-0.31167,4.5604,1.3404,-2.2806,-2.0012,1.0504,0
-0.31349,4.5634,1.3479,-2.2816,-2.0046,1.0653,0
-0.31528,4.5665,1.3553,-2.2823,-2.0078,1.0802,0
-0.31705,4.5696,1.3625,-2.283,-2.0109,1.0952,0
-0.3188,4.5728,1.3698,-2.2836,-2.0139,1.1103,0
-0.32052,4.576,1.3769,-2.284,-2.0168,1.1255,0
-0.32221,4.5794,1.3839,-2.2843,-2.0196,1.1407,0
-0.32387,4.5827,1.3909,-2.2845,-2.0223,1.1561,0
-0.32551,4.5862,1.3978,-2.2845,-2.0249,1.1715,0
-0.32712,4.5897,1.4046,-2.2845,-2.0274,1.187,0
-0.3287,4.5932,1.4113,-2.2844,-2.0297,1.2025,0
-0.33025,4.5968,1.4179,-2.2841,-2.032,1.2181,0
-0.33178,4.6005,1.4244,-2.2838,-2.0341,1.2338,0
-0.33328,4.6043,1.4309,-2.2833,-2.0361,1.2495,0
-0.33475,4.6081,1.4372,-2.2827,-2.038,1.2653,0
-0.33618,4.6119,1.4435,-2.2821,-2.0398,1.2812,0
-0.33759,4.6159,1.4497,-2.2813,-2.0414,1.2971,0
-0.33897,4.6199,1.4558,-2.2805,-2.0429,1.313,0
-0.34033,4.6239,1.4618,-2.2796,-2.0443,1.329,0
-0.34165,4.6281,1.4677,-2.2786,-2.0455,1.3451,0
-0.34294,4.6323,1.4735,-2.2775,-2.0466,1.3612,0
-0.3442,4.6365,1.4792,-2.2764,-2.0476,1.3773,0
-0.34542,4.6408,1.4848,-2.2751,-2.0485,1.3934,0
-0.34662,4.6452,1.4903,-2.2738,-2.0492,1.4096,0
-0.34779,4.6497,1.4957,-2.2725,-2.0498,1.4258,0
-0.34893,4.6542,1.501,-2.2711,-2.0502,1.442,0
-0.35003,4.6588,1.5063,-2.2696,-2.0505,1.4582,0
-0.3511,4.6634,1.5114,-2.2681,-2.0507,1.4745,0
-0.35214,4.6682,1.5164,-2.2666,-2.0507,1.4907,0
-0.35315,4.673,1.5213,-2.265,-2.0506,1.507,0
-0.35413,4.6778,1.5262,-2.2633,-2.0504,1.5233,0
-0.35508,4.6827,1.5309,-2.2617,-2.05,1.5395,0
-0.35599,4.6877,1.5355,-2.26,-2.0495,1.5558,0
-0.35687,4.6928,1.54,-2.2582,-2.0488,1.572,0
-0.35772,4.6979,1.5445,-2.2565,-2.048,1.5882,0
-0.35854,4.7031,1.5488,-2.2547,-2.0471,1.6045,0
-0.35932,4.7084,1.553,-2.253,-2.046,1.6206,0
-0.36007,4.7138,1.5571,-2.2512,-2.0448,1.6368,0
-0.36079,4.7192,1.5611,-2.2494,-2.0434,1.6529,0
-0.36148,4.7247,1.565,-2.2477,-2.042,1.669,0
-0.36213,4.7302,1.5688,-2.2459,-2.0403,1.6851,0
-0.36276,4.7358,1.5725,-2.2441,-2.0386,1.7011,0
-0.36335,4.7415,1.5761,-2.2424,-2.0367,1.717,0
-0.3639,4.7473,1.5796,-2.2407,-2.0347,1.733,0
-0.36443,4.7531,1.583,-2.2389,-2.0325,1.7488,0
-0.36492,4.759,1.5863,-2.2373,-2.0303,1.7646,0
-0.36538,4.7649,1.5895,-2.2356,-2.0278,1.7804,0
-0.36581,4.771,1.5926,-2.234,-2.0253,1.7961,0
-0.36621,4.7771,1.5956,-2.2324,-2.0226,1.8117,0
-0.36658,4.7832,1.5984,-2.2308,-2.0199,1.8272,0
-0.36691,4.7894,1.6012,-2.2293,-2.017,1.8427,0
-0.36721,4.7957,1.6039,-2.2278,-2.0139,1.8581,0
-0.36748,4.8021,1.6064,-2.2264,-2.0108,1.8734,0
-0.36772,4.8085,1.6089,-2.225,-2.0075,1.8886,0
-0.36793,4.8149,1.6113,-2.2236,-2.0042,1.9038,0
-0.36811,4.8215,1.6135,-2.2223,-2.0007,1.9189,0
-0.36826,4.828,1.6157,-2.2211,-1.9971,1.9338,0
-0.36838,4.8347,1.6177,-2.2199,-1.9934,1.9487,0
-0.36847,4.8414,1.6197,-2.2188,-1.9896,1.9635,0
-0.36852,4.8481,1.6215,-2.2177,-1.9857,1.9782,0
-0.36855,4.8549,1.6233,-2.2167,-1.9816,1.9928,0
-0.36855,4.8618,1.6249,-2.2157,-1.9775,2.0073,0
-0.36852,4.8687,1.6264,-2.2149,-1.9733,2.0217,0
-0.36847,4.8757,1.6279,-2.214,-1.969,2.036,0
-0.36838,4.8827,1.6292,-2.2132,-1.9646,2.0502,0
-0.36827,4.8897,1.6305,-2.2125,-1.9602,2.0643,0
-0.36813,4.8968,1.6316,-2.2119,-1.9556,2.0783,0
-0.36796,4.9039,1.6326,-2.2113,-1.951,2.0921,0
-0.36776,4.9111,1.6336,-2.2108,-1.9463,2.1059,0
-0.36754,4.9183,1.6344,-2.2103,-1.9415,2.1195,0
-0.36729,4.9256,1.6352,-2.2099,-1.9366,2.133,0
-0.36702,4.9329,1.6358,-2.2096,-1.9317,2.1464,0
-0.36673,4.9402,1.6364,-2.2093,-1.9267,2.1597,0
-0.3664,4.9475,1.6368,-2.209,-1.9216,2.1729,0
-0.36606,4.9549,1.6372,-2.2089,-1.9165,2.186,0
-0.36569,4.9623,1.6375,-2.2088,-1.9113,2.1989,0
-0.3653,4.9697,1.6376,-2.2087,-1.906,2.2117,0
-0.36488,4.9772,1.6377,-2.2087,-1.9007,2.2244,0
-0.36444,4.9846,1.6377,-2.2088,-1.8954,2.237,0
-0.36399,4.9921,1.6376,-2.2089,-1.89,2.2495,0
-0.36351,4.9996,1.6374,-2.2091,-1.8845,2.2618,0
-0.36301,5.0071,1.6371,-2.2093,-1.8791,2.274,0
-0.36249,5.0147,1.6368,-2.2096,-1.8735,2.2861,0
-0.36195,5.0222,1.6363,-2.2099,-1.868,2.2981,0
-0.36139,5.0297,1.6358,-2.2102,-1.8624,2.3099,0
-0.36081,5.0373,1.6351,-2.2106,-1.8568,2.3217,0
-0.36022,5.0448,1.6344,-2.2111,-1.8511,2.3333,0
-0.35961,5.0523,1.6336,-2.2116,-1.8455,2.3448,0
-0.35898,5.0599,1.6327,-2.2121,-1.8398,2.3561,0
-0.35833,5.0674,1.6318,-2.2127,-1.8341,2.3673,0
-0.35767,5.0749,1.6307,-2.2133,-1.8284,2.3785,0
-0.357,5.0824,1.6296,-2.2139,-1.8227,2.3894,0
-0.35631,5.0899,1.6284,-2.2146,-1.8169,2.4003,0
-0.35561,5.0974,1.6272,-2.2153,-1.8112,2.411,0
-0.3549,5.1048,1.6258,-2.216,-1.8054,2.4216,0
-0.35417,5.1123,1.6244,-2.2168,-1.7997,2.4321,0
-0.35344,5.1197,1.623,-2.2176,-1.7939,2.4425,0
-0.35269,5.1271,1.6214,-2.2184,-1.7882,2.4527,0
-0.35193,5.1344,1.6198,-2.2192,-1.7825,2.4628,0
-0.35116,5.1418,1.6181,-2.2201,-1.7768,2.4728,0
-0.35039,5.149,1.6164,-2.2209,-1.7711,2.4826,0
-0.3496,5.1563,1.6146,-2.2218,-1.7654,2.4924,0
-0.34881,5.1635,1.6127,-2.2227,-1.7597,2.502,0
-0.34801,5.1707,1.6108,-2.2236,-1.7541,2.5114,0
-0.34721,5.1778,1.6089,-2.2246,-1.7484,2.5208,0
-0.3464,5.1849,1.6068,-2.2255,-1.7429,2.53,0
-0.34558,5.1919,1.6048,-2.2265,-1.7373,2.5391,0
-0.34476,5.1989,1.6027,-2.2274,-1.7318,2.5481,0
-0.34394,5.2058,1.6005,-2.2284,-1.7263,2.5569,0
-0.34311,5.2127,1.5983,-2.2294,-1.7208,2.5656,0
-0.34229,5.2195,1.5961,-2.2303,-1.7154,2.5742,0
-0.34146,5.2263,1.5938,-2.2313,-1.71,2.5827,0
-0.34063,5.233,1.5915,-2.2323,-1.7047,2.591,0
-0.3398,5.2396,1.5891,-2.2333,-1.6994,2.5992,0
-0.33897,5.2462,1.5867,-2.2342,-1.6941,2.6073,0
-0.33814,5.2526,1.5843,-2.2352,-1.6889,2.6152,0
-0.33731,5.2591,1.5819,-2.2362,-1.6838,2.623,0
-0.33649,5.2654,1.5795,-2.2372,-1.6787,2.6307,0
-0.33567,5.2717,1.577,-2.2381,-1.6737,2.6383,0
-0.33485,5.2778,1.5745,-2.2391,-1.6687,2.6457,0
-0.33404,5.284,1.572,-2.24,-1.6638,2.653,0
-0.33323,5.29,1.5695,-2.241,-1.659,2.6601,0
-0.33243,5.2959,1.567,-2.2419,-1.6542,2.6672,0
-0.33163,5.3017,1.5645,-2.2428,-1.6495,2.6741,0
-0.33085,5.3075,1.5619,-2.2437,-1.6449,2.6808,0
-0.33007,5.3132,1.5594,-2.2446,-1.6404,2.6874,0
-0.32929,5.3187,1.5569,-2.2455,-1.6359,2.6939,0
-0.32853,5.3242,1.5544,-2.2463,-1.6315,2.7003,0
-0.32778,5.3296,1.5519,-2.2472,-1.6272,2.7065,0
-0.32703,5.3348,1.5494,-2.248,-1.6229,2.7125,0
-0.3263,5.34,1.5469,-2.2489,-1.6187,2.7185,0
-0.32558,5.3451,1.5444,-2.2497,-1.6147,2.7243,0
-0.32486,5.35,1.542,-2.2504,-1.6107,2.7299,0
-0.32417,5.3549,1.5396,-2.2512,-1.6068,2.7354,0
-0.32348,5.3596,1.5372,-2.252,-1.603,2.7408,0
-0.32281,5.3642,1.5349,-2.2527,-1.5992,2.7461,0
-0.32215,5.3688,1.5325,-2.2534,-1.5956,2.7511,0
-0.32151,5.3731,1.5302,-2.2541,-1.5921,2.7561,0
-0.32088,5.3774,1.528,-2.2548,-1.5886,2.7609,0
-0.32026,5.3816,1.5258,-2.2555,-1.5853,2.7655,0
-0.31967,5.3856,1.5236,-2.2561,-1.582,2.77,0
-0.31909,5.3895,1.5215,-2.2567,-1.5789,2.7744,0
-0.31852,5.3933,1.5195,-2.2573,-1.5758,2.7786,0
-0.31798,5.3969,1.5174,-2.2579,-1.5729,2.7826,0
-0.31745,5.4005,1.5155,-2.2584,-1.5701,2.7865,0
-0.31694,5.4038,1.5136,-2.259,-1.5673,2.7903,0
-0.31645,5.4071,1.5118,-2.2595,-1.5647,2.7939,0
-0.31597,5.4102,1.51,-2.26,-1.5622,2.7973,0
-0.31552,5.4132,1.5083,-2.2605,-1.5598,2.8006,0
-0.31509,5.416,1.5067,-2.2609,-1.5575,2.8037,0
-0.31468,5.4187,1.5051,-2.2613,-1.5554,2.8067,0
-0.31429,5.4213,1.5036,-2.2617,-1.5533,2.8095,0
-0.31392,5.4237,1.5022,-2.2621,-1.5514,2.8121,0
-0.31357,5.426,1.5009,-2.2624,-1.5495,2.8146,0
-0.31324,5.4281,1.4996,-2.2628,-1.5478,2.8169,0
-0.31294,5.4301,1.4984,-2.2631,-1.5462,2.8191,0
-0.31266,5.4319,1.4973,-2.2634,-1.5448,2.8211,0
-0.3124,5.4336,1.4963,-2.2636,-1.5434,2.8229,0
-0.31216,5.4351,1.4954,-2.2639,-1.5422,2.8246,0
-0.31195,5.4365,1.4946,-2.2641,-1.5411,2.8261,0
-0.31177,5.4377,1.4939,-2.2643,-1.5401,2.8274,0
-0.3116,5.4388,1.4932,-2.2644,-1.5393,2.8285,0
-0.31146,5.4396,1.4927,-2.2646,-1.5386,2.8295,0
-0.31135,5.4404,1.4922,-2.2647,-1.538,2.8303,0
-0.31126,5.441,1.4919,-2.2648,-1.5375,2.8309,0
-0.3112,5.4414,1.4916,-2.2648,-1.5372,2.8314,0
-0.31116,5.4416,1.4915,-2.2649,-1.537,2.8316,0
-0.31115,5.4417,1.4914,-2.2649,-1.5369,2.8317,0
-0.31115,5.4417,1.4914,-2.2649,-1.5369,2.8317,0
-0.31115,5.4417,1.4914,-2.2649,-1.5369,2.8317,0
-0.31115,5.4417,1.4915,-2.2649,-1.5369,2.8317,0
-0.31115,5.4418,1.4915,-2.265,-1.5369,2.8317,0
-0.31115,5.4418,1.4915,-2.2651,-1.5369,2.8317,0
-0.31115,5.4419,1.4915,-2.2652,-1.5369,2.8317,0
-0.31115,5.442,1.4916,-2.2653,-1.5369,2.8317,0
-0.31115,5.4421,1.4916,-2.2655,-1.5369,2.8317,0
-0.31115,5.4423,1.4917,-2.2657,-1.5369,2.8317,0
-0.31115,5.4424,1.4917,-2.2659,-1.5369,2.8317,0
-0.31115,5.4426,1.4918,-2.2662,-1.5369,2.8317,0
-0.31115,5.4428,1.4919,-2.2664,-1.5369,2.8317,0
-0.31115,5.443,1.492,-2.2667,-1.5369,2.8317,0
-0.31115,5.4432,1.4921,-2.267,-1.5369,2.8317,0
-0.31115,5.4434,1.4922,-2.2673,-1.5369,2.8317,0
-0.31115,5.4437,1.4923,-2.2677,-1.5369,2.8317,0
-0.31115,5.444,1.4924,-2.2681,-1.5369,2.8317,0
-0.31115,5.4442,1.4925,-2.2685,-1.5369,2.8317,0
-0.31115,5.4445,1.4926,-2.2689,-1.5369,2.8317,0
-0.31115,5.4449,1.4927,-2.2693,-1.5369,2.8317,0
-0.31115,5.4452,1.4929,-2.2698,-1.5369,2.8317,0
-0.31115,5.4455,1.493,-2.2703,-1.5369,2.8317,0
-0.31115,5.4459,1.4931,-2.2708,-1.5369,2.8317,0
-0.31115,5.4463,1.4933,-2.2713,-1.5369,2.8317,0
-0.31115,5.4467,1.4934,-2.2718,-1.5369,2.8317,0
-0.31115,5.4471,1.4936,-2.2724,-1.5369,2.8317,0
-0.31115,5.4475,1.4938,-2.273,-1.5369,2.8317,0
-0.31115,5.4479,1.4939,-2.2736,-1.5369,2.8317,0
-0.31115,5.4484,1.4941,-2.2742,-1.5369,2.8317,0
-0.31115,5.4488,1.4943,-2.2749,-1.5369,2.8317,0
-0.31115,5.4493,1.4945,-2.2755,-1.5369,2.8317,0
-0.31115,5.4498,1.4947,-2.2762,-1.5369,2.8317,0
-0.31115,5.4503,1.4948,-2.2769,-1.5369,2.8317,0
-0.31115,5.4508,1.495,-2.2776,-1.5369,2.8317,0
-0.31115,5.4513,1.4952,-2.2783,-1.5369,2.8317,0
-0.31115,5.4519,1.4954,-2.2791,-1.5369,2.8317,0
-0.31115,5.4524,1.4956,-2.2798,-1.5369,2.8317,0
-0.31115,5.453,1.4959,-2.2806,-1.5369,2.8317,0
-0.31115,5.4536,1.4961,-2.2814,-1.5369,2.8317,0
-0.31115,5.4542,1.4963,-2.2822,-1.5369,2.8317,0
-0.31115,5.4548,1.4965,-2.283,-1.5369,2.8317,0
-0.31115,5.4554,1.4967,-2.2839,-1.5369,2.8317,0
-0.31115,5.456,1.497,-2.2847,-1.5369,2.8317,0
-0.31115,5.4567,1.4972,-2.2856,-1.5369,2.8317,0
-0.31115,5.4573,1.4974,-2.2865,-1.5369,2.8317,0
-0.31115,5.458,1.4977,-2.2874,-1.5369,2.8317,0
-0.31115,5.4587,1.4979,-2.2883,-1.5369,2.8317,0
-0.31115,5.4593,1.4981,-2.2892,-1.5369,2.8317,0
-0.31115,5.46,1.4984,-2.2902,-1.5369,2.8317,0
-0.31115,5.4607,1.4986,-2.2911,-1.5369,2.8317,0
-0.31115,5.4615,1.4989,-2.2921,-1.5369,2.8317,0
-0.31115,5.4622,1.4991,-2.293,-1.5369,2.8317,0
-0.31115,5.4629,1.4994,-2.294,-1.5369,2.8317,0
-0.31115,5.4637,1.4996,-2.295,-1.5369,2.8317,0
-0.31115,5.4644,1.4999,-2.296,-1.5369,2.8317,0
-0.31115,5.4652,1.5001,-2.2971,-1.5369,2.8317,0
-0.31115,5.466,1.5004,-2.2981,-1.5369,2.8317,0
-0.31115,5.4668,1.5006,-2.2991,-1.5369,2.8317,0
-0.31115,5.4676,1.5009,-2.3002,-1.5369,2.8317,0
-0.31115,5.4684,1.5011,-2.3013,-1.5369,2.8317,0
-0.31115,5.4692,1.5014,-2.3023,-1.5369,2.8317,0
-0.31115,5.47,1.5016,-2.3034,-1.5369,2.8317,0
-0.31115,5.4709,1.5019,-2.3045,-1.5369,2.8317,0
-0.31115,5.4717,1.5022,-2.3056,-1.5369,2.8317,0
-0.31115,5.4726,1.5024,-2.3067,-1.5369,2.8317,0
-0.31115,5.4734,1.5027,-2.3078,-1.5369,2.8317,0
-0.31115,5.4743,1.5029,-2.309,-1.5369,2.8317,0
-0.31115,5.4752,1.5032,-2.3101,-1.5369,2.8317,0
-0.31115,5.476,1.5035,-2.3112,-1.5369,2.8317,0
-0.31115,5.4769,1.5037,-2.3124,-1.5369,2.8317,0
-0.31115,5.4778,1.504,-2.3135,-1.5369,2.8317,0
-0.31115,5.4787,1.5042,-2.3147,-1.5369,2.8317,0
-0.31115,5.4796,1.5045,-2.3159,-1.5369,2.8317,0
-0.31115,5.4806,1.5047,-2.317,-1.5369,2.8317,0
-0.31115,5.4815,1.505,-2.3182,-1.5369,2.8317,0
-0.31115,5.4824,1.5053,-2.3194,-1.5369,2.8317,0
-0.31115,5.4834,1.5055,-2.3206,-1.5369,2.8317,0
-0.31115,5.4843,1.5058,-2.3218,-1.5369,2.8317,0
-0.31115,5.4852,1.506,-2.323,-1.5369,2.8317,0
-0.31115,5.4862,1.5063,-2.3242,-1.5369,2.8317,0
-0.31115,5.4872,1.5065,-2.3254,-1.5369,2.8317,0
-0.31115,5.4881,1.5068,-2.3266,-1.5369,2.8317,0
-0.31115,5.4891,1.507,-2.3278,-1.5369,2.8317,0
-0.31115,5.4901,1.5072,-2.3291,-1.5369,2.8317,0
-0.31115,5.4911,1.5075,-2.3303,-1.5369,2.8317,0
-0.31115,5.492,1.5077,-2.3315,-1.5369,2.8317,0
-0.31115,5.493,1.508,-2.3327,-1.5369,2.8317,0
-0.31115,5.494,1.5082,-2.334,-1.5369,2.8317,0
-0.31115,5.495,1.5084,-2.3352,-1.5369,2.8317,0
-0.31115,5.496,1.5087,-2.3364,-1.5369,2.8317,0
-0.31115,5.497,1.5089,-2.3377,-1.5369,2.8317,0
-0.31115,5.498,1.5091,-2.3389,-1.5369,2.8317,0
-0.31115,5.4991,1.5093,-2.3401,-1.5369,2.8317,0
-0.31115,5.5001,1.5096,-2.3414,-1.5369,2.8317,0
-0.31115,5.5011,1.5098,-2.3426,-1.5369,2.8317,0
-0.31115,5.5021,1.51,-2.3439,-1.5369,2.8317,0
-0.31115,5.5031,1.5102,-2.3451,-1.5369,2.8317,0
-0.31115,5.5042,1.5104,-2.3463,-1.5369,2.8317,0
-0.31115,5.5052,1.5106,-2.3476,-1.5369,2.8317,0
-0.31115,5.5062,1.5109,-2.3488,-1.5369,2.8317,0
-0.31115,5.5072,1.5111,-2.35,-1.5369,2.8317,0
-0.31115,5.5083,1.5113,-2.3513,-1.5369,2.8317,0
-0.31115,5.5093,1.5115,-2.3525,-1.5369,2.8317,0
-0.31115,5.5103,1.5117,-2.3537,-1.5369,2.8317,0
-0.31115,5.5114,1.5119,-2.355,-1.5369,2.8317,0
-0.31115,5.5124,1.512,-2.3562,-1.5369,2.8317,0
-0.31115,5.5135,1.5122,-2.3574,-1.5369,2.8317,0
-0.31115,5.5145,1.5124,-2.3587,-1.5369,2.8317,0
-0.31115,5.5155,1.5126,-2.3599,-1.5369,2.8317,0
-0.31115,5.5166,1.5128,-2.3611,-1.5369,2.8317,0
-0.31115,5.5176,1.513,-2.3623,-1.5369,2.8317,0
-0.31115,5.5186,1.5131,-2.3635,-1.5369,2.8317,0
-0.31115,5.5197,1.5133,-2.3647,-1.5369,2.8317,0
-0.31115,5.5207,1.5135,-2.3659,-1.5369,2.8317,0
-0.31115,5.5217,1.5136,-2.3671,-1.5369,2.8317,0
-0.31115,5.5228,1.5138,-2.3683,-1.5369,2.8317,0
-0.31115,5.5238,1.514,-2.3695,-1.5369,2.8317,0
-0.31115,5.5248,1.5141,-2.3707,-1.5369,2.8317,0
-0.31115,5.5258,1.5143,-2.3718,-1.5369,2.8317,0
-0.31115,5.5269,1.5144,-2.373,-1.5369,2.8317,0
-0.31115,5.5279,1.5146,-2.3742,-1.5369,2.8317,0
-0.31115,5.5289,1.5147,-2.3753,-1.5369,2.8317,0
-0.31115,5.5299,1.5148,-2.3765,-1.5369,2.8317,0
-0.31115,5.5309,1.515,-2.3776,-1.5369,2.8317,0
-0.31115,5.5319,1.5151,-2.3788,-1.5369,2.8317,0
-0.31115,5.5329,1.5152,-2.3799,-1.5369,2.8317,0
-0.31115,5.5339,1.5154,-2.381,-1.5369,2.8317,0
-0.31115,5.5349,1.5155,-2.3821,-1.5369,2.8317,0
-0.31115,5.5359,1.5156,-2.3833,-1.5369,2.8317,0
-0.31115,5.5369,1.5157,-2.3844,-1.5369,2.8317,0
-0.31115,5.5379,1.5158,-2.3854,-1.5369,2.8317,0
-0.31115,5.5388,1.516,-2.3865,-1.5369,2.8317,0
-0.31115,5.5398,1.5161,-2.3876,-1.5369,2.8317,0
-0.31115,5.5408,1.5162,-2.3887,-1.5369,2.8317,0
-0.31115,5.5417,1.5163,-2.3897,-1.5369,2.8317,0
-0.31115,5.5427,1.5164,-2.3908,-1.5369,2.8317,0
-0.31115,5.5436,1.5165,-2.3918,-1.5369,2.8317,0
-0.31115,5.5445,1.5166,-2.3929,-1.5369,2.8317,0
-0.31115,5.5455,1.5167,-2.3939,-1.5369,2.8317,0
-0.31115,5.5464,1.5168,-2.3949,-1.5369,2.8317,0
-0.31115,5.5473,1.5168,-2.3959,-1.5369,2.8317,0
-0.31115,5.5482,1.5169,-2.3969,-1.5369,2.8317,0
-0.31115,5.5491,1.517,-2.3978,-1.5369,2.8317,0
-0.31115,5.55,1.5171,-2.3988,-1.5369,2.8317,0
-0.31115,5.5509,1.5172,-2.3998,-1.5369,2.8317,0
-0.31115,5.5517,1.5172,-2.4007,-1.5369,2.8317,0
-0.31115,5.5526,1.5173,-2.4017,-1.5369,2.8317,0
-0.31115,5.5535,1.5174,-2.4026,-1.5369,2.8317,0
-0.31115,5.5543,1.5174,-2.4035,-1.5369,2.8317,0
-0.31115,5.5551,1.5175,-2.4044,-1.5369,2.8317,0
-0.31115,5.556,1.5176,-2.4053,-1.5369,2.8317,0
-0.31115,5.5568,1.5176,-2.4061,-1.5369,2.8317,0
-0.31115,5.5576,1.5177,-2.407,-1.5369,2.8317,0
-0.31115,5.5584,1.5177,-2.4078,-1.5369,2.8317,0
-0.31115,5.5592,1.5178,-2.4087,-1.5369,2.8317,0
-0.31115,5.5599,1.5178,-2.4095,-1.5369,2.8317,0
-0.31115,5.5607,1.5179,-2.4103,-1.5369,2.8317,0
-0.31115,5.5614,1.5179,-2.4111,-1.5369,2.8317,0
-0.31115,5.5622,1.518,-2.4119,-1.5369,2.8317,0
-0.31115,5.5629,1.518,-2.4127,-1.5369,2.8317,0
-0.31115,5.5636,1.518,-2.4134,-1.5369,2.8317,0
-0.31115,5.5643,1.5181,-2.4141,-1.5369,2.8317,0
-0.31115,5.565,1.5181,-2.4149,-1.5369,2.8317,0
-0.31115,5.5657,1.5182,-2.4156,-1.5369,2.8317,0
-0.31115,5.5663,1.5182,-2.4163,-1.5369,2.8317,0
-0.31115,5.567,1.5182,-2.4169,-1.5369,2.8317,0
-0.31115,5.5676,1.5182,-2.4176,-1.5369,2.8317,0
-0.31115,5.5682,1.5183,-2.4182,-1.5369,2.8317,0
-0.31115,5.5688,1.5183,-2.4189,-1.5369,2.8317,0
-0.31115,5.5694,1.5183,-2.4195,-1.5369,2.8317,0
-0.31115,5.57,1.5183,-2.4201,-1.5369,2.8317,0
-0.31115,5.5705,1.5184,-2.4207,-1.5369,2.8317,0
-0.31115,5.5711,1.5184,-2.4212,-1.5369,2.8317,0
-0.31115,5.5716,1.5184,-2.4218,-1.5369,2.8317,0
-0.31115,5.5721,1.5184,-2.4223,-1.5369,2.8317,0
-0.31115,5.5726,1.5184,-2.4228,-1.5369,2.8317,0
-0.31115,5.5731,1.5185,-2.4233,-1.5369,2.8317,0
-0.31115,5.5736,1.5185,-2.4238,-1.5369,2.8317,0
-0.31115,5.574,1.5185,-2.4242,-1.5369,2.8317,0
-0.31115,5.5744,1.5185,-2.4247,-1.5369,2.8317,0
-0.31115,5.5748,1.5185,-2.4251,-1.5369,2.8317,0
-0.31115,5.5752,1.5185,-2.4255,-1.5369,2.8317,0
-0.31115,5.5756,1.5185,-2.4259,-1.5369,2.8317,0
-0.31115,5.576,1.5185,-2.4263,-1.5369,2.8317,0
-0.31115,5.5763,1.5186,-2.4266,-1.5369,2.8317,0
-0.31115,5.5766,1.5186,-2.4269,-1.5369,2.8317,0
-0.31115,5.5769,1.5186,-2.4272,-1.5369,2.8317,0
-0.31115,5.5772,1.5186,-2.4275,-1.5369,2.8317,0
-0.31115,5.5775,1.5186,-2.4278,-1.5369,2.8317,0
-0.31115,5.5777,1.5186,-2.428,-1.5369,2.8317,0
-0.31115,5.5779,1.5186,-2.4283,-1.5369,2.8317,0
-0.31115,5.5781,1.5186,-2.4285,-1.5369,2.8317,0
-0.31115,5.5783,1.5186,-2.4287,-1.5369,2.8317,0
-0.31115,5.5785,1.5186,-2.4288,-1.5369,2.8317,0
-0.31115,5.5786,1.5186,-2.429,-1.5369,2.8317,0
-0.31115,5.5787,1.5186,-2.4291,-1.5369,2.8317,0
-0.31115,5.5788,1.5186,-2.4292,-1.5369,2.8317,0
-0.31115,5.5789,1.5186,-2.4293,-1.5369,2.8317,0
-0.31115,5.579,1.5186,-2.4293,-1.5369,2.8317,0
-0.31115,5.579,1.5186,-2.4294,-1.5369,2.8317,0
-0.31115,5.579,1.5186,-2.4294,-1.5369,2.8317,0
-0.31115,5.579,1.5186,-2.4294,-1.5369,2.8317,1
-0.31115,5.579,1.5186,-2.4294,-1.5369,2.8317,1
-0.31115,5.579,1.5186,-2.4293,-1.5369,2.8317,1
-0.31115,5.5789,1.5186,-2.4293,-1.5369,2.8317,1
-0.31115,5.5788,1.5186,-2.4292,-1.5369,2.8317,1
-0.31115,5.5787,1.5186,-2.4291,-1.5369,2.8317,1
-0.31115,5.5786,1.5186,-2.429,-1.5369,2.8317,1
-0.31115,5.5785,1.5186,-2.4288,-1.5369,2.8317,1
-0.31115,5.5783,1.5186,-2.4287,-1.5369,2.8317,1
-0.31115,5.5781,1.5186,-2.4285,-1.5369,2.8317,1
-0.31115,5.5779,1.5186,-2.4283,-1.5369,2.8317,1
-0.31115,5.5777,1.5186,-2.428,-1.5369,2.8317,1
-0.31115,5.5775,1.5186,-2.4278,-1.5369,2.8317,1
-0.31115,5.5772,1.5186,-2.4275,-1.5369,2.8317,1
-0.31115,5.5769,1.5186,-2.4272,-1.5369,2.8317,1
-0.31115,5.5766,1.5186,-2.4269,-1.5369,2.8317,1
-0.31115,5.5763,1.5186,-2.4266,-1.5369,2.8317,1
-0.31115,5.576,1.5186,-2.4263,-1.5369,2.8317,1
-0.31115,5.5756,1.5185,-2.4259,-1.5369,2.8317,1
-0.31115,5.5752,1.5185,-2.4255,-1.5369,2.8317,1
-0.31115,5.5748,1.5185,-2.4251,-1.5369,2.8317,1
-0.31115,5.5744,1.5185,-2.4247,-1.5369,2.8317,1
-0.31115,5.574,1.5185,-2.4242,-1.5369,2.8317,1
-0.31115,5.5736,1.5185,-2.4238,-1.5369,2.8317,1
-0.31115,5.5731,1.5185,-2.4233,-1.5369,2.8317,1
-0.31115,5.5726,1.5185,-2.4228,-1.5369,2.8317,1
-0.31115,5.5721,1.5184,-2.4223,-1.5369,2.8317,1
-0.31115,5.5716,1.5184,-2.4218,-1.5369,2.8317,1
-0.31115,5.5711,1.5184,-2.4212,-1.5369,2.8317,1
-0.31115,5.5705,1.5184,-2.4207,-1.5369,2.8317,1
-0.31115,5.57,1.5184,-2.4201,-1.5369,2.8317,1
-0.31115,5.5694,1.5183,-2.4195,-1.5369,2.8317,1
-0.31115,5.5688,1.5183,-2.4189,-1.5369,2.8317,1
-0.31115,5.5682,1.5183,-2.4182,-1.5369,2.8317,1
-0.31115,5.5676,1.5183,-2.4176,-1.5369,2.8317,1
-0.31115,5.567,1.5182,-2.4169,-1.5369,2.8317,1
-0.31115,5.5663,1.5182,-2.4163,-1.5369,2.8317,1
-0.31115,5.5657,1.5182,-2.4156,-1.5369,2.8317,1
-0.31115,5.565,1.5181,-2.4149,-1.5369,2.8317,1
-0.31115,5.5643,1.5181,-2.4141,-1.5369,2.8317,1
-0.31115,5.5636,1.5181,-2.4134,-1.5369,2.8317,1
-0.31115,5.5629,1.518,-2.4127,-1.5369,2.8317,1
-0.31115,5.5622,1.518,-2.4119,-1.5369,2.8317,1
-0.31115,5.5614,1.5179,-2.4111,-1.5369,2.8317,1
-0.31115,5.5607,1.5179,-2.4103,-1.5369,2.8317,1
-0.31115,5.5599,1.5179,-2.4095,-1.5369,2.8317,1
-0.31115,5.5592,1.5178,-2.4087,-1.5369,2.8317,1
-0.31115,5.5584,1.5178,-2.4079,-1.5369,2.8317,1
-0.31115,5.5576,1.5177,-2.407,-1.5369,2.8317,1
-0.31115,5.5568,1.5176,-2.4062,-1.5369,2.8317,1
-0.31115,5.556,1.5176,-2.4053,-1.5369,2.8317,1
-0.31115,5.5551,1.5175,-2.4044,-1.5369,2.8317,1
-0.31115,5.5543,1.5175,-2.4035,-1.5369,2.8317,1
-0.31115,5.5534,1.5174,-2.4026,-1.5369,2.8317,1
-0.31115,5.5526,1.5173,-2.4017,-1.5369,2.8317,1
-0.31115,5.5517,1.5173,-2.4007,-1.5369,2.8317,1
-0.31115,5.5509,1.5172,-2.3998,-1.5369,2.8317,1
-0.31115,5.55,1.5171,-2.3988,-1.5369,2.8317,1
-0.31115,5.5491,1.517,-2.3979,-1.5369,2.8317,1
-0.31115,5.5482,1.517,-2.3969,-1.5369,2.8317,1
-0.31115,5.5473,1.5169,-2.3959,-1.5369,2.8317,1
-0.31115,5.5464,1.5168,-2.3949,-1.5369,2.8317,1
-0.31115,5.5454,1.5167,-2.3939,-1.5369,2.8317,1
-0.31115,5.5445,1.5166,-2.3929,-1.5369,2.8317,1
-0.31115,5.5436,1.5165,-2.3918,-1.5369,2.8317,1
-0.31115,5.5426,1.5164,-2.3908,-1.5369,2.8317,1
-0.31115,5.5417,1.5163,-2.3898,-1.5369,2.8317,1
-0.31115,5.5407,1.5162,-2.3887,-1.5369,2.8317,1
-0.31115,5.5398,1.5161,-2.3876,-1.5369,2.8317,1
-0.31115,5.5388,1.516,-2.3866,-1.5369,2.8317,1
-0.31115,5.5378,1.5159,-2.3855,-1.5369,2.8317,1
-0.31115,5.5368,1.5158,-2.3844,-1.5369,2.8317,1
-0.31115,5.5359,1.5157,-2.3833,-1.5369,2.8317,1
-0.31115,5.5349,1.5156,-2.3822,-1.5369,2.8317,1
-0.31115,5.5339,1.5154,-2.3811,-1.5369,2.8317,1
-0.31115,5.5329,1.5153,-2.3799,-1.5369,2.8317,1
-0.31115,5.5319,1.5152,-2.3788,-1.5369,2.8317,1
-0.31115,5.5309,1.5151,-2.3777,-1.5369,2.8317,1
-0.31115,5.5299,1.5149,-2.3765,-1.5369,2.8317,1
-0.31115,5.5289,1.5148,-2.3754,-1.5369,2.8317,1
-0.31115,5.5278,1.5147,-2.3742,-1.5369,2.8317,1
-0.31115,5.5268,1.5145,-2.3731,-1.5369,2.8317,1
-0.31115,5.5258,1.5144,-2.3719,-1.5369,2.8317,1
-0.31115,5.5248,1.5142,-2.3707,-1.5369,2.8317,1
-0.31115,5.5237,1.5141,-2.3695,-1.5369,2.8317,1
-0.31115,5.5227,1.5139,-2.3684,-1.5369,2.8317,1
-0.31115,5.5217,1.5137,-2.3672,-1.5369,2.8317,1
-0.31115,5.5206,1.5136,-2.366,-1.5369,2.8317,1
-0.31115,5.5196,1.5134,-2.3648,-1.5369,2.8317,1
-0.31115,5.5186,1.5132,-2.3636,-1.5369,2.8317,1
-0.31115,5.5175,1.5131,-2.3624,-1.5369,2.8317,1
-0.31115,5.5165,1.5129,-2.3611,-1.5369,2.8317,1
-0.31115,5.5155,1.5127,-2.3599,-1.5369,2.8317,1
-0.31115,5.5144,1.5125,-2.3587,-1.5369,2.8317,1
-0.31115,5.5134,1.5124,-2.3575,-1.5369,2.8317,1
-0.31115,5.5124,1.5122,-2.3563,-1.5369,2.8317,1
-0.31115,5.5113,1.512,-2.355,-1.5369,2.8317,1
-0.31115,5.5103,1.5118,-2.3538,-1.5369,2.8317,1
-0.31115,5.5092,1.5116,-2.3526,-1.5369,2.8317,1
-0.31115,5.5082,1.5114,-2.3514,-1.5369,2.8317,1
-0.31115,5.5072,1.5112,-2.3501,-1.5369,2.8317,1
-0.31115,5.5061,1.511,-2.3489,-1.5369,2.8317,1
-0.31115,5.5051,1.5108,-2.3476,-1.5369,2.8317,1
-0.31115,5.5041,1.5106,-2.3464,-1.5369,2.8317,1
-0.31115,5.5031,1.5104,-2.3452,-1.5369,2.8317,1
-0.31115,5.502,1.5102,-2.3439,-1.5369,2.8317,1
-0.31115,5.501,1.5099,-2.3427,-1.5369,2.8317,1
-0.31115,5.5,1.5097,-2.3415,-1.5369,2.8317,1
-0.31115,5.499,1.5095,-2.3402,-1.5369,2.8317,1
-0.31115,5.498,1.5093,-2.339,-1.5369,2.8317,1
-0.31115,5.4969,1.5091,-2.3377,-1.5369,2.8317,1
-0.31115,5.4959,1.5088,-2.3365,-1.5369,2.8317,1
-0.31115,5.4949,1.5086,-2.3353,-1.5369,2.8317,1
-0.31115,5.4939,1.5084,-2.3341,-1.5369,2.8317,1
-0.31115,5.4929,1.5081,-2.3328,-1.5369,2.8317,1
-0.31115,5.4919,1.5079,-2.3316,-1.5369,2.8317,1
-0.31115,5.491,1.5077,-2.3304,-1.5369,2.8317,1
-0.31115,5.49,1.5074,-2.3291,-1.5369,2.8317,1
-0.31115,5.489,1.5072,-2.3279,-1.5369,2.8317,1
-0.31115,5.488,1.5069,-2.3267,-1.5369,2.8317,1
-0.31115,5.4871,1.5067,-2.3255,-1.5369,2.8317,1
-0.31115,5.4861,1.5065,-2.3243,-1.5369,2.8317,1
-0.31115,5.4851,1.5062,-2.3231,-1.5369,2.8317,1
-0.31115,5.4842,1.506,-2.3219,-1.5369,2.8317,1
-0.31115,5.4832,1.5057,-2.3207,-1.5369,2.8317,1
-0.31115,5.4823,1.5055,-2.3195,-1.5369,2.8317,1
-0.31115,5.4814,1.5052,-2.3183,-1.5369,2.8317,1
-0.31115,5.4804,1.505,-2.3171,-1.5369,2.8317,1
-0.31115,5.4795,1.5047,-2.316,-1.5369,2.8317,1
-0.31115,5.4786,1.5045,-2.3148,-1.5369,2.8317,1
-0.31115,5.4777,1.5042,-2.3136,-1.5369,2.8317,1
-0.31115,5.4768,1.5039,-2.3125,-1.5369,2.8317,1
-0.31115,5.4759,1.5037,-2.3113,-1.5369,2.8317,1
-0.31115,5.475,1.5034,-2.3102,-1.5369,2.8317,1
-0.31115,5.4742,1.5032,-2.3091,-1.5369,2.8317,1
-0.31115,5.4733,1.5029,-2.3079,-1.5369,2.8317,1
-0.31115,5.4724,1.5027,-2.3068,-1.5369,2.8317,1
-0.31115,5.4716,1.5024,-2.3057,-1.5369,2.8317,1
-0.31115,5.4707,1.5021,-2.3046,-1.5369,2.8317,1
-0.31115,5.4699,1.5019,-2.3035,-1.5369,2.8317,1
-0.31115,5.4691,1.5016,-2.3024,-1.5369,2.8317,1
-0.31115,5.4683,1.5014,-2.3014,-1.5369,2.8317,1
-0.31115,5.4674,1.5011,-2.3003,-1.5369,2.8317,1
-0.31115,5.4666,1.5009,-2.2993,-1.5369,2.8317,1
-0.31115,5.4659,1.5006,-2.2982,-1.5369,2.8317,1
-0.31115,5.4651,1.5004,-2.2972,-1.5369,2.8317,1
-0.31115,5.4643,1.5001,-2.2962,-1.5369,2.8317,1
-0.31115,5.4635,1.4999,-2.2952,-1.5369,2.8317,1
-0.31115,5.4628,1.4996,-2.2942,-1.5369,2.8317,1
-0.31115,5.4621,1.4994,-2.2932,-1.5369,2.8317,1
-0.31115,5.4613,1.4991,-2.2922,-1.5369,2.8317,1
-0.31115,5.4606,1.4989,-2.2912,-1.5369,2.8317,1
-0.31115,5.4599,1.4986,-2.2903,-1.5369,2.8317,1
-0.31115,5.4592,1.4984,-2.2893,-1.5369,2.8317,1
-0.31115,5.4585,1.4982,-2.2884,-1.5369,2.8317,1
-0.31115,5.4578,1.4979,-2.2875,-1.5369,2.8317,1
-0.31115,5.4572,1.4977,-2.2866,-1.5369,2.8317,1
-0.31115,5.4565,1.4975,-2.2857,-1.5369,2.8317,1
-0.31115,5.4559,1.4972,-2.2849,-1.5369,2.8317,1
-0.31115,5.4553,1.497,-2.284,-1.5369,2.8317,1
-0.31115,5.4546,1.4968,-2.2832,-1.5369,2.8317,1
-0.31115,5.454,1.4966,-2.2823,-1.5369,2.8317,1
-0.31115,5.4534,1.4963,-2.2815,-1.5369,2.8317,1
-0.31115,5.4529,1.4961,-2.2807,-1.5369,2.8317,1
-0.31115,5.4523,1.4959,-2.28,-1.5369,2.8317,1
-0.31115,5.4517,1.4957,-2.2792,-1.5369,2.8317,1
-0.31115,5.4512,1.4955,-2.2784,-1.5369,2.8317,1
-0.31115,5.4507,1.4953,-2.2777,-1.5369,2.8317,1
-0.31115,5.4501,1.4951,-2.277,-1.5369,2.8317,1
-0.31115,5.4496,1.4949,-2.2763,-1.5369,2.8317,1
-0.31115,5.4492,1.4947,-2.2756,-1.5369,2.8317,1
-0.31115,5.4487,1.4946,-2.275,-1.5369,2.8317,1
-0.31115,5.4482,1.4944,-2.2743,-1.5369,2.8317,1
-0.31115,5.4478,1.4942,-2.2737,-1.5369,2.8317,1
-0.31115,5.4473,1.494,-2.2731,-1.5369,2.8317,1
-0.31115,5.4469,1.4939,-2.2725,-1.5369,2.8317,1
-0.31115,5.4465,1.4937,-2.272,-1.5369,2.8317,1
-0.31115,5.4461,1.4936,-2.2714,-1.5369,2.8317,1
-0.31115,5.4457,1.4934,-2.2709,-1.5369,2.8317,1
-0.31115,5.4454,1.4933,-2.2704,-1.5369,2.8317,1
-0.31115,5.445,1.4931,-2.2699,-1.5369,2.8317,1
-0.31115,5.4447,1.493,-2.2695,-1.5369,2.8317,1
-0.31115,5.4444,1.4929,-2.269,-1.5369,2.8317,1
-0.31115,5.4441,1.4928,-2.2686,-1.5369,2.8317,1
-0.31115,5.4438,1.4927,-2.2682,-1.5369,2.8317,1
-0.31115,5.4435,1.4925,-2.2678,-1.5369,2.8317,1
-0.31115,5.4433,1.4924,-2.2675,-1.5369,2.8317,1
-0.31115,5.443,1.4923,-2.2671,-1.5369,2.8317,1
-0.31115,5.4428,1.4923,-2.2668,-1.5369,2.8317,1
-0.31115,5.4426,1.4922,-2.2665,-1.5369,2.8317,1
-0.31115,5.4424,1.4921,-2.2663,-1.5369,2.8317,1
-0.31115,5.4423,1.492,-2.266,-1.5369,2.8317,1
-0.31115,5.4421,1.492,-2.2658,-1.5369,2.8317,1
-0.31115,5.442,1.4919,-2.2656,-1.5369,2.8317,1
-0.31115,5.4419,1.4919,-2.2655,-1.5369,2.8317,1
-0.31115,5.4418,1.4918,-2.2653,-1.5369,2.8317,1
-0.31115,5.4417,1.4918,-2.2652,-1.5369,2.8317,1
-0.31115,5.4416,1.4918,-2.2651,-1.5369,2.8317,1
-0.31115,5.4416,1.4917,-2.2651,-1.5369,2.8317,1
-0.31115,5.4415,1.4917,-2.265,-1.5369,2.8317,1
-0.31115,5.4415,1.4917,-2.265,-1.5369,2.8317,1
-0.31115,5.4415,1.4917,-2.265,-1.5369,2.8317,1
-0.31113,5.4415,1.4917,-2.265,-1.5369,2.8317,1
-0.31108,5.4415,1.4917,-2.265,-1.5369,2.8317,1
-0.31099,5.4415,1.4918,-2.265,-1.5369,2.8317,1
-0.31087,5.4415,1.4918,-2.265,-1.5369,2.8317,1
-0.31071,5.4415,1.4918,-2.265,-1.5369,2.8317,1
-0.31052,5.4415,1.4918,-2.2651,-1.5369,2.8317,1
-0.3103,5.4415,1.4919,-2.2651,-1.5369,2.8316,1
-0.31004,5.4414,1.4919,-2.2651,-1.5369,2.8316,1
-0.30975,5.4414,1.492,-2.2651,-1.5369,2.8316,1
-0.30943,5.4414,1.492,-2.2652,-1.5369,2.8316,1
-0.30907,5.4413,1.4921,-2.2652,-1.5369,2.8315,1
-0.30868,5.4413,1.4922,-2.2652,-1.5369,2.8315,1
-0.30825,5.4413,1.4923,-2.2653,-1.5369,2.8315,1
-0.30779,5.4412,1.4923,-2.2653,-1.5369,2.8314,1
-0.3073,5.4412,1.4924,-2.2653,-1.5369,2.8314,1
-0.30678,5.4411,1.4925,-2.2654,-1.5369,2.8314,1
-0.30622,5.4411,1.4926,-2.2654,-1.5369,2.8313,1
-0.30563,5.441,1.4927,-2.2655,-1.5369,2.8313,1
-0.30501,5.441,1.4928,-2.2655,-1.5369,2.8312,1
-0.30436,5.4409,1.493,-2.2656,-1.5369,2.8312,1
-0.30367,5.4408,1.4931,-2.2656,-1.5369,2.8311,1
-0.30296,5.4408,1.4932,-2.2657,-1.5369,2.831,1
-0.30221,5.4407,1.4933,-2.2658,-1.5369,2.831,1
-0.30143,5.4406,1.4935,-2.2658,-1.5369,2.8309,1
-0.30062,5.4406,1.4936,-2.2659,-1.5369,2.8309,1
-0.29977,5.4405,1.4938,-2.266,-1.5369,2.8308,1
-0.2989,5.4404,1.4939,-2.2661,-1.5369,2.8307,1
-0.29799,5.4403,1.4941,-2.2661,-1.5369,2.8306,1
-0.29705,5.4402,1.4943,-2.2662,-1.5369,2.8306,1
-0.29608,5.4401,1.4945,-2.2663,-1.5369,2.8305,1
-0.29509,5.44,1.4946,-2.2664,-1.5369,2.8304,1
-0.29406,5.4399,1.4948,-2.2665,-1.5369,2.8303,1
-0.293,5.4398,1.495,-2.2666,-1.5369,2.8302,1
-0.29191,5.4397,1.4952,-2.2667,-1.5369,2.8302,1
-0.29079,5.4396,1.4954,-2.2667,-1.5369,2.8301,1
-0.28964,5.4395,1.4956,-2.2668,-1.5369,2.83,1
-0.28846,5.4394,1.4959,-2.267,-1.5368,2.8299,1
-0.28725,5.4393,1.4961,-2.2671,-1.5368,2.8298,1
-0.28601,5.4392,1.4963,-2.2672,-1.5368,2.8297,1
-0.28474,5.4391,1.4965,-2.2673,-1.5368,2.8296,1
-0.28344,5.4389,1.4968,-2.2674,-1.5368,2.8295,1
-0.28211,5.4388,1.497,-2.2675,-1.5368,2.8294,1
-0.28075,5.4387,1.4973,-2.2676,-1.5368,2.8293,1
-0.27937,5.4385,1.4975,-2.2677,-1.5368,2.8291,1
-0.27795,5.4384,1.4978,-2.2679,-1.5368,2.829,1
-0.27651,5.4383,1.4981,-2.268,-1.5368,2.8289,1
-0.27504,5.4381,1.4983,-2.2681,-1.5368,2.8288,1
-0.27354,5.438,1.4986,-2.2682,-1.5368,2.8287,1
-0.27201,5.4378,1.4989,-2.2684,-1.5368,2.8286,1
-0.27045,5.4377,1.4992,-2.2685,-1.5368,2.8284,1
-0.26887,5.4375,1.4995,-2.2687,-1.5368,2.8283,1
-0.26725,5.4374,1.4998,-2.2688,-1.5368,2.8282,1
-0.26561,5.4372,1.5001,-2.2689,-1.5368,2.828,1
-0.26394,5.4371,1.5004,-2.2691,-1.5368,2.8279,1
-0.26225,5.4369,1.5007,-2.2692,-1.5368,2.8278,1
-0.26053,5.4367,1.5011,-2.2694,-1.5367,2.8276,1
-0.25878,5.4366,1.5014,-2.2696,-1.5367,2.8275,1
-0.257,5.4364,1.5017,-2.2697,-1.5367,2.8274,1
-0.25519,5.4362,1.5021,-2.2699,-1.5367,2.8272,1
-0.25336,5.436,1.5024,-2.27,-1.5367,2.8271,1
-0.25151,5.4359,1.5028,-2.2702,-1.5367,2.8269,1
-0.24962,5.4357,1.5031,-2.2704,-1.5367,2.8268,1
-0.24771,5.4355,1.5035,-2.2705,-1.5367,2.8266,1
-0.24577,5.4353,1.5038,-2.2707,-1.5367,2.8265,1
-0.24381,5.4351,1.5042,-2.2709,-1.5367,2.8263,1
-0.24182,5.4349,1.5046,-2.2711,-1.5367,2.8262,1
-0.23981,5.4347,1.505,-2.2712,-1.5367,2.826,1
-0.23777,5.4345,1.5054,-2.2714,-1.5367,2.8258,1
-0.2357,5.4343,1.5058,-2.2716,-1.5367,2.8257,1
-0.23361,5.4341,1.5062,-2.2718,-1.5367,2.8255,1
-0.23149,5.4339,1.5066,-2.272,-1.5366,2.8253,1
-0.22935,5.4337,1.507,-2.2722,-1.5366,2.8252,1
-0.22718,5.4335,1.5074,-2.2724,-1.5366,2.825,1
-0.22499,5.4333,1.5078,-2.2726,-1.5366,2.8248,1
-0.22277,5.433,1.5083,-2.2728,-1.5366,2.8247,1
-0.22053,5.4328,1.5087,-2.273,-1.5366,2.8245,1
-0.21826,5.4326,1.5091,-2.2732,-1.5366,2.8243,1
-0.21597,5.4324,1.5096,-2.2734,-1.5366,2.8241,1
-0.21365,5.4321,1.51,-2.2736,-1.5366,2.824,1
-0.21131,5.4319,1.5105,-2.2738,-1.5366,2.8238,1
-0.20895,5.4316,1.5109,-2.2741,-1.5366,2.8236,1
-0.20656,5.4314,1.5114,-2.2743,-1.5366,2.8234,1
-0.20415,5.4312,1.5119,-2.2745,-1.5366,2.8232,1
-0.20172,5.4309,1.5124,-2.2747,-1.5365,2.823,1
-0.19926,5.4307,1.5128,-2.275,-1.5365,2.8229,1
-0.19678,5.4304,1.5133,-2.2752,-1.5365,2.8227,1
-0.19427,5.4302,1.5138,-2.2754,-1.5365,2.8225,1
-0.19174,5.4299,1.5143,-2.2757,-1.5365,2.8223,1
-0.18919,5.4296,1.5148,-2.2759,-1.5365,2.8221,1
-0.18662,5.4294,1.5153,-2.2761,-1.5365,2.8219,1
-0.18402,5.4291,1.5159,-2.2764,-1.5365,2.8217,1
-0.1814,5.4288,1.5164,-2.2766,-1.5365,2.8215,1
-0.17876,5.4286,1.5169,-2.2769,-1.5365,2.8213,1
-0.1761,5.4283,1.5174,-2.2771,-1.5365,2.8211,1
-0.17341,5.428,1.518,-2.2774,-1.5365,2.8209,1
-0.1707,5.4277,1.5185,-2.2776,-1.5364,2.8207,1
-0.16797,5.4275,1.5191,-2.2779,-1.5364,2.8205,1
-0.16522,5.4272,1.5196,-2.2781,-1.5364,2.8203,1
-0.16244,5.4269,1.5202,-2.2784,-1.5364,2.8201,1
-0.15965,5.4266,1.5207,-2.2787,-1.5364,2.8199,1
-0.15683,5.4263,1.5213,-2.2789,-1.5364,2.8196,1
-0.15399,5.426,1.5219,-2.2792,-1.5364,2.8194,1
-0.15113,5.4257,1.5225,-2.2795,-1.5364,2.8192,1
-0.14825,5.4254,1.523,-2.2798,-1.5364,2.819,1
-0.14535,5.4251,1.5236,-2.28,-1.5364,2.8188,1
-0.14243,5.4248,1.5242,-2.2803,-1.5364,2.8186,1
-0.13949,5.4245,1.5248,-2.2806,-1.5363,2.8184,1
-0.13652,5.4242,1.5254,-2.2809,-1.5363,2.8181,1
-0.13354,5.4239,1.5261,-2.2812,-1.5363,2.8179,1
-0.13054,5.4235,1.5267,-2.2815,-1.5363,2.8177,1
-0.12751,5.4232,1.5273,-2.2818,-1.5363,2.8175,1
-0.12447,5.4229,1.5279,-2.2821,-1.5363,2.8173,1
-0.12141,5.4226,1.5285,-2.2824,-1.5363,2.817,1
-0.11832,5.4222,1.5292,-2.2827,-1.5363,2.8168,1
-0.11522,5.4219,1.5298,-2.283,-1.5363,2.8166,1
-0.1121,5.4216,1.5305,-2.2833,-1.5363,2.8164,1
-0.10895,5.4212,1.5311,-2.2836,-1.5362,2.8161,1
-0.10579,5.4209,1.5318,-2.2839,-1.5362,2.8159,1
-0.10261,5.4206,1.5324,-2.2842,-1.5362,2.8157,1
-0.099413,5.4202,1.5331,-2.2845,-1.5362,2.8154,1
-0.096195,5.4199,1.5338,-2.2848,-1.5362,2.8152,1
-0.092958,5.4195,1.5345,-2.2852,-1.5362,2.815,1
-0.089703,5.4192,1.5351,-2.2855,-1.5362,2.8148,1
-0.086429,5.4188,1.5358,-2.2858,-1.5362,2.8145,1
-0.083137,5.4185,1.5365,-2.2861,-1.5362,2.8143,1
-0.079826,5.4181,1.5372,-2.2865,-1.5362,2.8141,1
-0.076498,5.4177,1.5379,-2.2868,-1.5361,2.8138,1
-0.073151,5.4174,1.5386,-2.2871,-1.5361,2.8136,1
-0.069787,5.417,1.5393,-2.2875,-1.5361,2.8134,1
-0.066405,5.4166,1.5401,-2.2878,-1.5361,2.8131,1
-0.063006,5.4163,1.5408,-2.2881,-1.5361,2.8129,1
-0.059589,5.4159,1.5415,-2.2885,-1.5361,2.8126,1
-0.056155,5.4155,1.5422,-2.2888,-1.5361,2.8124,1
-0.052704,5.4151,1.543,-2.2892,-1.5361,2.8122,1
-0.049235,5.4148,1.5437,-2.2895,-1.5361,2.8119,1
-0.04575,5.4144,1.5445,-2.2899,-1.5361,2.8117,1
-0.042248,5.414,1.5452,-2.2902,-1.536,2.8115,1
-0.038729,5.4136,1.546,-2.2906,-1.536,2.8112,1
-0.035194,5.4132,1.5467,-2.291,-1.536,2.811,1
-0.031643,5.4128,1.5475,-2.2913,-1.536,2.8107,1
-0.028075,5.4124,1.5483,-2.2917,-1.536,2.8105,1
-0.024491,5.412,1.549,-2.292,-1.536,2.8103,1
-0.020891,5.4116,1.5498,-2.2924,-1.536,2.81,1
-0.017275,5.4112,1.5506,-2.2928,-1.536,2.8098,1
-0.013643,5.4108,1.5514,-2.2932,-1.536,2.8095,1
-0.0099962,5.4104,1.5522,-2.2935,-1.5359,2.8093,1
-0.0063335,5.41,1.553,-2.2939,-1.5359,2.8091,1
-0.0026554,5.4096,1.5538,-2.2943,-1.5359,2.8088,1
0.0010379,5.4091,1.5546,-2.2947,-1.5359,2.8086,1
0.0047464,5.4087,1.5554,-2.295,-1.5359,2.8083,1
0.0084698,5.4083,1.5562,-2.2954,-1.5359,2.8081,1
0.012208,5.4079,1.557,-2.2958,-1.5359,2.8078,1
0.015961,5.4075,1.5578,-2.2962,-1.5359,2.8076,1
0.019729,5.407,1.5587,-2.2966,-1.5359,2.8074,1
0.023511,5.4066,1.5595,-2.297,-1.5359,2.8071,1
0.027307,5.4062,1.5603,-2.2974,-1.5358,2.8069,1
0.031118,5.4057,1.5612,-2.2978,-1.5358,2.8066,1
0.034943,5.4053,1.562,-2.2982,-1.5358,2.8064,1
0.038781,5.4049,1.5629,-2.2986,-1.5358,2.8061,1
0.042634,5.4044,1.5637,-2.299,-1.5358,2.8059,1
0.0465,5.404,1.5646,-2.2994,-1.5358,2.8057,1
0.05038,5.4035,1.5654,-2.2998,-1.5358,2.8054,1
0.054273,5.4031,1.5663,-2.3002,-1.5358,2.8052,1
0.058179,5.4026,1.5672,-2.3006,-1.5358,2.8049,1
0.062099,5.4022,1.568,-2.301,-1.5357,2.8047,1
0.066032,5.4017,1.5689,-2.3014,-1.5357,2.8044,1
0.069978,5.4013,1.5698,-2.3019,-1.5357,2.8042,1
0.073936,5.4008,1.5707,-2.3023,-1.5357,2.804,1
0.077907,5.4004,1.5715,-2.3027,-1.5357,2.8037,1
0.081891,5.3999,1.5724,-2.3031,-1.5357,2.8035,1
0.085887,5.3994,1.5733,-2.3035,-1.5357,2.8032,1
0.089896,5.399,1.5742,-2.304,-1.5357,2.803,1
0.093916,5.3985,1.5751,-2.3044,-1.5357,2.8028,1
0.097949,5.398,1.576,-2.3048,-1.5357,2.8025,1
0.10199,5.3976,1.5769,-2.3052,-1.5356,2.8023,1
0.10605,5.3971,1.5779,-2.3057,-1.5356,2.8021,1
0.11012,5.3966,1.5788,-2.3061,-1.5356,2.8018,1
0.1142,5.3962,1.5797,-2.3065,-1.5356,2.8016,1
0.11829,5.3957,1.5806,-2.307,-1.5356,2.8013,1
0.12239,5.3952,1.5815,-2.3074,-1.5356,2.8011,1
0.1265,5.3947,1.5825,-2.3079,-1.5356,2.8009,1
0.13063,5.3942,1.5834,-2.3083,-1.5356,2.8006,1
0.13476,5.3938,1.5843,-2.3087,-1.5356,2.8004,1
0.13891,5.3933,1.5853,-2.3092,-1.5356,2.8002,1
0.14306,5.3928,1.5862,-2.3096,-1.5355,2.7999,1
0.14723,5.3923,1.5872,-2.3101,-1.5355,2.7997,1
0.15141,5.3918,1.5881,-2.3105,-1.5355,2.7995,1
0.1556,5.3913,1.589,-2.311,-1.5355,2.7992,1
0.15979,5.3908,1.59,-2.3114,-1.5355,2.799,1
0.164,5.3903,1.591,-2.3119,-1.5355,2.7988,1
0.16822,5.3898,1.5919,-2.3123,-1.5355,2.7986,1
0.17245,5.3893,1.5929,-2.3128,-1.5355,2.7983,1
0.17668,5.3888,1.5938,-2.3132,-1.5355,2.7981,1
0.18093,5.3883,1.5948,-2.3137,-1.5355,2.7979,1
0.18518,5.3878,1.5958,-2.3142,-1.5354,2.7977,1
0.18945,5.3873,1.5968,-2.3146,-1.5354,2.7974,1
0.19372,5.3868,1.5977,-2.3151,-1.5354,2.7972,1
0.198,5.3863,1.5987,-2.3155,-1.5354,2.797,1
0.2023,5.3858,1.5997,-2.316,-1.5354,2.7968,1
0.2066,5.3853,1.6007,-2.3165,-1.5354,2.7965,1
0.2109,5.3848,1.6017,-2.3169,-1.5354,2.7963,1
0.21522,5.3843,1.6026,-2.3174,-1.5354,2.7961,1
0.21955,5.3837,1.6036,-2.3179,-1.5354,2.7959,1
0.22388,5.3832,1.6046,-2.3183,-1.5354,2.7957,1
0.22822,5.3827,1.6056,-2.3188,-1.5354,2.7955,1
0.23257,5.3822,1.6066,-2.3193,-1.5353,2.7952,1
0.23693,5.3817,1.6076,-2.3198,-1.5353,2.795,1
0.24129,5.3812,1.6086,-2.3202,-1.5353,2.7948,1
0.24566,5.3806,1.6096,-2.3207,-1.5353,2.7946,1
0.25004,5.3801,1.6106,-2.3212,-1.5353,2.7944,1
0.25443,5.3796,1.6116,-2.3217,-1.5353,2.7942,1
0.25882,5.3791,1.6126,-2.3221,-1.5353,2.794,1
0.26322,5.3785,1.6136,-2.3226,-1.5353,2.7938,1
0.26763,5.378,1.6147,-2.3231,-1.5353,2.7936,1
0.27204,5.3775,1.6157,-2.3236,-1.5353,2.7934,1
0.27646,5.377,1.6167,-2.3241,-1.5353,2.7932,1
0.28089,5.3764,1.6177,-2.3245,-1.5352,2.793,1
0.28532,5.3759,1.6187,-2.325,-1.5352,2.7928,1
0.28976,5.3754,1.6197,-2.3255,-1.5352,2.7926,1
0.29421,5.3749,1.6208,-2.326,-1.5352,2.7924,1
0.29866,5.3743,1.6218,-2.3265,-1.5352,2.7922,1
0.30312,5.3738,1.6228,-2.3269,-1.5352,2.792,1
0.30758,5.3733,1.6238,-2.3274,-1.5352,2.7918,1
0.31205,5.3727,1.6248,-2.3279,-1.5352,2.7916,1
0.31652,5.3722,1.6259,-2.3284,-1.5352,2.7914,1
0.321,5.3717,1.6269,-2.3289,-1.5352,2.7912,1
0.32548,5.3711,1.6279,-2.3294,-1.5352,2.791,1
0.32997,5.3706,1.629,-2.3299,-1.5352,2.7909,1
0.33446,5.3701,1.63,-2.3304,-1.5351,2.7907,1
0.33896,5.3695,1.631,-2.3308,-1.5351,2.7905,1
0.34347,5.369,1.6321,-2.3313,-1.5351,2.7903,1
0.34797,5.3684,1.6331,-2.3318,-1.5351,2.7901,1
0.35248,5.3679,1.6341,-2.3323,-1.5351,2.7899,1
0.357,5.3674,1.6352,-2.3328,-1.5351,2.7898,1
0.36152,5.3668,1.6362,-2.3333,-1.5351,2.7896,1
0.36604,5.3663,1.6372,-2.3338,-1.5351,2.7894,1
0.37057,5.3657,1.6383,-2.3343,-1.5351,2.7892,1
0.3751,5.3652,1.6393,-2.3348,-1.5351,2.7891,1
0.37963,5.3647,1.6403,-2.3353,-1.5351,2.7889,1
0.38417,5.3641,1.6414,-2.3357,-1.5351,2.7887,1
0.38871,5.3636,1.6424,-2.3362,-1.5351,2.7886,1
0.39325,5.363,1.6435,-2.3367,-1.535,2.7884,1
0.3978,5.3625,1.6445,-2.3372,-1.535,2.7883,1
0.40235,5.362,1.6455,-2.3377,-1.535,2.7881,1
0.4069,5.3614,1.6466,-2.3382,-1.535,2.7879,1
0.41145,5.3609,1.6476,-2.3387,-1.535,2.7878,1
0.41601,5.3603,1.6486,-2.3392,-1.535,2.7876,1
0.42057,5.3598,1.6497,-2.3397,-1.535,2.7875,1
0.42513,5.3593,1.6507,-2.3402,-1.535,2.7873,1
0.42969,5.3587,1.6518,-2.3407,-1.535,2.7872,1
0.43425,5.3582,1.6528,-2.3412,-1.535,2.787,1
0.43882,5.3576,1.6538,-2.3416,-1.535,2.7869,1
0.44338,5.3571,1.6549,-2.3421,-1.535,2.7867,1
0.44795,5.3566,1.6559,-2.3426,-1.535,2.7866,1
0.45252,5.356,1.6569,-2.3431,-1.535,2.7864,1
0.45709,5.3555,1.658,-2.3436,-1.535,2.7863,1
0.46166,5.3549,1.659,-2.3441,-1.535,2.7862,1
0.46624,5.3544,1.66,-2.3446,-1.5349,2.786,1
0.47081,5.3539,1.6611,-2.3451,-1.5349,2.7859,1
0.47538,5.3533,1.6621,-2.3456,-1.5349,2.7858,1
0.47996,5.3528,1.6631,-2.3461,-1.5349,2.7856,1
0.48453,5.3522,1.6642,-2.3465,-1.5349,2.7855,1
0.48911,5.3517,1.6652,-2.347,-1.5349,2.7854,1
0.49368,5.3512,1.6662,-2.3475,-1.5349,2.7853,1
0.49825,5.3506,1.6673,-2.348,-1.5349,2.7851,1
0.50283,5.3501,1.6683,-2.3485,-1.5349,2.785,1
0.5074,5.3496,1.6693,-2.349,-1.5349,2.7849,1
0.51197,5.349,1.6703,-2.3495,-1.5349,2.7848,1
0.51654,5.3485,1.6714,-2.3499,-1.5349,2.7847,1
0.52111,5.348,1.6724,-2.3504,-1.5349,2.7845,1
0.52568,5.3474,1.6734,-2.3509,-1.5349,2.7844,1
0.53025,5.3469,1.6744,-2.3514,-1.5349,2.7843,1
0.53482,5.3464,1.6754,-2.3519,-1.5349,2.7842,1
0.53938,5.3458,1.6764,-2.3524,-1.5349,2.7841,1
0.54394,5.3453,1.6775,-2.3528,-1.5349,2.784,1
0.5485,5.3448,1.6785,-2.3533,-1.5349,2.7839,1
0.55306,5.3442,1.6795,-2.3538,-1.5349,2.7838,1
0.55762,5.3437,1.6805,-2.3543,-1.5348,2.7837,1
0.56218,5.3432,1.6815,-2.3548,-1.5348,2.7836,1
0.56673,5.3427,1.6825,-2.3552,-1.5348,2.7835,1
0.57128,5.3421,1.6835,-2.3557,-1.5348,2.7834,1
0.57583,5.3416,1.6845,-2.3562,-1.5348,2.7833,1
0.58037,5.3411,1.6855,-2.3567,-1.5348,2.7832,1
0.58491,5.3406,1.6865,-2.3571,-1.5348,2.7832,1
0.58945,5.3401,1.6875,-2.3576,-1.5348,2.7831,1
0.59398,5.3395,1.6885,-2.3581,-1.5348,2.783,1
0.59852,5.339,1.6895,-2.3585,-1.5348,2.7829,1
0.60304,5.3385,1.6905,-2.359,-1.5348,2.7828,1
0.60757,5.338,1.6915,-2.3595,-1.5348,2.7828,1
0.61209,5.3375,1.6924,-2.3599,-1.5348,2.7827,1
0.6166,5.337,1.6934,-2.3604,-1.5348,2.7826,1
0.62112,5.3364,1.6944,-2.3609,-1.5348,2.7825,1
0.62562,5.3359,1.6954,-2.3613,-1.5348,2.7825,1
0.63012,5.3354,1.6964,-2.3618,-1.5348,2.7824,1
0.63462,5.3349,1.6973,-2.3623,-1.5348,2.7823,1
0.63912,5.3344,1.6983,-2.3627,-1.5348,2.7823,1
0.6436,5.3339,1.6993,-2.3632,-1.5348,2.7822,1
0.64809,5.3334,1.7002,-2.3636,-1.5348,2.7822,1
0.65256,5.3329,1.7012,-2.3641,-1.5348,2.7821,1
0.65704,5.3324,1.7021,-2.3645,-1.5348,2.782,1
0.6615,5.3319,1.7031,-2.365,-1.5348,2.782,1
0.66596,5.3314,1.7041,-2.3654,-1.5348,2.7819,1
0.67042,5.3309,1.705,-2.3659,-1.5348,2.7819,1
0.67487,5.3304,1.7059,-2.3663,-1.5348,2.7818,1
0.67931,5.3299,1.7069,-2.3668,-1.5348,2.7818,1
0.68375,5.3294,1.7078,-2.3672,-1.5348,2.7817,1
0.68818,5.3289,1.7088,-2.3677,-1.5348,2.7817,1
0.6926,5.3284,1.7097,-2.3681,-1.5348,2.7817,1
0.69702,5.3279,1.7106,-2.3686,-1.5348,2.7816,1
0.70142,5.3275,1.7116,-2.369,-1.5348,2.7816,1
0.70583,5.327,1.7125,-2.3694,-1.5348,2.7816,1
0.71022,5.3265,1.7134,-2.3699,-1.5348,2.7815,1
0.71461,5.326,1.7143,-2.3703,-1.5348,2.7815,1
0.71899,5.3255,1.7152,-2.3707,-1.5348,2.7815,1
0.72336,5.325,1.7161,-2.3712,-1.5348,2.7814,1
0.72772,5.3246,1.7171,-2.3716,-1.5348,2.7814,1
0.73208,5.3241,1.718,-2.372,-1.5348,2.7814,1
0.73643,5.3236,1.7189,-2.3725,-1.5348,2.7814,1
0.74076,5.3232,1.7198,-2.3729,-1.5347,2.7813,1
0.74509,5.3227,1.7207,-2.3733,-1.5347,2.7813,1
0.74942,5.3222,1.7215,-2.3737,-1.5347,2.7813,1
0.75373,5.3218,1.7224,-2.3742,-1.5347,2.7813,1
0.75803,5.3213,1.7233,-2.3746,-1.5347,2.7813,1
0.76233,5.3208,1.7242,-2.375,-1.5347,2.7813,1
0.76661,5.3204,1.7251,-2.3754,-1.5347,2.7813,1
0.77088,5.3199,1.7259,-2.3758,-1.5347,2.7813,1
0.77515,5.3195,1.7268,-2.3762,-1.5347,2.7812,1
0.77941,5.319,1.7277,-2.3766,-1.5347,2.7812,1
0.78365,5.3186,1.7285,-2.377,-1.5347,2.7812,1
0.78789,5.3181,1.7294,-2.3775,-1.5347,2.7812,1
0.79211,5.3177,1.7302,-2.3779,-1.5347,2.7812,1
0.79633,5.3172,1.7311,-2.3783,-1.5347,2.7812,1
0.80053,5.3168,1.7319,-2.3787,-1.5347,2.7812,1
0.80472,5.3163,1.7328,-2.3791,-1.5347,2.7813,1
0.8089,5.3159,1.7336,-2.3795,-1.5347,2.7813,1
0.81307,5.3155,1.7344,-2.3798,-1.5347,2.7813,1
0.81723,5.315,1.7352,-2.3802,-1.5347,2.7813,1
0.82138,5.3146,1.7361,-2.3806,-1.5347,2.7813,1
0.82552,5.3142,1.7369,-2.381,-1.5347,2.7813,1
0.82964,5.3137,1.7377,-2.3814,-1.5347,2.7813,1
0.83375,5.3133,1.7385,-2.3818,-1.5347,2.7813,1
0.83785,5.3129,1.7393,-2.3822,-1.5348,2.7814,1
0.84194,5.3125,1.7401,-2.3826,-1.5348,2.7814,1
0.84601,5.312,1.7409,-2.3829,-1.5348,2.7814,1
0.85008,5.3116,1.7417,-2.3833,-1.5348,2.7814,1
0.85412,5.3112,1.7425,-2.3837,-1.5348,2.7814,1
0.85816,5.3108,1.7433,-2.3841,-1.5348,2.7815,1
0.86218,5.3104,1.744,-2.3844,-1.5348,2.7815,1
0.86619,5.31,1.7448,-2.3848,-1.5348,2.7815,1
0.87019,5.3096,1.7456,-2.3852,-1.5348,2.7816,1
0.87417,5.3092,1.7464,-2.3855,-1.5348,2.7816,1
0.87814,5.3088,1.7471,-2.3859,-1.5348,2.7816,1
0.88209,5.3084,1.7479,-2.3862,-1.5348,2.7817,1
0.88604,5.308,1.7486,-2.3866,-1.5348,2.7817,1
0.88996,5.3076,1.7494,-2.387,-1.5348,2.7817,1
0.89387,5.3072,1.7501,-2.3873,-1.5348,2.7818,1
0.89777,5.3068,1.7509,-2.3877,-1.5348,2.7818,1
0.90165,5.3064,1.7516,-2.388,-1.5348,2.7819,1
0.90552,5.306,1.7523,-2.3883,-1.5348,2.7819,1
0.90937,5.3057,1.753,-2.3887,-1.5348,2.7819,1
0.91321,5.3053,1.7538,-2.389,-1.5348,2.782,1
0.91703,5.3049,1.7545,-2.3894,-1.5348,2.782,1
0.92083,5.3045,1.7552,-2.3897,-1.5348,2.7821,1
0.92462,5.3042,1.7559,-2.39,-1.5348,2.7821,1
0.92839,5.3038,1.7566,-2.3904,-1.5348,2.7822,1
0.93215,5.3034,1.7573,-2.3907,-1.5348,2.7822,1
0.93589,5.3031,1.758,-2.391,-1.5348,2.7823,1
0.93961,5.3027,1.7586,-2.3914,-1.5348,2.7823,1
0.94332,5.3023,1.7593,-2.3917,-1.5348,2.7824,1
0.94701,5.302,1.76,-2.392,-1.5348,2.7824,1
0.95068,5.3016,1.7607,-2.3923,-1.5348,2.7825,1
0.95434,5.3013,1.7613,-2.3926,-1.5348,2.7825,1
0.95798,5.3009,1.762,-2.393,-1.5348,2.7826,1
0.9616,5.3006,1.7626,-2.3933,-1.5348,2.7827,1
0.9652,5.3003,1.7633,-2.3936,-1.5348,2.7827,1
0.96878,5.2999,1.7639,-2.3939,-1.5348,2.7828,1
0.97235,5.2996,1.7646,-2.3942,-1.5348,2.7828,1
0.9759,5.2992,1.7652,-2.3945,-1.5348,2.7829,1
0.97943,5.2989,1.7658,-2.3948,-1.5348,2.783,1
0.98294,5.2986,1.7665,-2.3951,-1.5348,2.783,1
0.98643,5.2983,1.7671,-2.3954,-1.5348,2.7831,1
0.98991,5.2979,1.7677,-2.3957,-1.5348,2.7832,1
0.99336,5.2976,1.7683,-2.396,-1.5348,2.7832,1
0.9968,5.2973,1.7689,-2.3963,-1.5348,2.7833,1
1.0002,5.297,1.7695,-2.3965,-1.5348,2.7834,1
1.0036,5.2967,1.7701,-2.3968,-1.5348,2.7834,1
1.007,5.2963,1.7707,-2.3971,-1.5348,2.7835,1
1.0103,5.296,1.7713,-2.3974,-1.5348,2.7836,1
1.0137,5.2957,1.7719,-2.3977,-1.5348,2.7836,1
1.017,5.2954,1.7724,-2.3979,-1.5348,2.7837,1
1.0203,5.2951,1.773,-2.3982,-1.5349,2.7838,1
1.0236,5.2948,1.7736,-2.3985,-1.5349,2.7838,1
1.0268,5.2945,1.7741,-2.3987,-1.5349,2.7839,1
1.03,5.2942,1.7747,-2.399,-1.5349,2.784,1
1.0333,5.294,1.7752,-2.3993,-1.5349,2.7841,1
1.0364,5.2937,1.7758,-2.3995,-1.5349,2.7841,1
1.0396,5.2934,1.7763,-2.3998,-1.5349,2.7842,1
1.0428,5.2931,1.7769,-2.4,-1.5349,2.7843,1
1.0459,5.2928,1.7774,-2.4003,-1.5349,2.7844,1
1.049,5.2925,1.7779,-2.4005,-1.5349,2.7844,1
1.0521,5.2923,1.7784,-2.4008,-1.5349,2.7845,1
1.0551,5.292,1.7789,-2.401,-1.5349,2.7846,1
1.0582,5.2917,1.7794,-2.4013,-1.5349,2.7847,1
1.0612,5.2915,1.78,-2.4015,-1.5349,2.7847,1
1.0642,5.2912,1.7805,-2.4018,-1.5349,2.7848,1
1.0671,5.2909,1.7809,-2.402,-1.5349,2.7849,1
1.0701,5.2907,1.7814,-2.4022,-1.5349,2.785,1
1.073,5.2904,1.7819,-2.4025,-1.5349,2.785,1
1.0759,5.2902,1.7824,-2.4027,-1.5349,2.7851,1
1.0787,5.2899,1.7829,-2.4029,-1.5349,2.7852,1
1.0816,5.2897,1.7833,-2.4031,-1.5349,2.7853,1
1.0844,5.2894,1.7838,-2.4034,-1.5349,2.7853,1
1.0872,5.2892,1.7842,-2.4036,-1.5349,2.7854,1
1.09,5.289,1.7847,-2.4038,-1.5349,2.7855,1
1.0927,5.2887,1.7851,-2.404,-1.5349,2.7856,1
1.0955,5.2885,1.7856,-2.4042,-1.5349,2.7856,1
1.0982,5.2883,1.786,-2.4044,-1.5349,2.7857,1
1.1008,5.288,1.7864,-2.4046,-1.5349,2.7858,1
1.1035,5.2878,1.7869,-2.4048,-1.5349,2.7859,1
1.1061,5.2876,1.7873,-2.405,-1.5349,2.786,1
1.1087,5.2874,1.7877,-2.4052,-1.5349,2.786,1
1.1113,5.2872,1.7881,-2.4054,-1.535,2.7861,1
1.1138,5.2869,1.7885,-2.4056,-1.535,2.7862,1
1.1163,5.2867,1.7889,-2.4058,-1.535,2.7863,1
1.1188,5.2865,1.7893,-2.406,-1.535,2.7863,1
1.1213,5.2863,1.7897,-2.4062,-1.535,2.7864,1
1.1237,5.2861,1.7901,-2.4064,-1.535,2.7865,1
1.1261,5.2859,1.7905,-2.4066,-1.535,2.7866,1
1.1285,5.2857,1.7908,-2.4067,-1.535,2.7866,1
1.1309,5.2855,1.7912,-2.4069,-1.535,2.7867,1
1.1332,5.2853,1.7916,-2.4071,-1.535,2.7868,1
1.1355,5.2851,1.7919,-2.4073,-1.535,2.7869,1
1.1378,5.285,1.7923,-2.4074,-1.535,2.7869,1
1.14,5.2848,1.7926,-2.4076,-1.535,2.787,1
1.1423,5.2846,1.793,-2.4078,-1.535,2.7871,1
1.1444,5.2844,1.7933,-2.4079,-1.535,2.7871,1
1.1466,5.2842,1.7936,-2.4081,-1.535,2.7872,1
1.1487,5.2841,1.794,-2.4082,-1.535,2.7873,1
1.1508,5.2839,1.7943,-2.4084,-1.535,2.7874,1
1.1529,5.2837,1.7946,-2.4085,-1.535,2.7874,1
1.155,5.2836,1.7949,-2.4087,-1.535,2.7875,1
1.157,5.2834,1.7952,-2.4088,-1.535,2.7876,1
1.159,5.2832,1.7955,-2.409,-1.535,2.7876,1
1.1609,5.2831,1.7958,-2.4091,-1.535,2.7877,1
1.1628,5.2829,1.7961,-2.4093,-1.535,2.7878,1
1.1647,5.2828,1.7964,-2.4094,-1.535,2.7878,1
1.1666,5.2826,1.7967,-2.4095,-1.535,2.7879,1
1.1684,5.2825,1.797,-2.4097,-1.535,2.788,1
1.1702,5.2823,1.7972,-2.4098,-1.535,2.788,1
1.172,5.2822,1.7975,-2.4099,-1.535,2.7881,1
1.1738,5.2821,1.7978,-2.4101,-1.535,2.7881,1
1.1755,5.2819,1.798,-2.4102,-1.535,2.7882,1
1.1772,5.2818,1.7983,-2.4103,-1.535,2.7883,1
1.1788,5.2817,1.7985,-2.4104,-1.535,2.7883,1
1.1804,5.2815,1.7988,-2.4105,-1.535,2.7884,1
1.182,5.2814,1.799,-2.4106,-1.5351,2.7884,1
1.1836,5.2813,1.7992,-2.4108,-1.5351,2.7885,1
1.1851,5.2812,1.7994,-2.4109,-1.5351,2.7885,1
1.1866,5.2811,1.7997,-2.411,-1.5351,2.7886,1
1.188,5.2809,1.7999,-2.4111,-1.5351,2.7887,1
1.1894,5.2808,1.8001,-2.4112,-1.5351,2.7887,1
1.1908,5.2807,1.8003,-2.4113,-1.5351,2.7888,1
1.1922,5.2806,1.8005,-2.4114,-1.5351,2.7888,1
1.1935,5.2805,1.8007,-2.4115,-1.5351,2.7889,1
1.1948,5.2804,1.8009,-2.4115,-1.5351,2.7889,1
1.1961,5.2803,1.8011,-2.4116,-1.5351,2.7889,1
1.1973,5.2802,1.8012,-2.4117,-1.5351,2.789,1
1.1985,5.2801,1.8014,-2.4118,-1.5351,2.789,1
1.1996,5.28,1.8016,-2.4119,-1.5351,2.7891,1
1.2008,5.28,1.8017,-2.412,-1.5351,2.7891,1
1.2018,5.2799,1.8019,-2.412,-1.5351,2.7892,1
1.2029,5.2798,1.802,-2.4121,-1.5351,2.7892,1
1.2039,5.2797,1.8022,-2.4122,-1.5351,2.7892,1
1.2049,5.2796,1.8023,-2.4123,-1.5351,2.7893,1
1.2059,5.2796,1.8025,-2.4123,-1.5351,2.7893,1
1.2068,5.2795,1.8026,-2.4124,-1.5351,2.7894,1
1.2076,5.2794,1.8027,-2.4124,-1.5351,2.7894,1
1.2085,5.2794,1.8029,-2.4125,-1.5351,2.7894,1
1.2093,5.2793,1.803,-2.4126,-1.5351,2.7894,1
1.2101,5.2793,1.8031,-2.4126,-1.5351,2.7895,1
1.2108,5.2792,1.8032,-2.4127,-1.5351,2.7895,1
1.2115,5.2791,1.8033,-2.4127,-1.5351,2.7895,1
1.2122,5.2791,1.8034,-2.4128,-1.5351,2.7896,1
1.2128,5.279,1.8035,-2.4128,-1.5351,2.7896,1
1.2134,5.279,1.8036,-2.4128,-1.5351,2.7896,1
1.2139,5.279,1.8036,-2.4129,-1.5351,2.7896,1
1.2144,5.2789,1.8037,-2.4129,-1.5351,2.7896,1
1.2149,5.2789,1.8038,-2.4129,-1.5351,2.7897,1
1.2154,5.2789,1.8038,-2.413,-1.5351,2.7897,1
1.2158,5.2788,1.8039,-2.413,-1.5351,2.7897,1
1.2161,5.2788,1.8039,-2.413,-1.5351,2.7897,1
1.2165,5.2788,1.804,-2.413,-1.5351,2.7897,1
1.2167,5.2787,1.804,-2.4131,-1.5351,2.7897,1
1.217,5.2787,1.8041,-2.4131,-1.5351,2.7897,1
1.2172,5.2787,1.8041,-2.4131,-1.5351,2.7898,1
1.2174,5.2787,1.8041,-2.4131,-1.5351,2.7898,1
1.2175,5.2787,1.8041,-2.4131,-1.5351,2.7898,1
1.2176,5.2787,1.8042,-2.4131,-1.5351,2.7898,1
1.2177,5.2787,1.8042,-2.4131,-1.5351,2.7898,1
1.2177,5.2787,1.8042,-2.4131,-1.5351,2.7898,1
1.2177,5.2787,1.8042,-2.4131,-1.5351,2.7898,1
1.2177,5.2787,1.8042,-2.4131,-1.5351,2.7898,1
1.2177,5.2787,1.8042,-2.4132,-1.5351,2.7898,1
1.2177,5.2788,1.8042,-2.4133,-1.5351,2.7898,1
1.2177,5.2789,1.8042,-2.4134,-1.5351,2.7898,1
1.2177,5.279,1.8043,-2.4135,-1.5351,2.7898,1
1.2177,5.2791,1.8043,-2.4137,-1.5351,2.7898,1
1.2177,5.2792,1.8044,-2.4139,-1.5351,2.7898,1
1.2177,5.2794,1.8044,-2.4141,-1.5351,2.7898,1
1.2177,5.2796,1.8045,-2.4143,-1.5351,2.7898,1
1.2177,5.2798,1.8046,-2.4146,-1.5351,2.7898,1
1.2177,5.28,1.8046,-2.4149,-1.5351,2.7898,1
1.2177,5.2802,1.8047,-2.4152,-1.5351,2.7898,1
1.2177,5.2805,1.8048,-2.4156,-1.5351,2.7898,1
1.2177,5.2808,1.8049,-2.416,-1.5351,2.7898,1
1.2177,5.2811,1.805,-2.4164,-1.5351,2.7898,1
1.2177,5.2814,1.8051,-2.4168,-1.5351,2.7898,1
1.2177,5.2818,1.8052,-2.4173,-1.5351,2.7898,1
1.2177,5.2821,1.8054,-2.4178,-1.5351,2.7898,1
1.2177,5.2825,1.8055,-2.4183,-1.5351,2.7898,1
1.2177,5.2829,1.8056,-2.4188,-1.5351,2.7898,1
1.2177,5.2833,1.8058,-2.4194,-1.5351,2.7898,1
1.2177,5.2838,1.8059,-2.42,-1.5351,2.7898,1
1.2177,5.2842,1.8061,-2.4206,-1.5351,2.7898,1
1.2177,5.2847,1.8062,-2.4212,-1.5351,2.7898,1
1.2177,5.2852,1.8064,-2.4219,-1.5351,2.7898,1
1.2177,5.2857,1.8066,-2.4225,-1.5351,2.7898,1
1.2177,5.2862,1.8067,-2.4232,-1.5351,2.7898,1
1.2177,5.2868,1.8069,-2.424,-1.5351,2.7898,1
1.2177,5.2873,1.8071,-2.4247,-1.5351,2.7898,1
1.2177,5.2879,1.8073,-2.4255,-1.5351,2.7898,1
1.2177,5.2885,1.8075,-2.4263,-1.5351,2.7898,1
1.2177,5.2891,1.8077,-2.4271,-1.5351,2.7898,1
1.2177,5.2897,1.8079,-2.4279,-1.5351,2.7898,1
1.2177,5.2904,1.8081,-2.4287,-1.5351,2.7898,1
1.2177,5.291,1.8083,-2.4296,-1.5351,2.7898,1
1.2177,5.2917,1.8085,-2.4305,-1.5351,2.7898,1
1.2177,5.2924,1.8087,-2.4314,-1.5351,2.7898,1
1.2177,5.2931,1.8089,-2.4323,-1.5351,2.7898,1
1.2177,5.2938,1.8092,-2.4333,-1.5351,2.7898,1
1.2177,5.2946,1.8094,-2.4342,-1.5351,2.7898,1
1.2177,5.2953,1.8096,-2.4352,-1.5351,2.7898,1
1.2177,5.2961,1.8098,-2.4362,-1.5351,2.7898,1
1.2177,5.2968,1.8101,-2.4372,-1.5351,2.7898,1
1.2177,5.2976,1.8103,-2.4382,-1.5351,2.7898,1
1.2177,5.2984,1.8106,-2.4393,-1.5351,2.7898,1
1.2177,5.2992,1.8108,-2.4403,-1.5351,2.7898,1
1.2177,5.3001,1.8111,-2.4414,-1.5351,2.7898,1
1.2177,5.3009,1.8113,-2.4425,-1.5351,2.7898,1
1.2177,5.3018,1.8116,-2.4436,-1.5351,2.7898,1
1.2177,5.3027,1.8118,-2.4447,-1.5351,2.7898,1
1.2177,5.3035,1.8121,-2.4459,-1.5351,2.7898,1
1.2177,5.3044,1.8123,-2.447,-1.5351,2.7898,1
1.2177,5.3053,1.8126,-2.4482,-1.5351,2.7898,1
1.2177,5.3063,1.8128,-2.4494,-1.5351,2.7898,1
1.2177,5.3072,1.8131,-2.4506,-1.5351,2.7898,1
1.2177,5.3081,1.8134,-2.4518,-1.5351,2.7898,1
1.2177,5.3091,1.8136,-2.453,-1.5351,2.7898,1
1.2177,5.3101,1.8139,-2.4542,-1.5351,2.7898,1
1.2177,5.311,1.8141,-2.4555,-1.5351,2.7898,1
1.2177,5.312,1.8144,-2.4567,-1.5351,2.7898,1
1.2177,5.313,1.8147,-2.458,-1.5351,2.7898,1
1.2177,5.314,1.8149,-2.4592,-1.5351,2.7898,1
1.2177,5.315,1.8152,-2.4605,-1.5351,2.7898,1
1.2177,5.3161,1.8155,-2.4618,-1.5351,2.7898,1
1.2177,5.3171,1.8157,-2.4631,-1.5351,2.7898,1
1.2177,5.3182,1.816,-2.4644,-1.5351,2.7898,1
1.2177,5.3192,1.8163,-2.4658,-1.5351,2.7898,1
1.2177,5.3203,1.8165,-2.4671,-1.5351,2.7898,1
1.2177,5.3214,1.8168,-2.4684,-1.5351,2.7898,1
1.2177,5.3224,1.8171,-2.4698,-1.5351,2.7898,1
1.2177,5.3235,1.8173,-2.4712,-1.5351,2.7898,1
1.2177,5.3246,1.8176,-2.4725,-1.5351,2.7898,1
1.2177,5.3257,1.8179,-2.4739,-1.5351,2.7898,1
1.2177,5.3269,1.8181,-2.4753,-1.5351,2.7898,1
1.2177,5.328,1.8184,-2.4767,-1.5351,2.7898,1
1.2177,5.3291,1.8187,-2.4781,-1.5351,2.7898,1
1.2177,5.3303,1.8189,-2.4795,-1.5351,2.7898,1
1.2177,5.3314,1.8192,-2.4809,-1.5351,2.7898,1
1.2177,5.3326,1.8194,-2.4823,-1.5351,2.7898,1
1.2177,5.3337,1.8197,-2.4837,-1.5351,2.7898,1
1.2177,5.3349,1.8199,-2.4851,-1.5351,2.7898,1
1.2177,5.3361,1.8202,-2.4865,-1.5351,2.7898,1
1.2177,5.3372,1.8205,-2.488,-1.5351,2.7898,1
1.2177,5.3384,1.8207,-2.4894,-1.5351,2.7898,1
1.2177,5.3396,1.8209,-2.4908,-1.5351,2.7898,1
1.2177,5.3408,1.8212,-2.4923,-1.5351,2.7898,1
1.2177,5.342,1.8214,-2.4937,-1.5351,2.7898,1
1.2177,5.3432,1.8217,-2.4952,-1.5351,2.7898,1
1.2177,5.3444,1.8219,-2.4966,-1.5351,2.7898,1
1.2177,5.3456,1.8222,-2.4981,-1.5351,2.7898,1
1.2177,5.3468,1.8224,-2.4995,-1.5351,2.7898,1
1.2177,5.3481,1.8226,-2.501,-1.5351,2.7898,1
1.2177,5.3493,1.8229,-2.5024,-1.5351,2.7898,1
1.2177,5.3505,1.8231,-2.5039,-1.5351,2.7898,1
1.2177,5.3517,1.8233,-2.5053,-1.5351,2.7898,1
1.2177,5.353,1.8235,-2.5068,-1.5351,2.7898,1
1.2177,5.3542,1.8238,-2.5082,-1.5351,2.7898,1
1.2177,5.3554,1.824,-2.5097,-1.5351,2.7898,1
1.2177,5.3567,1.8242,-2.5112,-1.5351,2.7898,1
1.2177,5.3579,1.8244,-2.5126,-1.5351,2.7898,1
1.2177,5.3592,1.8246,-2.5141,-1.5351,2.7898,1
1.2177,5.3604,1.8248,-2.5155,-1.5351,2.7898,1
1.2177,5.3617,1.825,-2.517,-1.5351,2.7898,1
1.2177,5.3629,1.8252,-2.5184,-1.5351,2.7898,1
1.2177,5.3642,1.8254,-2.5199,-1.5351,2.7898,1
1.2177,5.3654,1.8256,-2.5213,-1.5351,2.7898,1
1.2177,5.3666,1.8258,-2.5227,-1.5351,2.7898,1
1.2177,5.3679,1.826,-2.5242,-1.5351,2.7898,1
1.2177,5.3691,1.8262,-2.5256,-1.5351,2.7898,1
1.2177,5.3704,1.8264,-2.527,-1.5351,2.7898,1
1.2177,5.3716,1.8266,-2.5285,-1.5351,2.7898,1
1.2177,5.3729,1.8267,-2.5299,-1.5351,2.7898,1
1.2177,5.3741,1.8269,-2.5313,-1.5351,2.7898,1
1.2177,5.3753,1.8271,-2.5327,-1.5351,2.7898,1
1.2177,5.3766,1.8272,-2.5341,-1.5351,2.7898,1
1.2177,5.3778,1.8274,-2.5355,-1.5351,2.7898,1
1.2177,5.3791,1.8276,-2.5369,-1.5351,2.7898,1
1.2177,5.3803,1.8277,-2.5383,-1.5351,2.7898,1
1.2177,5.3815,1.8279,-2.5397,-1.5351,2.7898,1
1.2177,5.3827,1.828,-2.541,-1.5351,2.7898,1
1.2177,5.3839,1.8282,-2.5424,-1.5351,2.7898,1
1.2177,5.3852,1.8283,-2.5438,-1.5351,2.7898,1
1.2177,5.3864,1.8285,-2.5451,-1.5351,2.7898,1
1.2177,5.3876,1.8286,-2.5465,-1.5351,2.7898,1
1.2177,5.3888,1.8287,-2.5478,-1.5351,2.7898,1
1.2177,5.39,1.8289,-2.5491,-1.5351,2.7898,1
1.2177,5.3912,1.829,-2.5504,-1.5351,2.7898,1
1.2177,5.3923,1.8291,-2.5518,-1.5351,2.7898,1
1.2177,5.3935,1.8293,-2.5531,-1.5351,2.7898,1
1.2177,5.3947,1.8294,-2.5543,-1.5351,2.7898,1
1.2177,5.3959,1.8295,-2.5556,-1.5351,2.7898,1
1.2177,5.397,1.8296,-2.5569,-1.5351,2.7898,1
1.2177,5.3982,1.8297,-2.5582,-1.5351,2.7898,1
1.2177,5.3993,1.8298,-2.5594,-1.5351,2.7898,1
1.2177,5.4004,1.8299,-2.5607,-1.5351,2.7898,1
1.2177,5.4016,1.83,-2.5619,-1.5351,2.7898,1
1.2177,5.4027,1.8301,-2.5631,-1.5351,2.7898,1
1.2177,5.4038,1.8302,-2.5643,-1.5351,2.7898,1
1.2177,5.4049,1.8303,-2.5655,-1.5351,2.7898,1
1.2177,5.406,1.8304,-2.5667,-1.5351,2.7898,1
1.2177,5.4071,1.8305,-2.5679,-1.5351,2.7898,1
1.2177,5.4082,1.8306,-2.569,-1.5351,2.7898,1
1.2177,5.4092,1.8307,-2.5702,-1.5351,2.7898,1
1.2177,5.4103,1.8307,-2.5713,-1.5351,2.7898,1
1.2177,5.4113,1.8308,-2.5724,-1.5351,2.7898,1
1.2177,5.4124,1.8309,-2.5735,-1.5351,2.7898,1
1.2177,5.4134,1.831,-2.5746,-1.5351,2.7898,1
1.2177,5.4144,1.831,-2.5757,-1.5351,2.7898,1
1.2177,5.4154,1.8311,-2.5768,-1.5351,2.7898,1
1.2177,5.4164,1.8312,-2.5778,-1.5351,2.7898,1
1.2177,5.4173,1.8312,-2.5788,-1.5351,2.7898,1
1.2177,5.4183,1.8313,-2.5799,-1.5351,2.7898,1
1.2177,5.4192,1.8313,-2.5809,-1.5351,2.7898,1
1.2177,5.4202,1.8314,-2.5819,-1.5351,2.7898,1
1.2177,5.4211,1.8314,-2.5828,-1.5351,2.7898,1
1.2177,5.422,1.8315,-2.5838,-1.5351,2.7898,1
1.2177,5.4229,1.8315,-2.5847,-1.5351,2.7898,1
1.2177,5.4238,1.8316,-2.5856,-1.5351,2.7898,1
1.2177,5.4246,1.8316,-2.5866,-1.5351,2.7898,1
1.2177,5.4255,1.8317,-2.5874,-1.5351,2.7898,1
1.2177,5.4263,1.8317,-2.5883,-1.5351,2.7898,1
1.2177,5.4272,1.8317,-2.5892,-1.5351,2.7898,1
1.2177,5.428,1.8318,-2.59,-1.5351,2.7898,1
1.2177,5.4287,1.8318,-2.5908,-1.5351,2.7898,1
1.2177,5.4295,1.8318,-2.5916,-1.5351,2.7898,1
1.2177,5.4303,1.8319,-2.5924,-1.5351,2.7898,1
1.2177,5.431,1.8319,-2.5932,-1.5351,2.7898,1
1.2177,5.4317,1.8319,-2.5939,-1.5351,2.7898,1
1.2177,5.4324,1.832,-2.5947,-1.5351,2.7898,1
1.2177,5.4331,1.832,-2.5954,-1.5351,2.7898,1
1.2177,5.4338,1.832,-2.5961,-1.5351,2.7898,1
1.2177,5.4344,1.832,-2.5967,-1.5351,2.7898,1
1.2177,5.435,1.832,-2.5974,-1.5351,2.7898,1
1.2177,5.4357,1.8321,-2.598,-1.5351,2.7898,1
1.2177,5.4362,1.8321,-2.5986,-1.5351,2.7898,1
1.2177,5.4368,1.8321,-2.5992,-1.5351,2.7898,1
1.2177,5.4374,1.8321,-2.5998,-1.5351,2.7898,1
1.2177,5.4379,1.8321,-2.6003,-1.5351,2.7898,1
1.2177,5.4384,1.8321,-2.6008,-1.5351,2.7898,1
1.2177,5.4389,1.8322,-2.6013,-1.5351,2.7898,1
1.2177,5.4394,1.8322,-2.6018,-1.5351,2.7898,1
1.2177,5.4398,1.8322,-2.6023,-1.5351,2.7898,1
1.2177,5.4402,1.8322,-2.6027,-1.5351,2.7898,1
1.2177,5.4406,1.8322,-2.6031,-1.5351,2.7898,1
1.2177,5.441,1.8322,-2.6035,-1.5351,2.7898,1
1.2177,5.4414,1.8322,-2.6039,-1.5351,2.7898,1
1.2177,5.4417,1.8322,-2.6042,-1.5351,2.7898,1
1.2177,5.442,1.8322,-2.6045,-1.5351,2.7898,1
1.2177,5.4423,1.8322,-2.6048,-1.5351,2.7898,1
1.2177,5.4426,1.8322,-2.6051,-1.5351,2.7898,1
1.2177,5.4428,1.8323,-2.6053,-1.5351,2.7898,1
1.2177,5.443,1.8323,-2.6056,-1.5351,2.7898,1
1.2177,5.4432,1.8323,-2.6058,-1.5351,2.7898,1
1.2177,5.4434,1.8323,-2.6059,-1.5351,2.7898,1
1.2177,5.4435,1.8323,-2.6061,-1.5351,2.7898,1
1.2177,5.4436,1.8323,-2.6062,-1.5351,2.7898,1
1.2177,5.4437,1.8323,-2.6063,-1.5351,2.7898,1
1.2177,5.4438,1.8323,-2.6064,-1.5351,2.7898,1
1.2177,5.4438,1.8323,-2.6064,-1.5351,2.7898,1
1.2177,5.4439,1.8323,-2.6064,-1.5351,2.7898,1
1.2177,5.4439,1.8323,-2.6064,-1.5351,2.7898,0
1.2177,5.4438,1.8323,-2.6064,-1.5351,2.7898,0
1.2177,5.4438,1.8323,-2.6064,-1.5351,2.7898,0
1.2177,5.4437,1.8323,-2.6063,-1.5351,2.7898,0
1.2177,5.4436,1.8323,-2.6062,-1.5351,2.7898,0
1.2177,5.4435,1.8323,-2.6061,-1.5351,2.7898,0
1.2177,5.4434,1.8323,-2.6059,-1.5351,2.7898,0
1.2177,5.4432,1.8323,-2.6058,-1.5351,2.7898,0
1.2177,5.443,1.8323,-2.6056,-1.5351,2.7898,0
1.2177,5.4428,1.8323,-2.6053,-1.5351,2.7898,0
1.2177,5.4426,1.8322,-2.6051,-1.5351,2.7898,0
1.2177,5.4423,1.8322,-2.6048,-1.5351,2.7898,0
1.2177,5.442,1.8322,-2.6045,-1.5351,2.7898,0
1.2177,5.4417,1.8322,-2.6042,-1.5351,2.7898,0
1.2177,5.4414,1.8322,-2.6039,-1.5351,2.7898,0
1.2177,5.441,1.8322,-2.6035,-1.5351,2.7898,0
1.2177,5.4406,1.8322,-2.6031,-1.5351,2.7898,0
1.2177,5.4402,1.8322,-2.6027,-1.5351,2.7898,0
1.2177,5.4398,1.8322,-2.6023,-1.5351,2.7898,0
1.2177,5.4394,1.8322,-2.6018,-1.5351,2.7898,0
1.2177,5.4389,1.8322,-2.6013,-1.5351,2.7898,0
1.2177,5.4384,1.8322,-2.6008,-1.5351,2.7898,0
1.2177,5.4379,1.8321,-2.6003,-1.5351,2.7898,0
1.2177,5.4374,1.8321,-2.5998,-1.5351,2.7898,0
1.2177,5.4368,1.8321,-2.5992,-1.5351,2.7898,0
1.2177,5.4362,1.8321,-2.5986,-1.5351,2.7898,0
1.2177,5.4357,1.8321,-2.598,-1.5351,2.7898,0
1.2177,5.435,1.8321,-2.5974,-1.5351,2.7898,0
1.2177,5.4344,1.832,-2.5967,-1.5351,2.7898,0
1.2177,5.4338,1.832,-2.5961,-1.5351,2.7898,0
1.2177,5.4331,1.832,-2.5954,-1.5351,2.7898,0
1.2177,5.4324,1.832,-2.5947,-1.5351,2.7898,0
1.2177,5.4317,1.8319,-2.5939,-1.5351,2.7898,0
1.2177,5.431,1.8319,-2.5932,-1.5351,2.7898,0
1.2177,5.4303,1.8319,-2.5924,-1.5351,2.7898,0
1.2177,5.4295,1.8319,-2.5916,-1.5351,2.7898,0
1.2177,5.4287,1.8318,-2.5908,-1.5351,2.7898,0
1.2177,5.4279,1.8318,-2.59,-1.5351,2.7898,0
1.2177,5.4271,1.8318,-2.5892,-1.5351,2.7898,0
1.2177,5.4263,1.8317,-2.5883,-1.5351,2.7898,0
1.2177,5.4255,1.8317,-2.5875,-1.5351,2.7898,0
1.2177,5.4246,1.8316,-2.5866,-1.5351,2.7898,0
1.2177,5.4238,1.8316,-2.5857,-1.5351,2.7898,0
1.2177,5.4229,1.8316,-2.5847,-1.5351,2.7898,0
1.2177,5.422,1.8315,-2.5838,-1.5351,2.7898,0
1.2177,5.4211,1.8315,-2.5828,-1.5351,2.7898,0
1.2177,5.4202,1.8314,-2.5819,-1.5351,2.7898,0
1.2177,5.4192,1.8314,-2.5809,-1.5351,2.7898,0
1.2177,5.4183,1.8313,-2.5799,-1.5351,2.7898,0
1.2177,5.4173,1.8312,-2.5789,-1.5351,2.7898,0
1.2177,5.4164,1.8312,-2.5778,-1.5351,2.7898,0
1.2177,5.4154,1.8311,-2.5768,-1.5351,2.7898,0
1.2177,5.4144,1.8311,-2.5757,-1.5351,2.7898,0
1.2177,5.4134,1.831,-2.5746,-1.5351,2.7898,0
1.2177,5.4123,1.8309,-2.5735,-1.5351,2.7898,0
1.2177,5.4113,1.8309,-2.5724,-1.5351,2.7898,0
1.2177,5.4103,1.8308,-2.5713,-1.5351,2.7898,0
1.2177,5.4092,1.8307,-2.5702,-1.5351,2.7898,0
1.2177,5.4081,1.8306,-2.569,-1.5351,2.7898,0
1.2177,5.4071,1.8305,-2.5679,-1.5351,2.7898,0
1.2177,5.406,1.8305,-2.5667,-1.5351,2.7898,0
1.2177,5.4049,1.8304,-2.5655,-1.5351,2.7898,0
1.2177,5.4038,1.8303,-2.5643,-1.5351,2.7898,0
1.2177,5.4027,1.8302,-2.5631,-1.5351,2.7898,0
1.2177,5.4015,1.8301,-2.5619,-1.5351,2.7898,0
1.2177,5.4004,1.83,-2.5607,-1.5351,2.7898,0
1.2177,5.3993,1.8299,-2.5594,-1.5351,2.7898,0
1.2177,5.3981,1.8298,-2.5582,-1.5351,2.7898,0
1.2177,5.397,1.8297,-2.5569,-1.5351,2.7898,0
1.2177,5.3958,1.8296,-2.5557,-1.5351,2.7898,0
1.2177,5.3947,1.8294,-2.5544,-1.5351,2.7898,0
1.2177,5.3935,1.8293,-2.5531,-1.5351,2.7898,0
1.2177,5.3923,1.8292,-2.5518,-1.5351,2.7898,0
1.2177,5.3911,1.8291,-2.5505,-1.5351,2.7898,0
1.2177,5.3899,1.829,-2.5492,-1.5351,2.7898,0
1.2177,5.3887,1.8288,-2.5478,-1.5351,2.7898,0
1.2177,5.3875,1.8287,-2.5465,-1.5351,2.7898,0
1.2177,5.3863,1.8286,-2.5452,-1.5351,2.7898,0
1.2177,5.3851,1.8284,-2.5438,-1.5351,2.7898,0
1.2177,5.3839,1.8283,-2.5425,-1.5351,2.7898,0
1.2177,5.3827,1.8281,-2.5411,-1.5351,2.7898,0
1.2177,5.3815,1.828,-2.5397,-1.5351,2.7898,0
1.2177,5.3802,1.8278,-2.5383,-1.5351,2.7898,0
1.2177,5.379,1.8277,-2.537,-1.5351,2.7898,0
1.2177,5.3778,1.8275,-2.5356,-1.5351,2.7898,0
1.2177,5.3765,1.8273,-2.5342,-1.5351,2.7898,0
1.2177,5.3753,1.8272,-2.5328,-1.5351,2.7898,0
1.2177,5.3741,1.827,-2.5313,-1.5351,2.7898,0
1.2177,5.3728,1.8268,-2.5299,-1.5351,2.7898,0
1.2177,5.3716,1.8267,-2.5285,-1.5351,2.7898,0
1.2177,5.3703,1.8265,-2.5271,-1.5351,2.7898,0
1.2177,5.3691,1.8263,-2.5257,-1.5351,2.7898,0
1.2177,5.3678,1.8261,-2.5242,-1.5351,2.7898,0
1.2177,5.3666,1.8259,-2.5228,-1.5351,2.7898,0
1.2177,5.3653,1.8258,-2.5214,-1.5351,2.7898,0
1.2177,5.3641,1.8256,-2.5199,-1.5351,2.7898,0
1.2177,5.3628,1.8254,-2.5185,-1.5351,2.7898,0
1.2177,5.3616,1.8252,-2.517,-1.5351,2.7898,0
1.2177,5.3603,1.825,-2.5156,-1.5351,2.7898,0
1.2177,5.3591,1.8248,-2.5141,-1.5351,2.7898,0
1.2177,5.3579,1.8246,-2.5127,-1.5351,2.7898,0
1.2177,5.3566,1.8243,-2.5112,-1.5351,2.7898,0
1.2177,5.3554,1.8241,-2.5098,-1.5351,2.7898,0
1.2177,5.3541,1.8239,-2.5083,-1.5351,2.7898,0
1.2177,5.3529,1.8237,-2.5069,-1.5351,2.7898,0
1.2177,5.3517,1.8235,-2.5054,-1.5351,2.7898,0
1.2177,5.3504,1.8233,-2.504,-1.5351,2.7898,0
1.2177,5.3492,1.823,-2.5025,-1.5351,2.7898,0
1.2177,5.348,1.8228,-2.5011,-1.5351,2.7898,0
1.2177,5.3468,1.8226,-2.4996,-1.5351,2.7898,0
1.2177,5.3455,1.8223,-2.4981,-1.5351,2.7898,0
1.2177,5.3443,1.8221,-2.4967,-1.5351,2.7898,0
1.2177,5.3431,1.8219,-2.4953,-1.5351,2.7898,0
1.2177,5.3419,1.8216,-2.4938,-1.5351,2.7898,0
1.2177,5.3407,1.8214,-2.4924,-1.5351,2.7898,0
1.2177,5.3395,1.8211,-2.4909,-1.5351,2.7898,0
1.2177,5.3383,1.8209,-2.4895,-1.5351,2.7898,0
1.2177,5.3371,1.8206,-2.4881,-1.5351,2.7898,0
1.2177,5.3359,1.8204,-2.4866,-1.5351,2.7898,0
1.2177,5.3348,1.8201,-2.4852,-1.5351,2.7898,0
1.2177,5.3336,1.8199,-2.4838,-1.5351,2.7898,0
1.2177,5.3324,1.8196,-2.4824,-1.5351,2.7898,0
1.2177,5.3313,1.8194,-2.481,-1.5351,2.7898,0
1.2177,5.3301,1.8191,-2.4796,-1.5351,2.7898,0
1.2177,5.329,1.8189,-2.4782,-1.5351,2.7898,0
1.2177,5.3279,1.8186,-2.4768,-1.5351,2.7898,0
1.2177,5.3267,1.8184,-2.4754,-1.5351,2.7898,0
1.2177,5.3256,1.8181,-2.474,-1.5351,2.7898,0
1.2177,5.3245,1.8178,-2.4726,-1.5351,2.7898,0
1.2177,5.3234,1.8176,-2.4713,-1.5351,2.7898,0
1.2177,5.3223,1.8173,-2.4699,-1.5351,2.7898,0
1.2177,5.3212,1.817,-2.4686,-1.5351,2.7898,0
1.2177,5.3202,1.8168,-2.4672,-1.5351,2.7898,0
1.2177,5.3191,1.8165,-2.4659,-1.5351,2.7898,0
1.2177,5.318,1.8162,-2.4646,-1.5351,2.7898,0
1.2177,5.317,1.816,-2.4632,-1.5351,2.7898,0
1.2177,5.3159,1.8157,-2.4619,-1.5351,2.7898,0
1.2177,5.3149,1.8155,-2.4606,-1.5351,2.7898,0
1.2177,5.3139,1.8152,-2.4594,-1.5351,2.7898,0
1.2177,5.3129,1.8149,-2.4581,-1.5351,2.7898,0
1.2177,5.3119,1.8147,-2.4568,-1.5351,2.7898,0
1.2177,5.3109,1.8144,-2.4556,-1.5351,2.7898,0
1.2177,5.3099,1.8141,-2.4543,-1.5351,2.7898,0
1.2177,5.3089,1.8139,-2.4531,-1.5351,2.7898,0
1.2177,5.308,1.8136,-2.4519,-1.5351,2.7898,0
1.2177,5.307,1.8133,-2.4507,-1.5351,2.7898,0
1.2177,5.3061,1.8131,-2.4495,-1.5351,2.7898,0
1.2177,5.3052,1.8128,-2.4483,-1.5351,2.7898,0
1.2177,5.3043,1.8126,-2.4471,-1.5351,2.7898,0
1.2177,5.3034,1.8123,-2.446,-1.5351,2.7898,0
1.2177,5.3025,1.8121,-2.4449,-1.5351,2.7898,0
1.2177,5.3016,1.8118,-2.4437,-1.5351,2.7898,0
1.2177,5.3008,1.8116,-2.4426,-1.5351,2.7898,0
1.2177,5.2999,1.8113,-2.4415,-1.5351,2.7898,0
1.2177,5.2991,1.8111,-2.4405,-1.5351,2.7898,0
1.2177,5.2983,1.8108,-2.4394,-1.5351,2.7898,0
1.2177,5.2975,1.8106,-2.4383,-1.5351,2.7898,0
1.2177,5.2967,1.8104,-2.4373,-1.5351,2.7898,0
1.2177,5.2959,1.8101,-2.4363,-1.5351,2.7898,0
1.2177,5.2951,1.8099,-2.4353,-1.5351,2.7898,0
1.2177,5.2944,1.8097,-2.4343,-1.5351,2.7898,0
1.2177,5.2937,1.8094,-2.4334,-1.5351,2.7898,0
1.2177,5.2929,1.8092,-2.4324,-1.5351,2.7898,0
1.2177,5.2922,1.809,-2.4315,-1.5351,2.7898,0
1.2177,5.2915,1.8088,-2.4306,-1.5351,2.7898,0
1.2177,5.2909,1.8086,-2.4297,-1.5351,2.7898,0
1.2177,5.2902,1.8084,-2.4289,-1.5351,2.7898,0
1.2177,5.2896,1.8082,-2.428,-1.5351,2.7898,0
1.2177,5.2889,1.808,-2.4272,-1.5351,2.7898,0
1.2177,5.2883,1.8078,-2.4264,-1.5351,2.7898,0
1.2177,5.2877,1.8076,-2.4256,-1.5351,2.7898,0
1.2177,5.2872,1.8074,-2.4248,-1.5351,2.7898,0
1.2177,5.2866,1.8072,-2.4241,-1.5351,2.7898,0
1.2177,5.2861,1.807,-2.4234,-1.5351,2.7898,0
1.2177,5.2855,1.8068,-2.4227,-1.5351,2.7898,0
1.2177,5.285,1.8067,-2.422,-1.5351,2.7898,0
1.2177,5.2845,1.8065,-2.4213,-1.5351,2.7898,0
1.2177,5.2841,1.8064,-2.4207,-1.5351,2.7898,0
1.2177,5.2836,1.8062,-2.4201,-1.5351,2.7898,0
1.2177,5.2832,1.8061,-2.4195,-1.5351,2.7898,0
1.2177,5.2827,1.8059,-2.4189,-1.5351,2.7898,0
1.2177,5.2823,1.8058,-2.4184,-1.5351,2.7898,0
1.2177,5.282,1.8057,-2.4179,-1.5351,2.7898,0
1.2177,5.2816,1.8055,-2.4174,-1.5351,2.7898,0
1.2177,5.2813,1.8054,-2.417,-1.5351,2.7898,0
1.2177,5.2809,1.8053,-2.4165,-1.5351,2.7898,0
1.2177,5.2806,1.8052,-2.4161,-1.5351,2.7898,0
1.2177,5.2803,1.8051,-2.4157,-1.5351,2.7898,0
1.2177,5.2801,1.805,-2.4154,-1.5351,2.7898,0
1.2177,5.2798,1.8049,-2.415,-1.5351,2.7898,0
1.2177,5.2796,1.8048,-2.4147,-1.5351,2.7898,0
1.2177,5.2794,1.8048,-2.4145,-1.5351,2.7898,0
1.2177,5.2792,1.8047,-2.4142,-1.5351,2.7898,0
1.2177,5.279,1.8047,-2.414,-1.5351,2.7898,0
1.2177,5.2789,1.8046,-2.4138,-1.5351,2.7898,0
1.2177,5.2788,1.8046,-2.4136,-1.5351,2.7898,0
1.2177,5.2787,1.8045,-2.4135,-1.5351,2.7898,0
1.2177,5.2786,1.8045,-2.4134,-1.5351,2.7898,0
1.2177,5.2785,1.8045,-2.4133,-1.5351,2.7898,0
1.2177,5.2785,1.8045,-2.4133,-1.5351,2.7898,0
1.2177,5.2785,1.8045,-2.4133,-1.5351,2.7898,0
