0.5241,4.7115,0.0021334,-1.5721,-1.5713,6.7776e-08,0
0.52405,4.7116,0.0021365,-1.5721,-1.5713,6.4059e-05,0
0.52388,4.7116,0.0021459,-1.5721,-1.5715,0.00025547,0
0.52361,4.7117,0.0021614,-1.5722,-1.5717,0.00057352,0
0.52323,4.7119,0.0021832,-1.5723,-1.572,0.0010175,0
0.52274,4.7121,0.0022111,-1.5724,-1.5724,0.0015866,0
0.52215,4.7123,0.0022452,-1.5725,-1.5729,0.0022803,0
0.52145,4.7125,0.0022855,-1.5727,-1.5735,0.0030979,0
0.52065,4.7128,0.002332,-1.5728,-1.5741,0.004039,0
0.51974,4.7132,0.0023847,-1.573,-1.5749,0.005103,0
0.51873,4.7136,0.0024437,-1.5733,-1.5757,0.0062894,0
0.51762,4.714,0.0025091,-1.5735,-1.5766,0.0075978,0
0.5164,4.7145,0.0025808,-1.5738,-1.5776,0.0090279,0
0.51508,4.715,0.002659,-1.5741,-1.5787,0.010579,0
0.51366,4.7155,0.0027438,-1.5744,-1.5799,0.012252,0
0.51215,4.7161,0.0028351,-1.5747,-1.5811,0.014045,0
0.51053,4.7167,0.0029332,-1.5751,-1.5824,0.015959,0
0.50881,4.7173,0.0030381,-1.5754,-1.5838,0.017992,0
0.507,4.718,0.0031499,-1.5758,-1.5853,0.020147,0
0.47491,4.7104,0.0026192,-1.5671,-1.5563,0.022309,0
0.47294,4.7112,0.0027495,-1.5675,-1.5579,0.024688,0
0.47087,4.712,0.0028873,-1.568,-1.5596,0.027187,0
0.46872,4.7128,0.0030327,-1.5684,-1.5613,0.029804,0
0.46647,4.7137,0.003186,-1.5689,-1.5632,0.03254,0
0.46412,4.7146,0.0033472,-1.5694,-1.5651,0.035395,0
0.46169,4.7156,0.0035166,-1.5699,-1.567,0.038368,0
0.45916,4.7166,0.0036944,-1.5705,-1.5691,0.041461,0
0.45655,4.7176,0.0038807,-1.571,-1.5712,0.044672,0
0.41468,4.7078,0.0032353,-1.5597,-1.5336,0.047655,0
0.41196,4.7089,0.003447,-1.5603,-1.5358,0.051073,0
0.40915,4.7101,0.0036681,-1.5609,-1.538,0.05461,0
0.40625,4.7113,0.0038987,-1.5615,-1.5404,0.058264,0
0.40327,4.7125,0.0041392,-1.5621,-1.5428,0.062035,0
0.40021,4.7137,0.0043897,-1.5627,-1.5452,0.065925,0
0.39706,4.715,0.0046506,-1.5634,-1.5477,0.069932,0
0.39382,4.7164,0.004922,-1.564,-1.5503,0.074057,0
0.34493,4.7051,0.0041879,-1.5509,-1.5066,0.077583,0
0.34164,4.7065,0.0044928,-1.5515,-1.5092,0.081895,0
0.33827,4.708,0.0048092,-1.5522,-1.5119,0.086323,0
0.33482,4.7095,0.0051375,-1.5529,-1.5146,0.090867,0
0.33129,4.711,0.0054779,-1.5536,-1.5174,0.095527,0
0.32769,4.7125,0.0058307,-1.5543,-1.5203,0.1003,0
0.32401,4.7141,0.0061963,-1.5549,-1.5231,0.1052,0
0.26685,4.7009,0.0054395,-1.5395,-1.4718,0.10893,0
0.26316,4.7026,0.005848,-1.5402,-1.4747,0.11398,0
0.2594,4.7043,0.0062703,-1.5409,-1.4776,0.11914,0
0.25557,4.7061,0.0067068,-1.5416,-1.4806,0.12442,0
0.25167,4.7079,0.0071578,-1.5423,-1.4836,0.12981,0
0.24769,4.7097,0.0076238,-1.543,-1.4867,0.13532,0
0.24365,4.7115,0.008105,-1.5437,-1.4898,0.14093,0
0.18247,4.6974,0.0078503,-1.5274,-1.4349,0.14469,0
0.17846,4.6993,0.0083839,-1.5281,-1.438,0.15043,0
0.17439,4.7013,0.0089339,-1.5287,-1.4411,0.15628,0
0.17025,4.7033,0.0095007,-1.5294,-1.4442,0.16224,0
0.16605,4.7053,0.010085,-1.5301,-1.4474,0.16831,0
0.16178,4.7074,0.010686,-1.5307,-1.4506,0.17449,0
0.083238,4.6875,0.012733,-1.5105,-1.3785,0.17736,0
0.012946,4.6641,0.027377,-1.4996,-1.3167,0.18049,0
-0.014449,4.6581,0.031281,-1.4953,-1.2975,0.18558,0
-0.013852,4.5181,0.34158,-1.6676,-1.3047,0.19322,0
-0.01573,4.509,0.36993,-1.6887,-1.3095,0.2008,0
-0.0177,4.5008,0.39627,-1.7088,-1.3143,0.20846,0
-0.019805,4.4935,0.42098,-1.728,-1.3191,0.21618,0
-0.022132,4.4867,0.44436,-1.7464,-1.3238,0.22397,0
-0.024902,4.4805,0.4666,-1.7641,-1.3281,0.23181,0
-0.030816,4.4738,0.48778,-1.7804,-1.3294,0.2396,0
-0.036583,4.4677,0.5082,-1.7963,-1.3309,0.24747,0
-0.042225,4.4619,0.52796,-1.8119,-1.3325,0.25543,0
-0.047764,4.4565,0.54712,-1.8272,-1.3343,0.26347,0
-0.053214,4.4515,0.56573,-1.8424,-1.3362,0.2716,0
-0.043924,4.4512,0.58379,-1.8617,-1.3532,0.2803,0
-0.042873,4.4488,0.6012,-1.8782,-1.3619,0.28876,0
-0.043169,4.4463,0.61813,-1.894,-1.3695,0.29723,0
-0.044066,4.4439,0.63462,-1.9094,-1.3765,0.30575,0
-0.045299,4.4416,0.65071,-1.9245,-1.3832,0.31431,0
-0.046744,4.4395,0.66641,-1.9394,-1.3899,0.32292,0
-0.048336,4.4376,0.68177,-1.954,-1.3964,0.33158,0
-0.050036,4.4359,0.69679,-1.9684,-1.403,0.34031,0
-0.051819,4.4343,0.71149,-1.9826,-1.4095,0.34908,0
-0.053667,4.433,0.7259,-1.9966,-1.416,0.35791,0
-0.05557,4.4318,0.74003,-2.0105,-1.4226,0.3668,0
-0.057518,4.4308,0.75388,-2.0241,-1.4292,0.37573,0
-0.059506,4.4299,0.76748,-2.0377,-1.4359,0.38473,0
-0.061528,4.4292,0.78083,-2.051,-1.4425,0.39378,0
-0.063581,4.4287,0.79394,-2.0642,-1.4492,0.40288,0
-0.065661,4.4283,0.80683,-2.0773,-1.456,0.41203,0
-0.067766,4.4281,0.8195,-2.0902,-1.4628,0.42124,0
-0.069894,4.4281,0.83195,-2.1029,-1.4696,0.4305,0
-0.072043,4.4281,0.8442,-2.1156,-1.4765,0.43981,0
-0.074211,4.4283,0.85626,-2.1281,-1.4835,0.44917,0
-0.076397,4.4287,0.86812,-2.1404,-1.4904,0.45859,0
-0.0786,4.4292,0.8798,-2.1526,-1.4975,0.46805,0
-0.080818,4.4298,0.8913,-2.1647,-1.5045,0.47757,0
-0.083052,4.4305,0.90263,-2.1766,-1.5116,0.48715,0
-0.085298,4.4314,0.91378,-2.1884,-1.5188,0.49677,0
-0.087558,4.4324,0.92478,-2.2001,-1.5259,0.50644,0
-0.089829,4.4335,0.93561,-2.2116,-1.5332,0.51617,0
-0.092112,4.4347,0.94628,-2.223,-1.5404,0.52595,0
-0.094405,4.4361,0.95681,-2.2343,-1.5477,0.53578,0
-0.096708,4.4375,0.96718,-2.2454,-1.555,0.54566,0
-0.09902,4.4391,0.97741,-2.2564,-1.5624,0.5556,0
-0.10134,4.4408,0.9875,-2.2673,-1.5698,0.56558,0
-0.10367,4.4426,0.99745,-2.278,-1.5772,0.57563,0
-0.106,4.4444,1.0073,-2.2886,-1.5847,0.58572,0
-0.10834,4.4464,1.0169,-2.2991,-1.5922,0.59587,0
-0.11069,4.4485,1.0265,-2.3094,-1.5997,0.60607,0
-0.11305,4.4507,1.0359,-2.3196,-1.6072,0.61632,0
-0.1154,4.453,1.0452,-2.3297,-1.6148,0.62663,0
-0.11776,4.4553,1.0544,-2.3396,-1.6223,0.637,0
-0.12013,4.4578,1.0635,-2.3494,-1.6299,0.64742,0
-0.1225,4.4604,1.0724,-2.359,-1.6375,0.6579,0
-0.12487,4.463,1.0812,-2.3685,-1.6452,0.66843,0
-0.12724,4.4657,1.09,-2.3779,-1.6528,0.67902,0
-0.12961,4.4685,1.0986,-2.3871,-1.6605,0.68967,0
-0.13199,4.4714,1.1071,-2.3962,-1.6682,0.70038,0
-0.13436,4.4744,1.1155,-2.4052,-1.6758,0.71114,0
-0.13674,4.4775,1.1238,-2.414,-1.6835,0.72197,0
-0.13911,4.4806,1.1319,-2.4226,-1.6912,0.73285,0
-0.14148,4.4838,1.14,-2.4311,-1.6989,0.7438,0
-0.14385,4.4871,1.148,-2.4395,-1.7066,0.75481,0
-0.14622,4.4904,1.1559,-2.4477,-1.7143,0.76588,0
-0.14858,4.4939,1.1637,-2.4558,-1.722,0.77702,0
-0.15094,4.4974,1.1714,-2.4637,-1.7297,0.78822,0
-0.1533,4.5009,1.179,-2.4715,-1.7374,0.79948,0
-0.15565,4.5045,1.1865,-2.4791,-1.7451,0.81081,0
-0.158,4.5082,1.194,-2.4866,-1.7527,0.8222,0
-0.16034,4.512,1.2013,-2.4939,-1.7604,0.83367,0
-0.16268,4.5158,1.2086,-2.5011,-1.768,0.8452,0
-0.165,4.5197,1.2158,-2.5081,-1.7757,0.8568,0
-0.16733,4.5236,1.2228,-2.515,-1.7833,0.86846,0
-0.16964,4.5276,1.2298,-2.5217,-1.7909,0.8802,0
-0.17195,4.5316,1.2368,-2.5282,-1.7984,0.89201,0
-0.17424,4.5357,1.2436,-2.5346,-1.806,0.90389,0
-0.17653,4.5399,1.2504,-2.5408,-1.8135,0.91585,0
-0.17881,4.5441,1.2571,-2.5469,-1.821,0.92788,0
-0.18108,4.5483,1.2637,-2.5528,-1.8284,0.93998,0
-0.18334,4.5526,1.2702,-2.5586,-1.8358,0.95216,0
-0.18558,4.557,1.2767,-2.5642,-1.8432,0.96441,0
-0.18782,4.5614,1.2831,-2.5696,-1.8505,0.97674,0
-0.19004,4.5658,1.2894,-2.5748,-1.8578,0.98914,0
-0.19225,4.5703,1.2956,-2.5799,-1.8651,1.0016,0
-0.19445,4.5748,1.3018,-2.5849,-1.8723,1.0142,0
-0.19663,4.5793,1.3079,-2.5896,-1.8795,1.0268,0
-0.19881,4.5839,1.3139,-2.5942,-1.8866,1.0395,0
-0.20096,4.5886,1.3199,-2.5986,-1.8936,1.0523,0
-0.2031,4.5932,1.3257,-2.6029,-1.9006,1.0652,0
-0.20523,4.5979,1.3316,-2.607,-1.9076,1.0782,0
-0.20734,4.6027,1.3373,-2.6109,-1.9145,1.0912,0
-0.20944,4.6074,1.343,-2.6146,-1.9213,1.1043,0
-0.21152,4.6122,1.3486,-2.6182,-1.9281,1.1176,0
-0.21358,4.6171,1.3541,-2.6216,-1.9348,1.1308,0
-0.21563,4.6219,1.3596,-2.6248,-1.9414,1.1442,0
-0.21765,4.6268,1.365,-2.6278,-1.9479,1.1577,0
-0.21966,4.6317,1.3704,-2.6307,-1.9544,1.1712,0
-0.22166,4.6367,1.3756,-2.6334,-1.9608,1.1848,0
-0.22363,4.6416,1.3808,-2.6359,-1.9671,1.1985,0
-0.22558,4.6466,1.386,-2.6383,-1.9734,1.2123,0
-0.22752,4.6516,1.3911,-2.6405,-1.9795,1.2261,0
-0.22944,4.6567,1.3961,-2.6425,-1.9856,1.2401,0
-0.23133,4.6617,1.401,-2.6443,-1.9916,1.2541,0
-0.23321,4.6668,1.4059,-2.6459,-1.9975,1.2682,0
-0.23506,4.6719,1.4107,-2.6474,-2.0033,1.2824,0
-0.23689,4.677,1.4154,-2.6487,-2.009,1.2966,0
-0.23871,4.6821,1.4201,-2.6498,-2.0146,1.311,0
-0.2405,4.6873,1.4247,-2.6508,-2.0201,1.3254,0
-0.24227,4.6924,1.4292,-2.6516,-2.0255,1.3399,0
-0.24401,4.6976,1.4337,-2.6522,-2.0308,1.3544,0
-0.24574,4.7028,1.4381,-2.6526,-2.036,1.369,0
-0.24744,4.708,1.4424,-2.6529,-2.0411,1.3837,0
-0.24912,4.7132,1.4466,-2.653,-2.0461,1.3985,0
-0.25078,4.7185,1.4508,-2.6529,-2.051,1.4133,0
-0.25241,4.7237,1.4549,-2.6527,-2.0557,1.4283,0
-0.25402,4.729,1.4589,-2.6523,-2.0604,1.4432,0
-0.25561,4.7342,1.4629,-2.6517,-2.0649,1.4582,0
-0.25717,4.7395,1.4668,-2.651,-2.0693,1.4733,0
-0.25871,4.7448,1.4706,-2.6501,-2.0736,1.4885,0
-0.26022,4.7501,1.4743,-2.649,-2.0778,1.5037,0
-0.26171,4.7554,1.478,-2.6478,-2.0818,1.5189,0
-0.26318,4.7608,1.4816,-2.6465,-2.0857,1.5342,0
-0.26462,4.7661,1.4851,-2.645,-2.0895,1.5496,0
-0.26603,4.7714,1.4885,-2.6433,-2.0932,1.565,0
-0.26742,4.7768,1.4918,-2.6415,-2.0967,1.5804,0
-0.26879,4.7822,1.4951,-2.6396,-2.1001,1.5958,0
-0.27013,4.7875,1.4983,-2.6375,-2.1034,1.6113,0
-0.27145,4.7929,1.5014,-2.6353,-2.1065,1.6269,0
-0.27274,4.7983,1.5044,-2.6329,-2.1095,1.6424,0
-0.274,4.8037,1.5074,-2.6305,-2.1124,1.658,0
-0.27524,4.8091,1.5102,-2.6279,-2.1151,1.6736,0
-0.27646,4.8145,1.513,-2.6251,-2.1178,1.6892,0
-0.27764,4.82,1.5157,-2.6223,-2.1202,1.7048,0
-0.27881,4.8254,1.5183,-2.6193,-2.1226,1.7204,0
-0.27995,4.8308,1.5208,-2.6163,-2.1248,1.7361,0
-0.28106,4.8363,1.5232,-2.6131,-2.1268,1.7517,0
-0.28215,4.8418,1.5255,-2.6098,-2.1288,1.7673,0
-0.28321,4.8472,1.5278,-2.6065,-2.1305,1.7829,0
-0.28424,4.8527,1.53,-2.603,-2.1322,1.7985,0
-0.28525,4.8582,1.532,-2.5995,-2.1337,1.8141,0
-0.28624,4.8637,1.534,-2.5958,-2.1351,1.8296,0
-0.2872,4.8692,1.5359,-2.5921,-2.1364,1.8451,0
-0.28813,4.8747,1.5377,-2.5883,-2.1375,1.8606,0
-0.28904,4.8802,1.5395,-2.5845,-2.1385,1.8761,0
-0.28993,4.8858,1.5411,-2.5805,-2.1393,1.8915,0
-0.29079,4.8913,1.5427,-2.5766,-2.1401,1.9068,0
-0.29163,4.8969,1.5441,-2.5725,-2.1407,1.9221,0
-0.29244,4.9024,1.5455,-2.5684,-2.1411,1.9374,0
-0.29322,4.908,1.5468,-2.5643,-2.1415,1.9526,0
-0.29399,4.9135,1.548,-2.5601,-2.1417,1.9677,0
-0.29473,4.9191,1.5491,-2.5559,-2.1418,1.9828,0
-0.29544,4.9247,1.5501,-2.5516,-2.1417,1.9977,0
-0.29613,4.9303,1.551,-2.5474,-2.1416,2.0127,0
-0.2968,4.9359,1.5519,-2.5431,-2.1413,2.0275,0
-0.29744,4.9415,1.5526,-2.5387,-2.1409,2.0422,0
-0.29807,4.9471,1.5533,-2.5344,-2.1404,2.0569,0
-0.29866,4.9527,1.5539,-2.5301,-2.1398,2.0714,0
-0.29924,4.9583,1.5544,-2.5257,-2.1391,2.0859,0
-0.29979,4.9639,1.5549,-2.5213,-2.1383,2.1002,0
-0.30033,4.9695,1.5552,-2.517,-2.1373,2.1145,0
-0.30084,4.9751,1.5555,-2.5126,-2.1363,2.1286,0
-0.30132,4.9807,1.5557,-2.5083,-2.1351,2.1427,0
-0.30179,4.9863,1.5558,-2.504,-2.1339,2.1566,0
-0.30224,4.9919,1.5558,-2.4997,-2.1325,2.1704,0
-0.30266,4.9975,1.5558,-2.4954,-2.1311,2.184,0
-0.30307,5.0031,1.5557,-2.4911,-2.1296,2.1976,0
-0.30345,5.0087,1.5555,-2.4869,-2.128,2.211,0
-0.30382,5.0143,1.5553,-2.4826,-2.1263,2.2243,0
-0.30417,5.0198,1.555,-2.4785,-2.1245,2.2374,0
-0.30449,5.0254,1.5546,-2.4743,-2.1227,2.2505,0
-0.3048,5.031,1.5541,-2.4702,-2.1207,2.2633,0
-0.30509,5.0365,1.5536,-2.4661,-2.1187,2.2761,0
-0.30537,5.042,1.553,-2.4621,-2.1166,2.2887,0
-0.30562,5.0475,1.5524,-2.4581,-2.1145,2.3011,0
-0.30586,5.053,1.5517,-2.4541,-2.1123,2.3134,0
-0.30608,5.0585,1.5509,-2.4502,-2.11,2.3256,0
-0.30628,5.064,1.5501,-2.4464,-2.1077,2.3376,0
-0.30647,5.0694,1.5492,-2.4426,-2.1053,2.3494,0
-0.30664,5.0748,1.5483,-2.4388,-2.1029,2.3611,0
-0.3068,5.0802,1.5473,-2.4351,-2.1004,2.3727,0
-0.30694,5.0856,1.5463,-2.4315,-2.0979,2.384,0
-0.30707,5.0909,1.5453,-2.4279,-2.0953,2.3953,0
-0.30719,5.0962,1.5442,-2.4243,-2.0927,2.4063,0
-0.30729,5.1015,1.543,-2.4209,-2.0901,2.4172,0
-0.30738,5.1067,1.5418,-2.4175,-2.0874,2.428,0
-0.30745,5.1119,1.5406,-2.4141,-2.0847,2.4385,0
-0.30751,5.1171,1.5393,-2.4108,-2.082,2.4489,0
-0.30756,5.1222,1.538,-2.4075,-2.0793,2.4592,0
-0.3076,5.1273,1.5367,-2.4044,-2.0765,2.4693,0
-0.30763,5.1323,1.5353,-2.4012,-2.0737,2.4792,0
-0.30765,5.1373,1.5339,-2.3982,-2.0709,2.4889,0
-0.30765,5.1423,1.5325,-2.3952,-2.0681,2.4985,0
-0.30765,5.1472,1.531,-2.3922,-2.0653,2.5079,0
-0.30764,5.152,1.5296,-2.3894,-2.0625,2.5171,0
-0.30762,5.1568,1.5281,-2.3865,-2.0597,2.5262,0
-0.30759,5.1616,1.5266,-2.3838,-2.0568,2.5351,0
-0.30755,5.1663,1.5251,-2.3811,-2.054,2.5438,0
-0.30751,5.1709,1.5235,-2.3785,-2.0512,2.5523,0
-0.30746,5.1755,1.522,-2.3759,-2.0484,2.5607,0
-0.3074,5.18,1.5205,-2.3734,-2.0456,2.5689,0
-0.30733,5.1844,1.5189,-2.3709,-2.0429,2.5769,0
-0.30726,5.1888,1.5173,-2.3686,-2.0401,2.5848,0
-0.30719,5.1931,1.5158,-2.3662,-2.0374,2.5925,0
-0.3071,5.1974,1.5142,-2.364,-2.0347,2.6,0
-0.30702,5.2015,1.5126,-2.3618,-2.032,2.6073,0
-0.30693,5.2056,1.5111,-2.3596,-2.0293,2.6144,0
-0.30683,5.2097,1.5095,-2.3575,-2.0267,2.6214,0
-0.30674,5.2136,1.508,-2.3555,-2.0241,2.6282,0
-0.30664,5.2175,1.5065,-2.3535,-2.0216,2.6348,0
-0.30653,5.2212,1.5049,-2.3516,-2.0191,2.6413,0
-0.30643,5.2249,1.5034,-2.3498,-2.0166,2.6475,0
-0.30632,5.2286,1.5019,-2.348,-2.0142,2.6536,0
-0.30621,5.2321,1.5005,-2.3462,-2.0118,2.6596,0
-0.30611,5.2355,1.499,-2.3445,-2.0095,2.6653,0
-0.306,5.2389,1.4976,-2.3429,-2.0072,2.6708,0
-0.30589,5.2421,1.4962,-2.3413,-2.005,2.6762,0
-0.30578,5.2453,1.4948,-2.3398,-2.0028,2.6814,0
-0.30567,5.2484,1.4935,-2.3384,-2.0007,2.6864,0
-0.30556,5.2513,1.4922,-2.337,-1.9986,2.6913,0
-0.30545,5.2542,1.4909,-2.3356,-1.9966,2.6959,0
-0.30534,5.257,1.4896,-2.3344,-1.9947,2.7004,0
-0.30524,5.2596,1.4884,-2.3331,-1.9928,2.7047,0
-0.30514,5.2622,1.4873,-2.3319,-1.991,2.7088,0
-0.30504,5.2647,1.4861,-2.3308,-1.9893,2.7127,0
-0.30494,5.267,1.485,-2.3298,-1.9876,2.7165,0
-0.30485,5.2693,1.484,-2.3287,-1.9861,2.72,0
-0.30476,5.2714,1.483,-2.3278,-1.9845,2.7234,0
-0.30467,5.2734,1.482,-2.3269,-1.9831,2.7266,0
-0.30459,5.2753,1.4811,-2.326,-1.9817,2.7296,0
-0.30451,5.2771,1.4803,-2.3252,-1.9805,2.7324,0
-0.30443,5.2788,1.4795,-2.3245,-1.9793,2.7351,0
-0.30436,5.2804,1.4787,-2.3238,-1.9781,2.7375,0
-0.3043,5.2818,1.478,-2.3232,-1.9771,2.7397,0
-0.30423,5.2832,1.4774,-2.3226,-1.9761,2.7418,0
-0.30418,5.2844,1.4768,-2.3221,-1.9753,2.7437,0
-0.30413,5.2855,1.4763,-2.3216,-1.9745,2.7453,0
-0.30408,5.2864,1.4758,-2.3212,-1.9738,2.7468,0
-0.30404,5.2873,1.4754,-2.3208,-1.9732,2.7481,0
-0.30401,5.288,1.475,-2.3205,-1.9727,2.7492,0
-0.30398,5.2886,1.4747,-2.3203,-1.9723,2.7501,0
-0.30396,5.289,1.4745,-2.3201,-1.9719,2.7508,0
-0.30395,5.2893,1.4744,-2.3199,-1.9717,2.7513,0
-0.30394,5.2895,1.4743,-2.3198,-1.9716,2.7516,0
-0.30393,5.2896,1.4742,-2.3198,-1.9715,2.7517,0
-0.30393,5.2896,1.4742,-2.3198,-1.9715,2.7517,0
-0.30393,5.2896,1.4742,-2.3198,-1.9715,2.7517,0
-0.30393,5.2896,1.4743,-2.3199,-1.9715,2.7517,0
-0.30393,5.2897,1.4743,-2.3199,-1.9715,2.7517,0
-0.30393,5.2897,1.4743,-2.32,-1.9715,2.7517,0
-0.30393,5.2898,1.4744,-2.3202,-1.9715,2.7517,0
-0.30393,5.2898,1.4745,-2.3203,-1.9715,2.7517,0
-0.30393,5.2899,1.4746,-2.3205,-1.9715,2.7517,0
-0.30393,5.29,1.4747,-2.3207,-1.9715,2.7517,0
-0.30393,5.2902,1.4748,-2.321,-1.9715,2.7517,0
-0.30393,5.2903,1.475,-2.3212,-1.9715,2.7517,0
-0.30393,5.2904,1.4751,-2.3215,-1.9715,2.7517,0
-0.30393,5.2906,1.4753,-2.3219,-1.9715,2.7517,0
-0.30393,5.2908,1.4755,-2.3222,-1.9715,2.7517,0
-0.30393,5.2909,1.4757,-2.3226,-1.9715,2.7517,0
-0.30393,5.2911,1.4759,-2.323,-1.9715,2.7517,0
-0.30393,5.2913,1.4761,-2.3234,-1.9715,2.7517,0
-0.30393,5.2915,1.4763,-2.3238,-1.9715,2.7517,0
-0.30393,5.2918,1.4766,-2.3243,-1.9715,2.7517,0
-0.30393,5.292,1.4768,-2.3248,-1.9715,2.7517,0
-0.30393,5.2923,1.4771,-2.3253,-1.9715,2.7517,0
-0.30393,5.2925,1.4774,-2.3259,-1.9715,2.7517,0
-0.30393,5.2928,1.4776,-2.3264,-1.9715,2.7517,0
-0.30393,5.2931,1.4779,-2.327,-1.9715,2.7517,0
-0.30393,5.2934,1.4783,-2.3277,-1.9715,2.7517,0
-0.30393,5.2937,1.4786,-2.3283,-1.9715,2.7517,0
-0.30393,5.294,1.4789,-2.3289,-1.9715,2.7517,0
-0.30393,5.2944,1.4793,-2.3296,-1.9715,2.7517,0
-0.30393,5.2947,1.4796,-2.3303,-1.9715,2.7517,0
-0.30393,5.2951,1.48,-2.331,-1.9715,2.7517,0
-0.30393,5.2954,1.4804,-2.3318,-1.9715,2.7517,0
-0.30393,5.2958,1.4807,-2.3326,-1.9715,2.7517,0
-0.30393,5.2962,1.4811,-2.3333,-1.9715,2.7517,0
-0.30393,5.2966,1.4815,-2.3341,-1.9715,2.7517,0
-0.30393,5.297,1.482,-2.335,-1.9715,2.7517,0
-0.30393,5.2974,1.4824,-2.3358,-1.9715,2.7517,0
-0.30393,5.2979,1.4828,-2.3367,-1.9715,2.7517,0
-0.30393,5.2983,1.4833,-2.3375,-1.9715,2.7517,0
-0.30393,5.2988,1.4837,-2.3384,-1.9715,2.7517,0
-0.30393,5.2992,1.4842,-2.3394,-1.9715,2.7517,0
-0.30393,5.2997,1.4846,-2.3403,-1.9715,2.7517,0
-0.30393,5.3002,1.4851,-2.3412,-1.9715,2.7517,0
-0.30393,5.3006,1.4856,-2.3422,-1.9715,2.7517,0
-0.30393,5.3011,1.4861,-2.3432,-1.9715,2.7517,0
-0.30393,5.3017,1.4865,-2.3442,-1.9715,2.7517,0
-0.30393,5.3022,1.4871,-2.3452,-1.9715,2.7517,0
-0.30393,5.3027,1.4876,-2.3462,-1.9715,2.7517,0
-0.30393,5.3032,1.4881,-2.3473,-1.9715,2.7517,0
-0.30393,5.3038,1.4886,-2.3483,-1.9715,2.7517,0
-0.30393,5.3043,1.4891,-2.3494,-1.9715,2.7517,0
-0.30393,5.3049,1.4896,-2.3505,-1.9715,2.7517,0
-0.30393,5.3055,1.4902,-2.3516,-1.9715,2.7517,0
-0.30393,5.306,1.4907,-2.3527,-1.9715,2.7517,0
-0.30393,5.3066,1.4913,-2.3539,-1.9715,2.7517,0
-0.30393,5.3072,1.4918,-2.355,-1.9715,2.7517,0
-0.30393,5.3078,1.4924,-2.3562,-1.9715,2.7517,0
-0.30393,5.3084,1.4929,-2.3574,-1.9715,2.7517,0
-0.30393,5.309,1.4935,-2.3585,-1.9715,2.7517,0
-0.30393,5.3097,1.4941,-2.3597,-1.9715,2.7517,0
-0.30393,5.3103,1.4947,-2.3609,-1.9715,2.7517,0
-0.30393,5.3109,1.4952,-2.3622,-1.9715,2.7517,0
-0.30393,5.3116,1.4958,-2.3634,-1.9715,2.7517,0
-0.30393,5.3123,1.4964,-2.3646,-1.9715,2.7517,0
-0.30393,5.3129,1.497,-2.3659,-1.9715,2.7517,0
-0.30393,5.3136,1.4976,-2.3672,-1.9715,2.7517,0
-0.30393,5.3143,1.4982,-2.3684,-1.9715,2.7517,0
-0.30393,5.315,1.4988,-2.3697,-1.9715,2.7517,0
-0.30393,5.3156,1.4994,-2.371,-1.9715,2.7517,0
-0.30393,5.3163,1.5,-2.3723,-1.9715,2.7517,0
-0.30393,5.3171,1.5006,-2.3736,-1.9715,2.7517,0
-0.30393,5.3178,1.5012,-2.3749,-1.9715,2.7517,0
-0.30393,5.3185,1.5018,-2.3763,-1.9715,2.7517,0
-0.30393,5.3192,1.5024,-2.3776,-1.9715,2.7517,0
-0.30393,5.3199,1.503,-2.3789,-1.9715,2.7517,0
-0.30393,5.3207,1.5036,-2.3803,-1.9715,2.7517,0
-0.30393,5.3214,1.5042,-2.3816,-1.9715,2.7517,0
-0.30393,5.3222,1.5048,-2.383,-1.9715,2.7517,0
-0.30393,5.3229,1.5054,-2.3844,-1.9715,2.7517,0
-0.30393,5.3237,1.5061,-2.3857,-1.9715,2.7517,0
-0.30393,5.3244,1.5067,-2.3871,-1.9715,2.7517,0
-0.30393,5.3252,1.5073,-2.3885,-1.9715,2.7517,0
-0.30393,5.326,1.5079,-2.3899,-1.9715,2.7517,0
-0.30393,5.3268,1.5085,-2.3913,-1.9715,2.7517,0
-0.30393,5.3275,1.5091,-2.3927,-1.9715,2.7517,0
-0.30393,5.3283,1.5097,-2.3941,-1.9715,2.7517,0
-0.30393,5.3291,1.5104,-2.3955,-1.9715,2.7517,0
-0.30393,5.3299,1.511,-2.3969,-1.9715,2.7517,0
-0.30393,5.3307,1.5116,-2.3983,-1.9715,2.7517,0
-0.30393,5.3315,1.5122,-2.3997,-1.9715,2.7517,0
-0.30393,5.3323,1.5128,-2.4011,-1.9715,2.7517,0
-0.30393,5.3331,1.5134,-2.4025,-1.9715,2.7517,0
-0.30393,5.334,1.514,-2.404,-1.9715,2.7517,0
-0.30393,5.3348,1.5146,-2.4054,-1.9715,2.7517,0
-0.30393,5.3356,1.5152,-2.4068,-1.9715,2.7517,0
-0.30393,5.3364,1.5158,-2.4082,-1.9715,2.7517,0
-0.30393,5.3372,1.5164,-2.4097,-1.9715,2.7517,0
-0.30393,5.3381,1.517,-2.4111,-1.9715,2.7517,0
-0.30393,5.3389,1.5176,-2.4125,-1.9715,2.7517,0
-0.30393,5.3397,1.5182,-2.4139,-1.9715,2.7517,0
-0.30393,5.3406,1.5188,-2.4154,-1.9715,2.7517,0
-0.30393,5.3414,1.5194,-2.4168,-1.9715,2.7517,0
-0.30393,5.3423,1.52,-2.4182,-1.9715,2.7517,0
-0.30393,5.3431,1.5206,-2.4196,-1.9715,2.7517,0
-0.30393,5.3439,1.5211,-2.4211,-1.9715,2.7517,0
-0.30393,5.3448,1.5217,-2.4225,-1.9715,2.7517,0
-0.30393,5.3456,1.5223,-2.4239,-1.9715,2.7517,0
-0.30393,5.3465,1.5229,-2.4253,-1.9715,2.7517,0
-0.30393,5.3473,1.5234,-2.4267,-1.9715,2.7517,0
-0.30393,5.3482,1.524,-2.4282,-1.9715,2.7517,0
-0.30393,5.349,1.5246,-2.4296,-1.9715,2.7517,0
-0.30393,5.3499,1.5251,-2.431,-1.9715,2.7517,0
-0.30393,5.3507,1.5257,-2.4324,-1.9715,2.7517,0
-0.30393,5.3516,1.5262,-2.4338,-1.9715,2.7517,0
-0.30393,5.3524,1.5268,-2.4352,-1.9715,2.7517,0
-0.30393,5.3533,1.5273,-2.4365,-1.9715,2.7517,0
-0.30393,5.3541,1.5278,-2.4379,-1.9715,2.7517,0
-0.30393,5.355,1.5284,-2.4393,-1.9715,2.7517,0
-0.30393,5.3558,1.5289,-2.4407,-1.9715,2.7517,0
-0.30393,5.3566,1.5294,-2.442,-1.9715,2.7517,0
-0.30393,5.3575,1.5299,-2.4434,-1.9715,2.7517,0
-0.30393,5.3583,1.5304,-2.4448,-1.9715,2.7517,0
-0.30393,5.3592,1.5309,-2.4461,-1.9715,2.7517,0
-0.30393,5.36,1.5315,-2.4474,-1.9715,2.7517,0
-0.30393,5.3608,1.532,-2.4488,-1.9715,2.7517,0
-0.30393,5.3617,1.5324,-2.4501,-1.9715,2.7517,0
-0.30393,5.3625,1.5329,-2.4514,-1.9715,2.7517,0
-0.30393,5.3633,1.5334,-2.4527,-1.9715,2.7517,0
-0.30393,5.3641,1.5339,-2.454,-1.9715,2.7517,0
-0.30393,5.365,1.5344,-2.4553,-1.9715,2.7517,0
-0.30393,5.3658,1.5348,-2.4566,-1.9715,2.7517,0
-0.30393,5.3666,1.5353,-2.4579,-1.9715,2.7517,0
-0.30393,5.3674,1.5358,-2.4592,-1.9715,2.7517,0
-0.30393,5.3682,1.5362,-2.4604,-1.9715,2.7517,0
-0.30393,5.369,1.5367,-2.4617,-1.9715,2.7517,0
-0.30393,5.3698,1.5371,-2.4629,-1.9715,2.7517,0
-0.30393,5.3706,1.5376,-2.4641,-1.9715,2.7517,0
-0.30393,5.3714,1.538,-2.4654,-1.9715,2.7517,0
-0.30393,5.3722,1.5384,-2.4666,-1.9715,2.7517,0
-0.30393,5.3729,1.5388,-2.4678,-1.9715,2.7517,0
-0.30393,5.3737,1.5392,-2.4689,-1.9715,2.7517,0
-0.30393,5.3745,1.5397,-2.4701,-1.9715,2.7517,0
-0.30393,5.3752,1.5401,-2.4713,-1.9715,2.7517,0
-0.30393,5.376,1.5405,-2.4724,-1.9715,2.7517,0
-0.30393,5.3767,1.5408,-2.4736,-1.9715,2.7517,0
-0.30393,5.3775,1.5412,-2.4747,-1.9715,2.7517,0
-0.30393,5.3782,1.5416,-2.4758,-1.9715,2.7517,0
-0.30393,5.3789,1.542,-2.4769,-1.9715,2.7517,0
-0.30393,5.3796,1.5424,-2.478,-1.9715,2.7517,0
-0.30393,5.3804,1.5427,-2.4791,-1.9715,2.7517,0
-0.30393,5.3811,1.5431,-2.4801,-1.9715,2.7517,0
-0.30393,5.3818,1.5434,-2.4812,-1.9715,2.7517,0
-0.30393,5.3824,1.5438,-2.4822,-1.9715,2.7517,0
-0.30393,5.3831,1.5441,-2.4832,-1.9715,2.7517,0
-0.30393,5.3838,1.5444,-2.4842,-1.9715,2.7517,0
-0.30393,5.3844,1.5448,-2.4852,-1.9715,2.7517,0
-0.30393,5.3851,1.5451,-2.4862,-1.9715,2.7517,0
-0.30393,5.3857,1.5454,-2.4871,-1.9715,2.7517,0
-0.30393,5.3864,1.5457,-2.488,-1.9715,2.7517,0
-0.30393,5.387,1.546,-2.489,-1.9715,2.7517,0
-0.30393,5.3876,1.5463,-2.4899,-1.9715,2.7517,0
-0.30393,5.3882,1.5466,-2.4908,-1.9715,2.7517,0
-0.30393,5.3888,1.5468,-2.4916,-1.9715,2.7517,0
-0.30393,5.3894,1.5471,-2.4925,-1.9715,2.7517,0
-0.30393,5.3899,1.5474,-2.4933,-1.9715,2.7517,0
-0.30393,5.3905,1.5476,-2.4941,-1.9715,2.7517,0
-0.30393,5.391,1.5479,-2.4949,-1.9715,2.7517,0
-0.30393,5.3916,1.5481,-2.4957,-1.9715,2.7517,0
-0.30393,5.3921,1.5484,-2.4965,-1.9715,2.7517,0
-0.30393,5.3926,1.5486,-2.4972,-1.9715,2.7517,0
-0.30393,5.3931,1.5489,-2.498,-1.9715,2.7517,0
-0.30393,5.3936,1.5491,-2.4987,-1.9715,2.7517,0
-0.30393,5.3941,1.5493,-2.4994,-1.9715,2.7517,0
-0.30393,5.3945,1.5495,-2.5,-1.9715,2.7517,0
-0.30393,5.395,1.5497,-2.5007,-1.9715,2.7517,0
-0.30393,5.3954,1.5499,-2.5013,-1.9715,2.7517,0
-0.30393,5.3958,1.5501,-2.5019,-1.9715,2.7517,0
-0.30393,5.3962,1.5503,-2.5025,-1.9715,2.7517,0
-0.30393,5.3966,1.5504,-2.5031,-1.9715,2.7517,0
-0.30393,5.397,1.5506,-2.5036,-1.9715,2.7517,0
-0.30393,5.3974,1.5508,-2.5041,-1.9715,2.7517,0
-0.30393,5.3977,1.5509,-2.5046,-1.9715,2.7517,0
-0.30393,5.3981,1.5511,-2.5051,-1.9715,2.7517,0
-0.30393,5.3984,1.5512,-2.5056,-1.9715,2.7517,0
-0.30393,5.3987,1.5513,-2.506,-1.9715,2.7517,0
-0.30393,5.399,1.5515,-2.5064,-1.9715,2.7517,0
-0.30393,5.3992,1.5516,-2.5068,-1.9715,2.7517,0
-0.30393,5.3995,1.5517,-2.5072,-1.9715,2.7517,0
-0.30393,5.3997,1.5518,-2.5075,-1.9715,2.7517,0
-0.30393,5.4,1.5519,-2.5078,-1.9715,2.7517,0
-0.30393,5.4002,1.552,-2.5081,-1.9715,2.7517,0
-0.30393,5.4004,1.552,-2.5084,-1.9715,2.7517,0
-0.30393,5.4005,1.5521,-2.5086,-1.9715,2.7517,0
-0.30393,5.4007,1.5522,-2.5089,-1.9715,2.7517,0
-0.30393,5.4008,1.5522,-2.5091,-1.9715,2.7517,0
-0.30393,5.4009,1.5523,-2.5092,-1.9715,2.7517,0
-0.30393,5.401,1.5523,-2.5094,-1.9715,2.7517,0
-0.30393,5.4011,1.5524,-2.5095,-1.9715,2.7517,0
-0.30393,5.4012,1.5524,-2.5096,-1.9715,2.7517,0
-0.30393,5.4012,1.5524,-2.5097,-1.9715,2.7517,0
-0.30393,5.4013,1.5524,-2.5097,-1.9715,2.7517,0
-0.30393,5.4013,1.5524,-2.5097,-1.9715,2.7517,0
-0.30393,5.4013,1.5524,-2.5097,-1.9715,2.7517,1
-0.30393,5.4013,1.5524,-2.5097,-1.9715,2.7517,1
-0.30393,5.4012,1.5524,-2.5097,-1.9715,2.7517,1
-0.30393,5.4012,1.5524,-2.5096,-1.9715,2.7517,1
-0.30393,5.4011,1.5524,-2.5095,-1.9715,2.7517,1
-0.30393,5.401,1.5523,-2.5094,-1.9715,2.7517,1
-0.30393,5.4009,1.5523,-2.5092,-1.9715,2.7517,1
-0.30393,5.4008,1.5522,-2.5091,-1.9715,2.7517,1
-0.30393,5.4007,1.5522,-2.5089,-1.9715,2.7517,1
-0.30393,5.4005,1.5521,-2.5086,-1.9715,2.7517,1
-0.30393,5.4004,1.552,-2.5084,-1.9715,2.7517,1
-0.30393,5.4002,1.552,-2.5081,-1.9715,2.7517,1
-0.30393,5.4,1.5519,-2.5078,-1.9715,2.7517,1
-0.30393,5.3997,1.5518,-2.5075,-1.9715,2.7517,1
-0.30393,5.3995,1.5517,-2.5072,-1.9715,2.7517,1
-0.30393,5.3992,1.5516,-2.5068,-1.9715,2.7517,1
-0.30393,5.399,1.5515,-2.5064,-1.9715,2.7517,1
-0.30393,5.3987,1.5513,-2.506,-1.9715,2.7517,1
-0.30393,5.3984,1.5512,-2.5056,-1.9715,2.7517,1
-0.30393,5.3981,1.5511,-2.5051,-1.9715,2.7517,1
-0.30393,5.3977,1.5509,-2.5046,-1.9715,2.7517,1
-0.30393,5.3974,1.5508,-2.5041,-1.9715,2.7517,1
-0.30393,5.397,1.5506,-2.5036,-1.9715,2.7517,1
-0.30393,5.3966,1.5504,-2.5031,-1.9715,2.7517,1
-0.30393,5.3962,1.5503,-2.5025,-1.9715,2.7517,1
-0.30393,5.3958,1.5501,-2.5019,-1.9715,2.7517,1
-0.30393,5.3954,1.5499,-2.5013,-1.9715,2.7517,1
-0.30393,5.395,1.5497,-2.5007,-1.9715,2.7517,1
-0.30393,5.3945,1.5495,-2.5,-1.9715,2.7517,1
-0.30393,5.3941,1.5493,-2.4994,-1.9715,2.7517,1
-0.30393,5.3936,1.5491,-2.4987,-1.9715,2.7517,1
-0.30393,5.3931,1.5489,-2.498,-1.9715,2.7517,1
-0.30393,5.3926,1.5486,-2.4972,-1.9715,2.7517,1
-0.30393,5.3921,1.5484,-2.4965,-1.9715,2.7517,1
-0.30393,5.3916,1.5482,-2.4957,-1.9715,2.7517,1
-0.30393,5.391,1.5479,-2.4949,-1.9715,2.7517,1
-0.30393,5.3905,1.5477,-2.4941,-1.9715,2.7517,1
-0.30393,5.3899,1.5474,-2.4933,-1.9715,2.7517,1
-0.30393,5.3894,1.5471,-2.4925,-1.9715,2.7517,1
-0.30393,5.3888,1.5469,-2.4916,-1.9715,2.7517,1
-0.30393,5.3882,1.5466,-2.4908,-1.9715,2.7517,1
-0.30393,5.3876,1.5463,-2.4899,-1.9715,2.7517,1
-0.30393,5.387,1.546,-2.489,-1.9715,2.7517,1
-0.30393,5.3864,1.5457,-2.4881,-1.9715,2.7517,1
-0.30393,5.3857,1.5454,-2.4871,-1.9715,2.7517,1
-0.30393,5.3851,1.5451,-2.4862,-1.9715,2.7517,1
-0.30393,5.3844,1.5448,-2.4852,-1.9715,2.7517,1
-0.30393,5.3838,1.5445,-2.4842,-1.9715,2.7517,1
-0.30393,5.3831,1.5441,-2.4832,-1.9715,2.7517,1
-0.30393,5.3824,1.5438,-2.4822,-1.9715,2.7517,1
-0.30393,5.3817,1.5434,-2.4812,-1.9715,2.7517,1
-0.30393,5.381,1.5431,-2.4801,-1.9715,2.7517,1
-0.30393,5.3803,1.5427,-2.4791,-1.9715,2.7517,1
-0.30393,5.3796,1.5424,-2.478,-1.9715,2.7517,1
-0.30393,5.3789,1.542,-2.4769,-1.9715,2.7517,1
-0.30393,5.3782,1.5416,-2.4758,-1.9715,2.7517,1
-0.30393,5.3774,1.5413,-2.4747,-1.9715,2.7517,1
-0.30393,5.3767,1.5409,-2.4736,-1.9715,2.7517,1
-0.30393,5.376,1.5405,-2.4724,-1.9715,2.7517,1
-0.30393,5.3752,1.5401,-2.4713,-1.9715,2.7517,1
-0.30393,5.3744,1.5397,-2.4701,-1.9715,2.7517,1
-0.30393,5.3737,1.5393,-2.469,-1.9715,2.7517,1
-0.30393,5.3729,1.5389,-2.4678,-1.9715,2.7517,1
-0.30393,5.3721,1.5385,-2.4666,-1.9715,2.7517,1
-0.30393,5.3714,1.538,-2.4654,-1.9715,2.7517,1
-0.30393,5.3706,1.5376,-2.4642,-1.9715,2.7517,1
-0.30393,5.3698,1.5372,-2.4629,-1.9715,2.7517,1
-0.30393,5.369,1.5367,-2.4617,-1.9715,2.7517,1
-0.30393,5.3682,1.5363,-2.4604,-1.9715,2.7517,1
-0.30393,5.3674,1.5358,-2.4592,-1.9715,2.7517,1
-0.30393,5.3666,1.5354,-2.4579,-1.9715,2.7517,1
-0.30393,5.3657,1.5349,-2.4566,-1.9715,2.7517,1
-0.30393,5.3649,1.5344,-2.4554,-1.9715,2.7517,1
-0.30393,5.3641,1.534,-2.4541,-1.9715,2.7517,1
-0.30393,5.3633,1.5335,-2.4528,-1.9715,2.7517,1
-0.30393,5.3624,1.533,-2.4515,-1.9715,2.7517,1
-0.30393,5.3616,1.5325,-2.4501,-1.9715,2.7517,1
-0.30393,5.3608,1.532,-2.4488,-1.9715,2.7517,1
-0.30393,5.3599,1.5315,-2.4475,-1.9715,2.7517,1
-0.30393,5.3591,1.531,-2.4461,-1.9715,2.7517,1
-0.30393,5.3583,1.5305,-2.4448,-1.9715,2.7517,1
-0.30393,5.3574,1.53,-2.4434,-1.9715,2.7517,1
-0.30393,5.3566,1.5295,-2.4421,-1.9715,2.7517,1
-0.30393,5.3557,1.529,-2.4407,-1.9715,2.7517,1
-0.30393,5.3549,1.5285,-2.4393,-1.9715,2.7517,1
-0.30393,5.354,1.5279,-2.438,-1.9715,2.7517,1
-0.30393,5.3532,1.5274,-2.4366,-1.9715,2.7517,1
-0.30393,5.3523,1.5269,-2.4352,-1.9715,2.7517,1
-0.30393,5.3515,1.5263,-2.4338,-1.9715,2.7517,1
-0.30393,5.3506,1.5258,-2.4324,-1.9715,2.7517,1
-0.30393,5.3498,1.5252,-2.431,-1.9715,2.7517,1
-0.30393,5.3489,1.5247,-2.4296,-1.9715,2.7517,1
-0.30393,5.3481,1.5241,-2.4282,-1.9715,2.7517,1
-0.30393,5.3472,1.5236,-2.4268,-1.9715,2.7517,1
-0.30393,5.3464,1.523,-2.4254,-1.9715,2.7517,1
-0.30393,5.3455,1.5224,-2.424,-1.9715,2.7517,1
-0.30393,5.3447,1.5219,-2.4225,-1.9715,2.7517,1
-0.30393,5.3438,1.5213,-2.4211,-1.9715,2.7517,1
-0.30393,5.343,1.5207,-2.4197,-1.9715,2.7517,1
-0.30393,5.3422,1.5201,-2.4183,-1.9715,2.7517,1
-0.30393,5.3413,1.5195,-2.4168,-1.9715,2.7517,1
-0.30393,5.3405,1.519,-2.4154,-1.9715,2.7517,1
-0.30393,5.3396,1.5184,-2.414,-1.9715,2.7517,1
-0.30393,5.3388,1.5178,-2.4126,-1.9715,2.7517,1
-0.30393,5.338,1.5172,-2.4111,-1.9715,2.7517,1
-0.30393,5.3371,1.5166,-2.4097,-1.9715,2.7517,1
-0.30393,5.3363,1.516,-2.4083,-1.9715,2.7517,1
-0.30393,5.3355,1.5154,-2.4069,-1.9715,2.7517,1
-0.30393,5.3347,1.5148,-2.4054,-1.9715,2.7517,1
-0.30393,5.3338,1.5142,-2.404,-1.9715,2.7517,1
-0.30393,5.333,1.5136,-2.4026,-1.9715,2.7517,1
-0.30393,5.3322,1.513,-2.4012,-1.9715,2.7517,1
-0.30393,5.3314,1.5124,-2.3998,-1.9715,2.7517,1
-0.30393,5.3306,1.5118,-2.3984,-1.9715,2.7517,1
-0.30393,5.3298,1.5112,-2.3969,-1.9715,2.7517,1
-0.30393,5.329,1.5105,-2.3955,-1.9715,2.7517,1
-0.30393,5.3282,1.5099,-2.3941,-1.9715,2.7517,1
-0.30393,5.3274,1.5093,-2.3927,-1.9715,2.7517,1
-0.30393,5.3266,1.5087,-2.3913,-1.9715,2.7517,1
-0.30393,5.3258,1.5081,-2.3899,-1.9715,2.7517,1
-0.30393,5.3251,1.5075,-2.3886,-1.9715,2.7517,1
-0.30393,5.3243,1.5069,-2.3872,-1.9715,2.7517,1
-0.30393,5.3235,1.5063,-2.3858,-1.9715,2.7517,1
-0.30393,5.3228,1.5057,-2.3844,-1.9715,2.7517,1
-0.30393,5.322,1.505,-2.3831,-1.9715,2.7517,1
-0.30393,5.3213,1.5044,-2.3817,-1.9715,2.7517,1
-0.30393,5.3205,1.5038,-2.3803,-1.9715,2.7517,1
-0.30393,5.3198,1.5032,-2.379,-1.9715,2.7517,1
-0.30393,5.3191,1.5026,-2.3777,-1.9715,2.7517,1
-0.30393,5.3183,1.502,-2.3763,-1.9715,2.7517,1
-0.30393,5.3176,1.5014,-2.375,-1.9715,2.7517,1
-0.30393,5.3169,1.5008,-2.3737,-1.9715,2.7517,1
-0.30393,5.3162,1.5002,-2.3724,-1.9715,2.7517,1
-0.30393,5.3155,1.4996,-2.3711,-1.9715,2.7517,1
-0.30393,5.3148,1.499,-2.3698,-1.9715,2.7517,1
-0.30393,5.3141,1.4984,-2.3685,-1.9715,2.7517,1
-0.30393,5.3134,1.4978,-2.3672,-1.9715,2.7517,1
-0.30393,5.3128,1.4972,-2.366,-1.9715,2.7517,1
-0.30393,5.3121,1.4966,-2.3647,-1.9715,2.7517,1
-0.30393,5.3114,1.496,-2.3635,-1.9715,2.7517,1
-0.30393,5.3108,1.4955,-2.3622,-1.9715,2.7517,1
-0.30393,5.3101,1.4949,-2.361,-1.9715,2.7517,1
-0.30393,5.3095,1.4943,-2.3598,-1.9715,2.7517,1
-0.30393,5.3089,1.4938,-2.3586,-1.9715,2.7517,1
-0.30393,5.3083,1.4932,-2.3574,-1.9715,2.7517,1
-0.30393,5.3076,1.4926,-2.3563,-1.9715,2.7517,1
-0.30393,5.307,1.4921,-2.3551,-1.9715,2.7517,1
-0.30393,5.3064,1.4915,-2.354,-1.9715,2.7517,1
-0.30393,5.3059,1.491,-2.3528,-1.9715,2.7517,1
-0.30393,5.3053,1.4904,-2.3517,-1.9715,2.7517,1
-0.30393,5.3047,1.4899,-2.3506,-1.9715,2.7517,1
-0.30393,5.3041,1.4894,-2.3495,-1.9715,2.7517,1
-0.30393,5.3036,1.4888,-2.3484,-1.9715,2.7517,1
-0.30393,5.303,1.4883,-2.3474,-1.9715,2.7517,1
-0.30393,5.3025,1.4878,-2.3463,-1.9715,2.7517,1
-0.30393,5.302,1.4873,-2.3453,-1.9715,2.7517,1
-0.30393,5.3015,1.4868,-2.3443,-1.9715,2.7517,1
-0.30393,5.301,1.4863,-2.3433,-1.9715,2.7517,1
-0.30393,5.3005,1.4858,-2.3423,-1.9715,2.7517,1
-0.30393,5.3,1.4854,-2.3413,-1.9715,2.7517,1
-0.30393,5.2995,1.4849,-2.3404,-1.9715,2.7517,1
-0.30393,5.299,1.4844,-2.3394,-1.9715,2.7517,1
-0.30393,5.2986,1.484,-2.3385,-1.9715,2.7517,1
-0.30393,5.2981,1.4835,-2.3376,-1.9715,2.7517,1
-0.30393,5.2977,1.4831,-2.3367,-1.9715,2.7517,1
-0.30393,5.2972,1.4827,-2.3359,-1.9715,2.7517,1
-0.30393,5.2968,1.4822,-2.335,-1.9715,2.7517,1
-0.30393,5.2964,1.4818,-2.3342,-1.9715,2.7517,1
-0.30393,5.296,1.4814,-2.3334,-1.9715,2.7517,1
-0.30393,5.2956,1.481,-2.3326,-1.9715,2.7517,1
-0.30393,5.2952,1.4806,-2.3319,-1.9715,2.7517,1
-0.30393,5.2949,1.4803,-2.3311,-1.9715,2.7517,1
-0.30393,5.2945,1.4799,-2.3304,-1.9715,2.7517,1
-0.30393,5.2942,1.4795,-2.3297,-1.9715,2.7517,1
-0.30393,5.2938,1.4792,-2.329,-1.9715,2.7517,1
-0.30393,5.2935,1.4789,-2.3284,-1.9715,2.7517,1
-0.30393,5.2932,1.4785,-2.3277,-1.9715,2.7517,1
-0.30393,5.2929,1.4782,-2.3271,-1.9715,2.7517,1
-0.30393,5.2926,1.4779,-2.3265,-1.9715,2.7517,1
-0.30393,5.2923,1.4776,-2.326,-1.9715,2.7517,1
-0.30393,5.2921,1.4774,-2.3254,-1.9715,2.7517,1
-0.30393,5.2918,1.4771,-2.3249,-1.9715,2.7517,1
-0.30393,5.2916,1.4768,-2.3244,-1.9715,2.7517,1
-0.30393,5.2914,1.4766,-2.3239,-1.9715,2.7517,1
-0.30393,5.2911,1.4764,-2.3235,-1.9715,2.7517,1
-0.30393,5.2909,1.4761,-2.3231,-1.9715,2.7517,1
-0.30393,5.2907,1.4759,-2.3227,-1.9715,2.7517,1
-0.30393,5.2906,1.4757,-2.3223,-1.9715,2.7517,1
-0.30393,5.2904,1.4756,-2.3219,-1.9715,2.7517,1
-0.30393,5.2902,1.4754,-2.3216,-1.9715,2.7517,1
-0.30393,5.2901,1.4753,-2.3213,-1.9715,2.7517,1
-0.30393,5.29,1.4751,-2.3211,-1.9715,2.7517,1
-0.30393,5.2898,1.475,-2.3208,-1.9715,2.7517,1
-0.30393,5.2897,1.4749,-2.3206,-1.9715,2.7517,1
-0.30393,5.2896,1.4748,-2.3204,-1.9715,2.7517,1
-0.30393,5.2896,1.4747,-2.3203,-1.9715,2.7517,1
-0.30393,5.2895,1.4746,-2.3201,-1.9715,2.7517,1
-0.30393,5.2895,1.4746,-2.32,-1.9715,2.7517,1
-0.30393,5.2894,1.4745,-2.32,-1.9715,2.7517,1
-0.30393,5.2894,1.4745,-2.3199,-1.9715,2.7517,1
-0.30393,5.2894,1.4745,-2.3199,-1.9715,2.7517,1
-0.30393,5.2894,1.4745,-2.3199,-1.9715,2.7517,1
-0.30392,5.2894,1.4745,-2.3199,-1.9715,2.7517,1
-0.30386,5.2894,1.4745,-2.3199,-1.9715,2.7517,1
-0.30378,5.2894,1.4745,-2.3199,-1.9715,2.7517,1
-0.30366,5.2894,1.4746,-2.3199,-1.9715,2.7517,1
-0.3035,5.2894,1.4746,-2.3199,-1.9715,2.7517,1
-0.30331,5.2893,1.4746,-2.32,-1.9715,2.7517,1
-0.30309,5.2893,1.4747,-2.32,-1.9715,2.7516,1
-0.30283,5.2893,1.4747,-2.32,-1.9715,2.7516,1
-0.30254,5.2893,1.4748,-2.3201,-1.9715,2.7516,1
-0.30222,5.2892,1.4748,-2.3201,-1.9715,2.7516,1
-0.30186,5.2892,1.4749,-2.3201,-1.9715,2.7515,1
-0.30147,5.2892,1.475,-2.3202,-1.9715,2.7515,1
-0.30105,5.2891,1.475,-2.3202,-1.9715,2.7515,1
-0.30059,5.2891,1.4751,-2.3203,-1.9714,2.7514,1
-0.3001,5.289,1.4752,-2.3203,-1.9714,2.7514,1
-0.29958,5.289,1.4753,-2.3204,-1.9714,2.7513,1
-0.29902,5.2889,1.4754,-2.3205,-1.9714,2.7513,1
-0.29843,5.2889,1.4755,-2.3205,-1.9714,2.7512,1
-0.29781,5.2888,1.4756,-2.3206,-1.9714,2.7512,1
-0.29716,5.2887,1.4757,-2.3207,-1.9714,2.7511,1
-0.29648,5.2887,1.4759,-2.3208,-1.9713,2.7511,1
-0.29576,5.2886,1.476,-2.3209,-1.9713,2.751,1
-0.29502,5.2885,1.4761,-2.3209,-1.9713,2.7509,1
-0.29424,5.2885,1.4763,-2.321,-1.9713,2.7509,1
-0.29343,5.2884,1.4764,-2.3211,-1.9713,2.7508,1
-0.29258,5.2883,1.4766,-2.3212,-1.9713,2.7507,1
-0.29171,5.2882,1.4767,-2.3213,-1.9712,2.7506,1
-0.29081,5.2881,1.4769,-2.3214,-1.9712,2.7506,1
-0.28987,5.288,1.4771,-2.3216,-1.9712,2.7505,1
-0.28891,5.2879,1.4772,-2.3217,-1.9712,2.7504,1
-0.28791,5.2878,1.4774,-2.3218,-1.9712,2.7503,1
-0.28688,5.2877,1.4776,-2.3219,-1.9711,2.7502,1
-0.28583,5.2876,1.4778,-2.322,-1.9711,2.7501,1
-0.28474,5.2875,1.478,-2.3222,-1.9711,2.75,1
-0.28362,5.2874,1.4782,-2.3223,-1.9711,2.7499,1
-0.28247,5.2873,1.4784,-2.3224,-1.971,2.7498,1
-0.28129,5.2872,1.4786,-2.3226,-1.971,2.7497,1
-0.28009,5.2871,1.4788,-2.3227,-1.971,2.7496,1
-0.27885,5.2869,1.4791,-2.3229,-1.971,2.7495,1
-0.27758,5.2868,1.4793,-2.323,-1.9709,2.7494,1
-0.27629,5.2867,1.4795,-2.3232,-1.9709,2.7493,1
-0.27496,5.2866,1.4798,-2.3233,-1.9709,2.7492,1
-0.27361,5.2864,1.48,-2.3235,-1.9708,2.7491,1
-0.27223,5.2863,1.4803,-2.3236,-1.9708,2.7489,1
-0.27082,5.2861,1.4806,-2.3238,-1.9708,2.7488,1
-0.26938,5.286,1.4808,-2.324,-1.9708,2.7487,1
-0.26791,5.2858,1.4811,-2.3242,-1.9707,2.7486,1
-0.26641,5.2857,1.4814,-2.3243,-1.9707,2.7484,1
-0.26488,5.2855,1.4817,-2.3245,-1.9707,2.7483,1
-0.26333,5.2854,1.4819,-2.3247,-1.9706,2.7482,1
-0.26175,5.2852,1.4822,-2.3249,-1.9706,2.748,1
-0.26014,5.2851,1.4825,-2.3251,-1.9705,2.7479,1
-0.2585,5.2849,1.4828,-2.3253,-1.9705,2.7478,1
-0.25684,5.2847,1.4831,-2.3255,-1.9705,2.7476,1
-0.25515,5.2846,1.4835,-2.3257,-1.9704,2.7475,1
-0.25343,5.2844,1.4838,-2.3259,-1.9704,2.7473,1
-0.25168,5.2842,1.4841,-2.3261,-1.9704,2.7472,1
-0.24991,5.284,1.4844,-2.3263,-1.9703,2.747,1
-0.24811,5.2838,1.4848,-2.3265,-1.9703,2.7469,1
-0.24628,5.2837,1.4851,-2.3267,-1.9702,2.7467,1
-0.24443,5.2835,1.4855,-2.3269,-1.9702,2.7466,1
-0.24255,5.2833,1.4858,-2.3272,-1.9702,2.7464,1
-0.24064,5.2831,1.4862,-2.3274,-1.9701,2.7462,1
-0.23871,5.2829,1.4866,-2.3276,-1.9701,2.7461,1
-0.23675,5.2827,1.4869,-2.3279,-1.97,2.7459,1
-0.23477,5.2825,1.4873,-2.3281,-1.97,2.7457,1
-0.23276,5.2823,1.4877,-2.3283,-1.97,2.7456,1
-0.23072,5.2821,1.4881,-2.3286,-1.9699,2.7454,1
-0.22866,5.2818,1.4885,-2.3288,-1.9699,2.7452,1
-0.22657,5.2816,1.4889,-2.3291,-1.9698,2.745,1
-0.22446,5.2814,1.4893,-2.3293,-1.9698,2.7449,1
-0.22232,5.2812,1.4897,-2.3296,-1.9697,2.7447,1
-0.22016,5.281,1.4901,-2.3298,-1.9697,2.7445,1
-0.21797,5.2807,1.4905,-2.3301,-1.9696,2.7443,1
-0.21576,5.2805,1.4909,-2.3304,-1.9696,2.7441,1
-0.21352,5.2803,1.4914,-2.3306,-1.9695,2.7439,1
-0.21126,5.28,1.4918,-2.3309,-1.9695,2.7438,1
-0.20897,5.2798,1.4923,-2.3312,-1.9694,2.7436,1
-0.20666,5.2795,1.4927,-2.3315,-1.9694,2.7434,1
-0.20433,5.2793,1.4931,-2.3317,-1.9693,2.7432,1
-0.20197,5.279,1.4936,-2.332,-1.9693,2.743,1
-0.19959,5.2788,1.4941,-2.3323,-1.9692,2.7428,1
-0.19718,5.2785,1.4945,-2.3326,-1.9692,2.7426,1
-0.19475,5.2783,1.495,-2.3329,-1.9691,2.7424,1
-0.1923,5.278,1.4955,-2.3332,-1.9691,2.7422,1
-0.18982,5.2777,1.496,-2.3335,-1.969,2.742,1
-0.18732,5.2775,1.4965,-2.3338,-1.969,2.7418,1
-0.1848,5.2772,1.497,-2.3341,-1.9689,2.7416,1
-0.18225,5.2769,1.4975,-2.3344,-1.9689,2.7414,1
-0.17968,5.2766,1.498,-2.3347,-1.9688,2.7411,1
-0.17709,5.2764,1.4985,-2.335,-1.9688,2.7409,1
-0.17448,5.2761,1.499,-2.3353,-1.9687,2.7407,1
-0.17184,5.2758,1.4995,-2.3357,-1.9687,2.7405,1
-0.16918,5.2755,1.5,-2.336,-1.9686,2.7403,1
-0.1665,5.2752,1.5006,-2.3363,-1.9685,2.7401,1
-0.1638,5.2749,1.5011,-2.3366,-1.9685,2.7398,1
-0.16108,5.2746,1.5017,-2.337,-1.9684,2.7396,1
-0.15833,5.2743,1.5022,-2.3373,-1.9684,2.7394,1
-0.15556,5.274,1.5028,-2.3376,-1.9683,2.7392,1
-0.15277,5.2737,1.5033,-2.338,-1.9683,2.739,1
-0.14996,5.2734,1.5039,-2.3383,-1.9682,2.7387,1
-0.14713,5.2731,1.5044,-2.3387,-1.9681,2.7385,1
-0.14427,5.2728,1.505,-2.339,-1.9681,2.7383,1
-0.1414,5.2725,1.5056,-2.3393,-1.968,2.738,1
-0.1385,5.2721,1.5062,-2.3397,-1.968,2.7378,1
-0.13559,5.2718,1.5068,-2.3401,-1.9679,2.7376,1
-0.13265,5.2715,1.5074,-2.3404,-1.9678,2.7374,1
-0.12969,5.2711,1.508,-2.3408,-1.9678,2.7371,1
-0.12672,5.2708,1.5086,-2.3411,-1.9677,2.7369,1
-0.12372,5.2705,1.5092,-2.3415,-1.9677,2.7366,1
-0.1207,5.2701,1.5098,-2.3419,-1.9676,2.7364,1
-0.11766,5.2698,1.5104,-2.3422,-1.9675,2.7362,1
-0.11461,5.2694,1.511,-2.3426,-1.9675,2.7359,1
-0.11153,5.2691,1.5117,-2.343,-1.9674,2.7357,1
-0.10843,5.2688,1.5123,-2.3433,-1.9673,2.7355,1
-0.10531,5.2684,1.5129,-2.3437,-1.9673,2.7352,1
-0.10218,5.268,1.5136,-2.3441,-1.9672,2.735,1
-0.099024,5.2677,1.5142,-2.3445,-1.9672,2.7347,1
-0.09585,5.2673,1.5149,-2.3449,-1.9671,2.7345,1
-0.092657,5.2669,1.5155,-2.3453,-1.967,2.7342,1
-0.089445,5.2666,1.5162,-2.3457,-1.967,2.734,1
-0.086215,5.2662,1.5169,-2.346,-1.9669,2.7337,1
-0.082966,5.2658,1.5175,-2.3464,-1.9668,2.7335,1
-0.079698,5.2655,1.5182,-2.3468,-1.9668,2.7332,1
-0.076412,5.2651,1.5189,-2.3472,-1.9667,2.733,1
-0.073108,5.2647,1.5196,-2.3476,-1.9666,2.7327,1
-0.069786,5.2643,1.5203,-2.348,-1.9666,2.7325,1
-0.066446,5.2639,1.521,-2.3484,-1.9665,2.7322,1
-0.063089,5.2635,1.5217,-2.3489,-1.9664,2.732,1
-0.059713,5.2631,1.5224,-2.3493,-1.9664,2.7317,1
-0.05632,5.2627,1.5231,-2.3497,-1.9663,2.7315,1
-0.05291,5.2623,1.5238,-2.3501,-1.9662,2.7312,1
-0.049482,5.2619,1.5245,-2.3505,-1.9662,2.731,1
-0.046037,5.2615,1.5253,-2.3509,-1.9661,2.7307,1
-0.042576,5.2611,1.526,-2.3513,-1.966,2.7305,1
-0.039097,5.2607,1.5267,-2.3518,-1.966,2.7302,1
-0.035601,5.2603,1.5275,-2.3522,-1.9659,2.73,1
-0.032089,5.2599,1.5282,-2.3526,-1.9658,2.7297,1
-0.02856,5.2595,1.529,-2.353,-1.9658,2.7294,1
-0.025015,5.259,1.5297,-2.3535,-1.9657,2.7292,1
-0.021454,5.2586,1.5305,-2.3539,-1.9656,2.7289,1
-0.017877,5.2582,1.5312,-2.3543,-1.9656,2.7287,1
-0.014283,5.2578,1.532,-2.3548,-1.9655,2.7284,1
-0.010674,5.2573,1.5328,-2.3552,-1.9654,2.7282,1
-0.0070487,5.2569,1.5335,-2.3556,-1.9654,2.7279,1
-0.003408,5.2564,1.5343,-2.3561,-1.9653,2.7276,1
0.00024818,5.256,1.5351,-2.3565,-1.9652,2.7274,1
0.0039198,5.2556,1.5359,-2.357,-1.9652,2.7271,1
0.0076066,5.2551,1.5367,-2.3574,-1.9651,2.7269,1
0.011309,5.2547,1.5375,-2.3579,-1.965,2.7266,1
0.015025,5.2542,1.5383,-2.3583,-1.965,2.7263,1
0.018757,5.2538,1.5391,-2.3588,-1.9649,2.7261,1
0.022504,5.2533,1.5399,-2.3592,-1.9648,2.7258,1
0.026265,5.2528,1.5407,-2.3597,-1.9648,2.7256,1
0.03004,5.2524,1.5415,-2.3601,-1.9647,2.7253,1
0.03383,5.2519,1.5424,-2.3606,-1.9646,2.725,1
0.037635,5.2515,1.5432,-2.361,-1.9645,2.7248,1
0.041453,5.251,1.544,-2.3615,-1.9645,2.7245,1
0.045285,5.2505,1.5448,-2.362,-1.9644,2.7243,1
0.049131,5.25,1.5457,-2.3624,-1.9643,2.724,1
0.052991,5.2496,1.5465,-2.3629,-1.9643,2.7237,1
0.056864,5.2491,1.5474,-2.3634,-1.9642,2.7235,1
0.060751,5.2486,1.5482,-2.3638,-1.9641,2.7232,1
0.064651,5.2481,1.5491,-2.3643,-1.9641,2.723,1
0.068565,5.2476,1.5499,-2.3648,-1.964,2.7227,1
0.072491,5.2471,1.5508,-2.3652,-1.9639,2.7225,1
0.07643,5.2467,1.5516,-2.3657,-1.9639,2.7222,1
0.080383,5.2462,1.5525,-2.3662,-1.9638,2.7219,1
0.084347,5.2457,1.5534,-2.3666,-1.9637,2.7217,1
0.088325,5.2452,1.5543,-2.3671,-1.9637,2.7214,1
0.092315,5.2447,1.5551,-2.3676,-1.9636,2.7212,1
0.096317,5.2442,1.556,-2.3681,-1.9635,2.7209,1
0.10033,5.2437,1.5569,-2.3685,-1.9635,2.7207,1
0.10436,5.2432,1.5578,-2.369,-1.9634,2.7204,1
0.1084,5.2426,1.5587,-2.3695,-1.9633,2.7202,1
0.11245,5.2421,1.5596,-2.37,-1.9633,2.7199,1
0.11651,5.2416,1.5605,-2.3705,-1.9632,2.7197,1
0.12058,5.2411,1.5614,-2.3709,-1.9631,2.7194,1
0.12467,5.2406,1.5623,-2.3714,-1.9631,2.7191,1
0.12876,5.2401,1.5632,-2.3719,-1.963,2.7189,1
0.13287,5.2396,1.5641,-2.3724,-1.9629,2.7186,1
0.13699,5.239,1.565,-2.3729,-1.9628,2.7184,1
0.14112,5.2385,1.5659,-2.3734,-1.9628,2.7181,1
0.14526,5.238,1.5668,-2.3739,-1.9627,2.7179,1
0.14941,5.2374,1.5678,-2.3743,-1.9627,2.7176,1
0.15357,5.2369,1.5687,-2.3748,-1.9626,2.7174,1
0.15774,5.2364,1.5696,-2.3753,-1.9625,2.7172,1
0.16192,5.2358,1.5705,-2.3758,-1.9625,2.7169,1
0.16611,5.2353,1.5715,-2.3763,-1.9624,2.7167,1
0.17031,5.2348,1.5724,-2.3768,-1.9623,2.7164,1
0.17453,5.2342,1.5734,-2.3773,-1.9623,2.7162,1
0.17875,5.2337,1.5743,-2.3778,-1.9622,2.7159,1
0.18298,5.2331,1.5752,-2.3783,-1.9621,2.7157,1
0.18722,5.2326,1.5762,-2.3788,-1.9621,2.7155,1
0.19147,5.232,1.5771,-2.3793,-1.962,2.7152,1
0.19573,5.2315,1.5781,-2.3797,-1.9619,2.715,1
0.2,5.2309,1.579,-2.3802,-1.9619,2.7147,1
0.20427,5.2304,1.58,-2.3807,-1.9618,2.7145,1
0.20856,5.2298,1.581,-2.3812,-1.9617,2.7143,1
0.21285,5.2293,1.5819,-2.3817,-1.9617,2.714,1
0.21716,5.2287,1.5829,-2.3822,-1.9616,2.7138,1
0.22147,5.2282,1.5838,-2.3827,-1.9616,2.7136,1
0.22579,5.2276,1.5848,-2.3832,-1.9615,2.7133,1
0.23012,5.227,1.5858,-2.3837,-1.9614,2.7131,1
0.23445,5.2265,1.5868,-2.3842,-1.9614,2.7129,1
0.23879,5.2259,1.5877,-2.3847,-1.9613,2.7127,1
0.24315,5.2253,1.5887,-2.3852,-1.9612,2.7124,1
0.24751,5.2248,1.5897,-2.3857,-1.9612,2.7122,1
0.25187,5.2242,1.5907,-2.3862,-1.9611,2.712,1
0.25625,5.2236,1.5916,-2.3867,-1.9611,2.7118,1
0.26063,5.2231,1.5926,-2.3872,-1.961,2.7115,1
0.26502,5.2225,1.5936,-2.3876,-1.9609,2.7113,1
0.26941,5.2219,1.5946,-2.3881,-1.9609,2.7111,1
0.27382,5.2213,1.5956,-2.3886,-1.9608,2.7109,1
0.27822,5.2208,1.5966,-2.3891,-1.9608,2.7107,1
0.28264,5.2202,1.5976,-2.3896,-1.9607,2.7104,1
0.28706,5.2196,1.5985,-2.3901,-1.9607,2.7102,1
0.29149,5.219,1.5995,-2.3906,-1.9606,2.71,1
0.29593,5.2184,1.6005,-2.3911,-1.9605,2.7098,1
0.30037,5.2179,1.6015,-2.3916,-1.9605,2.7096,1
0.30481,5.2173,1.6025,-2.3921,-1.9604,2.7094,1
0.30927,5.2167,1.6035,-2.3926,-1.9604,2.7092,1
0.31372,5.2161,1.6045,-2.3931,-1.9603,2.709,1
0.31819,5.2155,1.6055,-2.3936,-1.9603,2.7088,1
0.32266,5.2149,1.6065,-2.394,-1.9602,2.7086,1
0.32713,5.2143,1.6075,-2.3945,-1.9602,2.7084,1
0.33161,5.2137,1.6085,-2.395,-1.9601,2.7082,1
0.33609,5.2131,1.6095,-2.3955,-1.96,2.708,1
0.34058,5.2126,1.6105,-2.396,-1.96,2.7078,1
0.34508,5.212,1.6115,-2.3965,-1.9599,2.7076,1
0.34958,5.2114,1.6126,-2.397,-1.9599,2.7074,1
0.35408,5.2108,1.6136,-2.3974,-1.9598,2.7072,1
0.35859,5.2102,1.6146,-2.3979,-1.9598,2.707,1
0.3631,5.2096,1.6156,-2.3984,-1.9597,2.7068,1
0.36761,5.209,1.6166,-2.3989,-1.9597,2.7066,1
0.37213,5.2084,1.6176,-2.3994,-1.9596,2.7065,1
0.37666,5.2078,1.6186,-2.3999,-1.9596,2.7063,1
0.38118,5.2072,1.6196,-2.4003,-1.9595,2.7061,1
0.38571,5.2066,1.6206,-2.4008,-1.9595,2.7059,1
0.39025,5.206,1.6216,-2.4013,-1.9594,2.7057,1
0.39478,5.2054,1.6226,-2.4018,-1.9594,2.7056,1
0.39932,5.2048,1.6236,-2.4022,-1.9593,2.7054,1
0.40387,5.2042,1.6247,-2.4027,-1.9593,2.7052,1
0.40841,5.2036,1.6257,-2.4032,-1.9593,2.7051,1
0.41296,5.203,1.6267,-2.4037,-1.9592,2.7049,1
0.41751,5.2024,1.6277,-2.4041,-1.9592,2.7047,1
0.42206,5.2018,1.6287,-2.4046,-1.9591,2.7046,1
0.42662,5.2012,1.6297,-2.4051,-1.9591,2.7044,1
0.43118,5.2006,1.6307,-2.4055,-1.959,2.7042,1
0.43574,5.2,1.6317,-2.406,-1.959,2.7041,1
0.4403,5.1994,1.6327,-2.4065,-1.9589,2.7039,1
0.44486,5.1988,1.6337,-2.4069,-1.9589,2.7038,1
0.44942,5.1982,1.6347,-2.4074,-1.9589,2.7036,1
0.45399,5.1976,1.6357,-2.4079,-1.9588,2.7035,1
0.45856,5.197,1.6368,-2.4083,-1.9588,2.7033,1
0.46312,5.1964,1.6378,-2.4088,-1.9587,2.7032,1
0.46769,5.1958,1.6388,-2.4092,-1.9587,2.703,1
0.47226,5.1952,1.6398,-2.4097,-1.9587,2.7029,1
0.47683,5.1946,1.6408,-2.4101,-1.9586,2.7027,1
0.48141,5.194,1.6418,-2.4106,-1.9586,2.7026,1
0.48598,5.1934,1.6428,-2.411,-1.9585,2.7025,1
0.49055,5.1928,1.6438,-2.4115,-1.9585,2.7023,1
0.49512,5.1922,1.6448,-2.4119,-1.9585,2.7022,1
0.49969,5.1916,1.6458,-2.4124,-1.9584,2.7021,1
0.50426,5.191,1.6468,-2.4128,-1.9584,2.7019,1
0.50884,5.1904,1.6478,-2.4133,-1.9584,2.7018,1
0.51341,5.1897,1.6488,-2.4137,-1.9583,2.7017,1
0.51798,5.1891,1.6497,-2.4142,-1.9583,2.7016,1
0.52255,5.1886,1.6507,-2.4146,-1.9583,2.7014,1
0.52712,5.188,1.6517,-2.415,-1.9582,2.7013,1
0.53168,5.1874,1.6527,-2.4155,-1.9582,2.7012,1
0.53625,5.1868,1.6537,-2.4159,-1.9582,2.7011,1
0.54082,5.1862,1.6547,-2.4163,-1.9581,2.701,1
0.54538,5.1856,1.6557,-2.4168,-1.9581,2.7009,1
0.54994,5.185,1.6567,-2.4172,-1.9581,2.7008,1
0.5545,5.1844,1.6576,-2.4176,-1.958,2.7006,1
0.55906,5.1838,1.6586,-2.418,-1.958,2.7005,1
0.56362,5.1832,1.6596,-2.4184,-1.958,2.7004,1
0.56817,5.1826,1.6606,-2.4189,-1.958,2.7003,1
0.57272,5.182,1.6615,-2.4193,-1.9579,2.7002,1
0.57727,5.1814,1.6625,-2.4197,-1.9579,2.7001,1
0.58182,5.1808,1.6635,-2.4201,-1.9579,2.7,1
0.58636,5.1802,1.6644,-2.4205,-1.9579,2.7,1
0.5909,5.1796,1.6654,-2.4209,-1.9578,2.6999,1
0.59544,5.179,1.6664,-2.4213,-1.9578,2.6998,1
0.59997,5.1785,1.6673,-2.4217,-1.9578,2.6997,1
0.60451,5.1779,1.6683,-2.4221,-1.9578,2.6996,1
0.60903,5.1773,1.6692,-2.4225,-1.9577,2.6995,1
0.61356,5.1767,1.6702,-2.4229,-1.9577,2.6994,1
0.61808,5.1761,1.6712,-2.4233,-1.9577,2.6994,1
0.62259,5.1755,1.6721,-2.4237,-1.9577,2.6993,1
0.6271,5.1749,1.673,-2.4241,-1.9577,2.6992,1
0.63161,5.1744,1.674,-2.4245,-1.9576,2.6991,1
0.63611,5.1738,1.6749,-2.4249,-1.9576,2.6991,1
0.64061,5.1732,1.6759,-2.4253,-1.9576,2.699,1
0.64511,5.1726,1.6768,-2.4257,-1.9576,2.6989,1
0.64959,5.1721,1.6777,-2.4261,-1.9576,2.6989,1
0.65408,5.1715,1.6787,-2.4264,-1.9575,2.6988,1
0.65856,5.1709,1.6796,-2.4268,-1.9575,2.6988,1
0.66303,5.1703,1.6805,-2.4272,-1.9575,2.6987,1
0.6675,5.1698,1.6814,-2.4276,-1.9575,2.6987,1
0.67196,5.1692,1.6824,-2.4279,-1.9575,2.6986,1
0.67641,5.1686,1.6833,-2.4283,-1.9575,2.6986,1
0.68086,5.1681,1.6842,-2.4287,-1.9575,2.6985,1
0.68531,5.1675,1.6851,-2.429,-1.9574,2.6985,1
0.68974,5.1669,1.686,-2.4294,-1.9574,2.6984,1
0.69417,5.1664,1.6869,-2.4298,-1.9574,2.6984,1
0.6986,5.1658,1.6878,-2.4301,-1.9574,2.6983,1
0.70301,5.1653,1.6887,-2.4305,-1.9574,2.6983,1
0.70743,5.1647,1.6896,-2.4308,-1.9574,2.6983,1
0.71183,5.1641,1.6905,-2.4312,-1.9574,2.6982,1
0.71622,5.1636,1.6914,-2.4315,-1.9574,2.6982,1
0.72061,5.163,1.6923,-2.4319,-1.9574,2.6982,1
0.72499,5.1625,1.6931,-2.4322,-1.9574,2.6981,1
0.72937,5.1619,1.694,-2.4325,-1.9573,2.6981,1
0.73373,5.1614,1.6949,-2.4329,-1.9573,2.6981,1
0.73809,5.1609,1.6958,-2.4332,-1.9573,2.6981,1
0.74244,5.1603,1.6966,-2.4335,-1.9573,2.698,1
0.74678,5.1598,1.6975,-2.4339,-1.9573,2.698,1
0.75111,5.1592,1.6984,-2.4342,-1.9573,2.698,1
0.75543,5.1587,1.6992,-2.4345,-1.9573,2.698,1
0.75975,5.1582,1.7001,-2.4348,-1.9573,2.698,1
0.76405,5.1576,1.7009,-2.4352,-1.9573,2.698,1
0.76835,5.1571,1.7018,-2.4355,-1.9573,2.6979,1
0.77264,5.1566,1.7026,-2.4358,-1.9573,2.6979,1
0.77691,5.156,1.7034,-2.4361,-1.9573,2.6979,1
0.78118,5.1555,1.7043,-2.4364,-1.9573,2.6979,1
0.78544,5.155,1.7051,-2.4367,-1.9573,2.6979,1
0.78969,5.1545,1.7059,-2.437,-1.9573,2.6979,1
0.79392,5.154,1.7067,-2.4373,-1.9573,2.6979,1
0.79815,5.1534,1.7076,-2.4376,-1.9573,2.6979,1
0.80237,5.1529,1.7084,-2.4379,-1.9573,2.6979,1
0.80657,5.1524,1.7092,-2.4382,-1.9573,2.6979,1
0.81077,5.1519,1.71,-2.4385,-1.9573,2.698,1
0.81495,5.1514,1.7108,-2.4388,-1.9573,2.698,1
0.81913,5.1509,1.7116,-2.4391,-1.9573,2.698,1
0.82329,5.1504,1.7124,-2.4394,-1.9573,2.698,1
0.82744,5.1499,1.7132,-2.4397,-1.9573,2.698,1
0.83158,5.1494,1.714,-2.4399,-1.9573,2.698,1
0.83571,5.1489,1.7147,-2.4402,-1.9573,2.698,1
0.83982,5.1484,1.7155,-2.4405,-1.9573,2.6981,1
0.84392,5.1479,1.7163,-2.4408,-1.9573,2.6981,1
0.84801,5.1474,1.7171,-2.441,-1.9574,2.6981,1
0.85209,5.1469,1.7178,-2.4413,-1.9574,2.6981,1
0.85616,5.1465,1.7186,-2.4416,-1.9574,2.6982,1
0.86021,5.146,1.7193,-2.4418,-1.9574,2.6982,1
0.86425,5.1455,1.7201,-2.4421,-1.9574,2.6982,1
0.86828,5.145,1.7208,-2.4423,-1.9574,2.6983,1
0.87229,5.1445,1.7216,-2.4426,-1.9574,2.6983,1
0.87629,5.1441,1.7223,-2.4428,-1.9574,2.6983,1
0.88027,5.1436,1.723,-2.4431,-1.9574,2.6984,1
0.88425,5.1431,1.7238,-2.4433,-1.9574,2.6984,1
0.8882,5.1427,1.7245,-2.4436,-1.9574,2.6984,1
0.89215,5.1422,1.7252,-2.4438,-1.9575,2.6985,1
0.89608,5.1417,1.7259,-2.4441,-1.9575,2.6985,1
0.89999,5.1413,1.7266,-2.4443,-1.9575,2.6986,1
0.90389,5.1408,1.7273,-2.4445,-1.9575,2.6986,1
0.90778,5.1404,1.728,-2.4448,-1.9575,2.6987,1
0.91165,5.1399,1.7287,-2.445,-1.9575,2.6987,1
0.9155,5.1395,1.7294,-2.4452,-1.9575,2.6988,1
0.91934,5.139,1.7301,-2.4455,-1.9575,2.6988,1
0.92317,5.1386,1.7308,-2.4457,-1.9576,2.6989,1
0.92698,5.1382,1.7315,-2.4459,-1.9576,2.6989,1
0.93077,5.1377,1.7321,-2.4461,-1.9576,2.699,1
0.93455,5.1373,1.7328,-2.4463,-1.9576,2.699,1
0.93831,5.1369,1.7335,-2.4465,-1.9576,2.6991,1
0.94205,5.1364,1.7341,-2.4467,-1.9576,2.6991,1
0.94578,5.136,1.7348,-2.447,-1.9576,2.6992,1
0.94949,5.1356,1.7354,-2.4472,-1.9577,2.6992,1
0.95319,5.1352,1.7361,-2.4474,-1.9577,2.6993,1
0.95686,5.1348,1.7367,-2.4476,-1.9577,2.6994,1
0.96052,5.1344,1.7373,-2.4478,-1.9577,2.6994,1
0.96417,5.1339,1.738,-2.448,-1.9577,2.6995,1
0.96779,5.1335,1.7386,-2.4482,-1.9577,2.6996,1
0.9714,5.1331,1.7392,-2.4483,-1.9578,2.6996,1
0.97499,5.1327,1.7398,-2.4485,-1.9578,2.6997,1
0.97856,5.1323,1.7404,-2.4487,-1.9578,2.6998,1
0.98211,5.1319,1.7411,-2.4489,-1.9578,2.6998,1
0.98564,5.1316,1.7417,-2.4491,-1.9578,2.6999,1
0.98916,5.1312,1.7422,-2.4493,-1.9579,2.7,1
0.99266,5.1308,1.7428,-2.4494,-1.9579,2.7,1
0.99614,5.1304,1.7434,-2.4496,-1.9579,2.7001,1
0.99959,5.13,1.744,-2.4498,-1.9579,2.7002,1
1.003,5.1296,1.7446,-2.45,-1.9579,2.7003,1
1.0065,5.1293,1.7452,-2.4501,-1.958,2.7003,1
1.0099,5.1289,1.7457,-2.4503,-1.958,2.7004,1
1.0132,5.1285,1.7463,-2.4505,-1.958,2.7005,1
1.0166,5.1282,1.7468,-2.4506,-1.958,2.7006,1
1.0199,5.1278,1.7474,-2.4508,-1.958,2.7006,1
1.0233,5.1274,1.7479,-2.4509,-1.9581,2.7007,1
1.0266,5.1271,1.7485,-2.4511,-1.9581,2.7008,1
1.0298,5.1267,1.749,-2.4513,-1.9581,2.7009,1
1.0331,5.1264,1.7495,-2.4514,-1.9581,2.7009,1
1.0363,5.126,1.7501,-2.4516,-1.9582,2.701,1
1.0395,5.1257,1.7506,-2.4517,-1.9582,2.7011,1
1.0427,5.1253,1.7511,-2.4518,-1.9582,2.7012,1
1.0459,5.125,1.7516,-2.452,-1.9582,2.7013,1
1.0491,5.1247,1.7521,-2.4521,-1.9582,2.7013,1
1.0522,5.1243,1.7526,-2.4523,-1.9583,2.7014,1
1.0553,5.124,1.7531,-2.4524,-1.9583,2.7015,1
1.0584,5.1237,1.7536,-2.4525,-1.9583,2.7016,1
1.0614,5.1234,1.7541,-2.4527,-1.9583,2.7017,1
1.0645,5.123,1.7546,-2.4528,-1.9584,2.7018,1
1.0675,5.1227,1.7551,-2.4529,-1.9584,2.7018,1
1.0705,5.1224,1.7555,-2.4531,-1.9584,2.7019,1
1.0735,5.1221,1.756,-2.4532,-1.9584,2.702,1
1.0764,5.1218,1.7565,-2.4533,-1.9584,2.7021,1
1.0793,5.1215,1.7569,-2.4534,-1.9585,2.7022,1
1.0822,5.1212,1.7574,-2.4535,-1.9585,2.7023,1
1.0851,5.1209,1.7578,-2.4537,-1.9585,2.7023,1
1.088,5.1206,1.7583,-2.4538,-1.9585,2.7024,1
1.0908,5.1203,1.7587,-2.4539,-1.9586,2.7025,1
1.0936,5.12,1.7591,-2.454,-1.9586,2.7026,1
1.0964,5.1197,1.7596,-2.4541,-1.9586,2.7027,1
1.0991,5.1194,1.76,-2.4542,-1.9586,2.7028,1
1.1018,5.1192,1.7604,-2.4543,-1.9587,2.7029,1
1.1046,5.1189,1.7608,-2.4544,-1.9587,2.7029,1
1.1072,5.1186,1.7612,-2.4545,-1.9587,2.703,1
1.1099,5.1183,1.7616,-2.4546,-1.9587,2.7031,1
1.1125,5.1181,1.762,-2.4547,-1.9587,2.7032,1
1.1151,5.1178,1.7624,-2.4548,-1.9588,2.7033,1
1.1177,5.1175,1.7628,-2.4549,-1.9588,2.7034,1
1.1202,5.1173,1.7632,-2.455,-1.9588,2.7034,1
1.1228,5.117,1.7636,-2.4551,-1.9588,2.7035,1
1.1253,5.1168,1.7639,-2.4552,-1.9589,2.7036,1
1.1277,5.1165,1.7643,-2.4553,-1.9589,2.7037,1
1.1302,5.1163,1.7647,-2.4554,-1.9589,2.7038,1
1.1326,5.1161,1.765,-2.4555,-1.9589,2.7039,1
1.135,5.1158,1.7654,-2.4556,-1.9589,2.7039,1
1.1373,5.1156,1.7657,-2.4556,-1.959,2.704,1
1.1397,5.1153,1.7661,-2.4557,-1.959,2.7041,1
1.142,5.1151,1.7664,-2.4558,-1.959,2.7042,1
1.1443,5.1149,1.7667,-2.4559,-1.959,2.7043,1
1.1465,5.1147,1.7671,-2.456,-1.9591,2.7043,1
1.1487,5.1145,1.7674,-2.456,-1.9591,2.7044,1
1.1509,5.1142,1.7677,-2.4561,-1.9591,2.7045,1
1.1531,5.114,1.768,-2.4562,-1.9591,2.7046,1
1.1552,5.1138,1.7683,-2.4562,-1.9591,2.7046,1
1.1573,5.1136,1.7686,-2.4563,-1.9592,2.7047,1
1.1594,5.1134,1.7689,-2.4564,-1.9592,2.7048,1
1.1615,5.1132,1.7692,-2.4564,-1.9592,2.7049,1
1.1635,5.113,1.7695,-2.4565,-1.9592,2.705,1
1.1655,5.1128,1.7698,-2.4566,-1.9592,2.705,1
1.1674,5.1126,1.7701,-2.4566,-1.9593,2.7051,1
1.1693,5.1124,1.7704,-2.4567,-1.9593,2.7052,1
1.1712,5.1123,1.7706,-2.4568,-1.9593,2.7052,1
1.1731,5.1121,1.7709,-2.4568,-1.9593,2.7053,1
1.175,5.1119,1.7712,-2.4569,-1.9593,2.7054,1
1.1768,5.1117,1.7714,-2.4569,-1.9594,2.7054,1
1.1785,5.1116,1.7717,-2.457,-1.9594,2.7055,1
1.1803,5.1114,1.7719,-2.457,-1.9594,2.7056,1
1.182,5.1112,1.7722,-2.4571,-1.9594,2.7057,1
1.1837,5.1111,1.7724,-2.4571,-1.9594,2.7057,1
1.1853,5.1109,1.7726,-2.4572,-1.9594,2.7058,1
1.187,5.1108,1.7729,-2.4572,-1.9595,2.7058,1
1.1885,5.1106,1.7731,-2.4573,-1.9595,2.7059,1
1.1901,5.1105,1.7733,-2.4573,-1.9595,2.706,1
1.1916,5.1103,1.7735,-2.4574,-1.9595,2.706,1
1.1931,5.1102,1.7737,-2.4574,-1.9595,2.7061,1
1.1946,5.11,1.7739,-2.4575,-1.9595,2.7061,1
1.196,5.1099,1.7741,-2.4575,-1.9596,2.7062,1
1.1974,5.1098,1.7743,-2.4575,-1.9596,2.7063,1
1.1988,5.1096,1.7745,-2.4576,-1.9596,2.7063,1
1.2001,5.1095,1.7747,-2.4576,-1.9596,2.7064,1
1.2014,5.1094,1.7748,-2.4577,-1.9596,2.7064,1
1.2026,5.1093,1.775,-2.4577,-1.9596,2.7065,1
1.2039,5.1092,1.7752,-2.4577,-1.9597,2.7065,1
1.2051,5.109,1.7754,-2.4578,-1.9597,2.7066,1
1.2062,5.1089,1.7755,-2.4578,-1.9597,2.7066,1
1.2073,5.1088,1.7757,-2.4578,-1.9597,2.7067,1
1.2084,5.1087,1.7758,-2.4578,-1.9597,2.7067,1
1.2095,5.1086,1.776,-2.4579,-1.9597,2.7067,1
1.2105,5.1085,1.7761,-2.4579,-1.9597,2.7068,1
1.2115,5.1084,1.7762,-2.4579,-1.9597,2.7068,1
1.2124,5.1084,1.7764,-2.458,-1.9597,2.7069,1
1.2134,5.1083,1.7765,-2.458,-1.9598,2.7069,1
1.2142,5.1082,1.7766,-2.458,-1.9598,2.7069,1
1.2151,5.1081,1.7767,-2.458,-1.9598,2.707,1
1.2159,5.108,1.7768,-2.458,-1.9598,2.707,1
1.2167,5.108,1.7769,-2.4581,-1.9598,2.707,1
1.2174,5.1079,1.777,-2.4581,-1.9598,2.7071,1
1.2181,5.1078,1.7771,-2.4581,-1.9598,2.7071,1
1.2188,5.1078,1.7772,-2.4581,-1.9598,2.7071,1
1.2194,5.1077,1.7773,-2.4581,-1.9598,2.7072,1
1.22,5.1077,1.7774,-2.4582,-1.9598,2.7072,1
1.2205,5.1076,1.7774,-2.4582,-1.9598,2.7072,1
1.221,5.1076,1.7775,-2.4582,-1.9598,2.7072,1
1.2215,5.1075,1.7776,-2.4582,-1.9598,2.7073,1
1.222,5.1075,1.7776,-2.4582,-1.9599,2.7073,1
1.2224,5.1074,1.7777,-2.4582,-1.9599,2.7073,1
1.2227,5.1074,1.7777,-2.4582,-1.9599,2.7073,1
1.2231,5.1074,1.7778,-2.4582,-1.9599,2.7073,1
1.2234,5.1073,1.7778,-2.4582,-1.9599,2.7073,1
1.2236,5.1073,1.7779,-2.4582,-1.9599,2.7073,1
1.2238,5.1073,1.7779,-2.4583,-1.9599,2.7073,1
1.224,5.1073,1.7779,-2.4583,-1.9599,2.7074,1
1.2241,5.1073,1.7779,-2.4583,-1.9599,2.7074,1
1.2242,5.1073,1.7779,-2.4583,-1.9599,2.7074,1
1.2243,5.1073,1.7779,-2.4583,-1.9599,2.7074,1
1.2243,5.1073,1.778,-2.4583,-1.9599,2.7074,1
1.2243,5.1073,1.778,-2.4583,-1.9599,2.7074,1
1.2243,5.1073,1.778,-2.4583,-1.9599,2.7074,1
1.2243,5.1073,1.778,-2.4583,-1.9599,2.7074,1
1.2243,5.1073,1.778,-2.4584,-1.9599,2.7074,1
1.2243,5.1074,1.7781,-2.4585,-1.9599,2.7074,1
1.2243,5.1075,1.7781,-2.4587,-1.9599,2.7074,1
1.2243,5.1076,1.7782,-2.4589,-1.9599,2.7074,1
1.2243,5.1077,1.7783,-2.4591,-1.9599,2.7074,1
1.2243,5.1078,1.7784,-2.4593,-1.9599,2.7074,1
1.2243,5.108,1.7786,-2.4596,-1.9599,2.7074,1
1.2243,5.1081,1.7787,-2.4599,-1.9599,2.7074,1
1.2243,5.1083,1.7788,-2.4602,-1.9599,2.7074,1
1.2243,5.1085,1.779,-2.4606,-1.9599,2.7074,1
1.2243,5.1087,1.7792,-2.461,-1.9599,2.7074,1
1.2243,5.1089,1.7794,-2.4614,-1.9599,2.7074,1
1.2243,5.1092,1.7796,-2.4618,-1.9599,2.7074,1
1.2243,5.1094,1.7798,-2.4623,-1.9599,2.7074,1
1.2243,5.1097,1.78,-2.4628,-1.9599,2.7074,1
1.2243,5.11,1.7803,-2.4633,-1.9599,2.7074,1
1.2243,5.1103,1.7805,-2.4639,-1.9599,2.7074,1
1.2243,5.1106,1.7808,-2.4645,-1.9599,2.7074,1
1.2243,5.1109,1.7811,-2.4651,-1.9599,2.7074,1
1.2243,5.1113,1.7814,-2.4657,-1.9599,2.7074,1
1.2243,5.1116,1.7817,-2.4664,-1.9599,2.7074,1
1.2243,5.112,1.782,-2.4671,-1.9599,2.7074,1
1.2243,5.1124,1.7823,-2.4678,-1.9599,2.7074,1
1.2243,5.1128,1.7827,-2.4685,-1.9599,2.7074,1
1.2243,5.1132,1.783,-2.4693,-1.9599,2.7074,1
1.2243,5.1136,1.7834,-2.4701,-1.9599,2.7074,1
1.2243,5.1141,1.7837,-2.4709,-1.9599,2.7074,1
1.2243,5.1145,1.7841,-2.4717,-1.9599,2.7074,1
1.2243,5.115,1.7845,-2.4726,-1.9599,2.7074,1
1.2243,5.1155,1.7849,-2.4734,-1.9599,2.7074,1
1.2243,5.116,1.7853,-2.4743,-1.9599,2.7074,1
1.2243,5.1165,1.7857,-2.4753,-1.9599,2.7074,1
1.2243,5.117,1.7861,-2.4762,-1.9599,2.7074,1
1.2243,5.1175,1.7866,-2.4772,-1.9599,2.7074,1
1.2243,5.1181,1.787,-2.4782,-1.9599,2.7074,1
1.2243,5.1187,1.7875,-2.4792,-1.9599,2.7074,1
1.2243,5.1192,1.7879,-2.4802,-1.9599,2.7074,1
1.2243,5.1198,1.7884,-2.4813,-1.9599,2.7074,1
1.2243,5.1204,1.7889,-2.4823,-1.9599,2.7074,1
1.2243,5.121,1.7894,-2.4834,-1.9599,2.7074,1
1.2243,5.1216,1.7898,-2.4845,-1.9599,2.7074,1
1.2243,5.1223,1.7903,-2.4857,-1.9599,2.7074,1
1.2243,5.1229,1.7908,-2.4868,-1.9599,2.7074,1
1.2243,5.1235,1.7914,-2.488,-1.9599,2.7074,1
1.2243,5.1242,1.7919,-2.4891,-1.9599,2.7074,1
1.2243,5.1249,1.7924,-2.4903,-1.9599,2.7074,1
1.2243,5.1256,1.7929,-2.4916,-1.9599,2.7074,1
1.2243,5.1263,1.7935,-2.4928,-1.9599,2.7074,1
1.2243,5.127,1.794,-2.494,-1.9599,2.7074,1
1.2243,5.1277,1.7945,-2.4953,-1.9599,2.7074,1
1.2243,5.1284,1.7951,-2.4966,-1.9599,2.7074,1
1.2243,5.1292,1.7957,-2.4979,-1.9599,2.7074,1
1.2243,5.1299,1.7962,-2.4992,-1.9599,2.7074,1
1.2243,5.1307,1.7968,-2.5005,-1.9599,2.7074,1
1.2243,5.1314,1.7973,-2.5018,-1.9599,2.7074,1
1.2243,5.1322,1.7979,-2.5032,-1.9599,2.7074,1
1.2243,5.133,1.7985,-2.5046,-1.9599,2.7074,1
1.2243,5.1338,1.7991,-2.5059,-1.9599,2.7074,1
1.2243,5.1346,1.7997,-2.5073,-1.9599,2.7074,1
1.2243,5.1354,1.8003,-2.5087,-1.9599,2.7074,1
1.2243,5.1362,1.8009,-2.5102,-1.9599,2.7074,1
1.2243,5.1371,1.8015,-2.5116,-1.9599,2.7074,1
1.2243,5.1379,1.8021,-2.513,-1.9599,2.7074,1
1.2243,5.1388,1.8027,-2.5145,-1.9599,2.7074,1
1.2243,5.1396,1.8033,-2.5159,-1.9599,2.7074,1
1.2243,5.1405,1.8039,-2.5174,-1.9599,2.7074,1
1.2243,5.1414,1.8045,-2.5189,-1.9599,2.7074,1
1.2243,5.1422,1.8051,-2.5204,-1.9599,2.7074,1
1.2243,5.1431,1.8057,-2.5219,-1.9599,2.7074,1
1.2243,5.144,1.8063,-2.5234,-1.9599,2.7074,1
1.2243,5.1449,1.8069,-2.5249,-1.9599,2.7074,1
1.2243,5.1458,1.8075,-2.5264,-1.9599,2.7074,1
1.2243,5.1468,1.8082,-2.528,-1.9599,2.7074,1
1.2243,5.1477,1.8088,-2.5295,-1.9599,2.7074,1
1.2243,5.1486,1.8094,-2.5311,-1.9599,2.7074,1
1.2243,5.1496,1.81,-2.5326,-1.9599,2.7074,1
1.2243,5.1505,1.8106,-2.5342,-1.9599,2.7074,1
1.2243,5.1515,1.8113,-2.5358,-1.9599,2.7074,1
1.2243,5.1524,1.8119,-2.5374,-1.9599,2.7074,1
1.2243,5.1534,1.8125,-2.5389,-1.9599,2.7074,1
1.2243,5.1543,1.8131,-2.5405,-1.9599,2.7074,1
1.2243,5.1553,1.8138,-2.5421,-1.9599,2.7074,1
1.2243,5.1563,1.8144,-2.5437,-1.9599,2.7074,1
1.2243,5.1573,1.815,-2.5453,-1.9599,2.7074,1
1.2243,5.1583,1.8156,-2.5469,-1.9599,2.7074,1
1.2243,5.1593,1.8162,-2.5485,-1.9599,2.7074,1
1.2243,5.1603,1.8169,-2.5502,-1.9599,2.7074,1
1.2243,5.1613,1.8175,-2.5518,-1.9599,2.7074,1
1.2243,5.1623,1.8181,-2.5534,-1.9599,2.7074,1
1.2243,5.1633,1.8187,-2.555,-1.9599,2.7074,1
1.2243,5.1643,1.8193,-2.5566,-1.9599,2.7074,1
1.2243,5.1653,1.8199,-2.5583,-1.9599,2.7074,1
1.2243,5.1663,1.8205,-2.5599,-1.9599,2.7074,1
1.2243,5.1673,1.8211,-2.5615,-1.9599,2.7074,1
1.2243,5.1684,1.8217,-2.5632,-1.9599,2.7074,1
1.2243,5.1694,1.8223,-2.5648,-1.9599,2.7074,1
1.2243,5.1704,1.8229,-2.5664,-1.9599,2.7074,1
1.2243,5.1715,1.8235,-2.5681,-1.9599,2.7074,1
1.2243,5.1725,1.8241,-2.5697,-1.9599,2.7074,1
1.2243,5.1735,1.8247,-2.5713,-1.9599,2.7074,1
1.2243,5.1746,1.8253,-2.5729,-1.9599,2.7074,1
1.2243,5.1756,1.8259,-2.5746,-1.9599,2.7074,1
1.2243,5.1767,1.8265,-2.5762,-1.9599,2.7074,1
1.2243,5.1777,1.827,-2.5778,-1.9599,2.7074,1
1.2243,5.1788,1.8276,-2.5794,-1.9599,2.7074,1
1.2243,5.1798,1.8282,-2.5811,-1.9599,2.7074,1
1.2243,5.1809,1.8288,-2.5827,-1.9599,2.7074,1
1.2243,5.1819,1.8293,-2.5843,-1.9599,2.7074,1
1.2243,5.1829,1.8299,-2.5859,-1.9599,2.7074,1
1.2243,5.184,1.8304,-2.5875,-1.9599,2.7074,1
1.2243,5.185,1.831,-2.5891,-1.9599,2.7074,1
1.2243,5.1861,1.8315,-2.5907,-1.9599,2.7074,1
1.2243,5.1871,1.8321,-2.5923,-1.9599,2.7074,1
1.2243,5.1882,1.8326,-2.5938,-1.9599,2.7074,1
1.2243,5.1892,1.8332,-2.5954,-1.9599,2.7074,1
1.2243,5.1902,1.8337,-2.597,-1.9599,2.7074,1
1.2243,5.1913,1.8342,-2.5986,-1.9599,2.7074,1
1.2243,5.1923,1.8347,-2.6001,-1.9599,2.7074,1
1.2243,5.1934,1.8352,-2.6017,-1.9599,2.7074,1
1.2243,5.1944,1.8358,-2.6032,-1.9599,2.7074,1
1.2243,5.1954,1.8363,-2.6047,-1.9599,2.7074,1
1.2243,5.1964,1.8368,-2.6063,-1.9599,2.7074,1
1.2243,5.1975,1.8373,-2.6078,-1.9599,2.7074,1
1.2243,5.1985,1.8378,-2.6093,-1.9599,2.7074,1
1.2243,5.1995,1.8382,-2.6108,-1.9599,2.7074,1
1.2243,5.2005,1.8387,-2.6123,-1.9599,2.7074,1
1.2243,5.2015,1.8392,-2.6138,-1.9599,2.7074,1
1.2243,5.2025,1.8397,-2.6152,-1.9599,2.7074,1
1.2243,5.2035,1.8401,-2.6167,-1.9599,2.7074,1
1.2243,5.2045,1.8406,-2.6181,-1.9599,2.7074,1
1.2243,5.2055,1.8411,-2.6196,-1.9599,2.7074,1
1.2243,5.2064,1.8415,-2.621,-1.9599,2.7074,1
1.2243,5.2074,1.842,-2.6224,-1.9599,2.7074,1
1.2243,5.2084,1.8424,-2.6238,-1.9599,2.7074,1
1.2243,5.2093,1.8428,-2.6252,-1.9599,2.7074,1
1.2243,5.2103,1.8433,-2.6266,-1.9599,2.7074,1
1.2243,5.2112,1.8437,-2.628,-1.9599,2.7074,1
1.2243,5.2122,1.8441,-2.6293,-1.9599,2.7074,1
1.2243,5.2131,1.8445,-2.6307,-1.9599,2.7074,1
1.2243,5.214,1.8449,-2.632,-1.9599,2.7074,1
1.2243,5.215,1.8453,-2.6333,-1.9599,2.7074,1
1.2243,5.2159,1.8457,-2.6346,-1.9599,2.7074,1
1.2243,5.2168,1.8461,-2.6359,-1.9599,2.7074,1
1.2243,5.2177,1.8465,-2.6372,-1.9599,2.7074,1
1.2243,5.2185,1.8468,-2.6384,-1.9599,2.7074,1
1.2243,5.2194,1.8472,-2.6397,-1.9599,2.7074,1
1.2243,5.2203,1.8476,-2.6409,-1.9599,2.7074,1
1.2243,5.2211,1.8479,-2.6421,-1.9599,2.7074,1
1.2243,5.222,1.8483,-2.6433,-1.9599,2.7074,1
1.2243,5.2228,1.8486,-2.6445,-1.9599,2.7074,1
1.2243,5.2236,1.8489,-2.6456,-1.9599,2.7074,1
1.2243,5.2244,1.8493,-2.6468,-1.9599,2.7074,1
1.2243,5.2252,1.8496,-2.6479,-1.9599,2.7074,1
1.2243,5.226,1.8499,-2.649,-1.9599,2.7074,1
1.2243,5.2268,1.8502,-2.6501,-1.9599,2.7074,1
1.2243,5.2276,1.8505,-2.6511,-1.9599,2.7074,1
1.2243,5.2283,1.8508,-2.6522,-1.9599,2.7074,1
1.2243,5.229,1.8511,-2.6532,-1.9599,2.7074,1
1.2243,5.2298,1.8514,-2.6542,-1.9599,2.7074,1
1.2243,5.2305,1.8517,-2.6552,-1.9599,2.7074,1
1.2243,5.2312,1.852,-2.6562,-1.9599,2.7074,1
1.2243,5.2319,1.8522,-2.6571,-1.9599,2.7074,1
1.2243,5.2325,1.8525,-2.6581,-1.9599,2.7074,1
1.2243,5.2332,1.8527,-2.659,-1.9599,2.7074,1
1.2243,5.2338,1.853,-2.6599,-1.9599,2.7074,1
1.2243,5.2345,1.8532,-2.6607,-1.9599,2.7074,1
1.2243,5.2351,1.8534,-2.6616,-1.9599,2.7074,1
1.2243,5.2357,1.8537,-2.6624,-1.9599,2.7074,1
1.2243,5.2362,1.8539,-2.6632,-1.9599,2.7074,1
1.2243,5.2368,1.8541,-2.664,-1.9599,2.7074,1
1.2243,5.2374,1.8543,-2.6647,-1.9599,2.7074,1
1.2243,5.2379,1.8545,-2.6654,-1.9599,2.7074,1
1.2243,5.2384,1.8547,-2.6662,-1.9599,2.7074,1
1.2243,5.2389,1.8549,-2.6668,-1.9599,2.7074,1
1.2243,5.2394,1.855,-2.6675,-1.9599,2.7074,1
1.2243,5.2399,1.8552,-2.6681,-1.9599,2.7074,1
1.2243,5.2403,1.8554,-2.6687,-1.9599,2.7074,1
1.2243,5.2407,1.8555,-2.6693,-1.9599,2.7074,1
1.2243,5.2411,1.8557,-2.6699,-1.9599,2.7074,1
1.2243,5.2415,1.8558,-2.6704,-1.9599,2.7074,1
1.2243,5.2419,1.856,-2.6709,-1.9599,2.7074,1
1.2243,5.2423,1.8561,-2.6714,-1.9599,2.7074,1
1.2243,5.2426,1.8562,-2.6718,-1.9599,2.7074,1
1.2243,5.2429,1.8563,-2.6723,-1.9599,2.7074,1
1.2243,5.2432,1.8564,-2.6727,-1.9599,2.7074,1
1.2243,5.2435,1.8565,-2.673,-1.9599,2.7074,1
1.2243,5.2437,1.8566,-2.6734,-1.9599,2.7074,1
1.2243,5.244,1.8567,-2.6737,-1.9599,2.7074,1
1.2243,5.2442,1.8568,-2.674,-1.9599,2.7074,1
1.2243,5.2444,1.8568,-2.6742,-1.9599,2.7074,1
1.2243,5.2445,1.8569,-2.6745,-1.9599,2.7074,1
1.2243,5.2447,1.8569,-2.6747,-1.9599,2.7074,1
1.2243,5.2448,1.857,-2.6748,-1.9599,2.7074,1
1.2243,5.2449,1.857,-2.675,-1.9599,2.7074,1
1.2243,5.245,1.8571,-2.6751,-1.9599,2.7074,1
1.2243,5.245,1.8571,-2.6752,-1.9599,2.7074,1
1.2243,5.2451,1.8571,-2.6752,-1.9599,2.7074,1
1.2243,5.2451,1.8571,-2.6752,-1.9599,2.7074,1
1.2243,5.2451,1.8571,-2.6752,-1.9599,2.7074,0
1.2243,5.2451,1.8571,-2.6752,-1.9599,2.7074,0
1.2243,5.245,1.8571,-2.6752,-1.9599,2.7074,0
1.2243,5.245,1.8571,-2.6751,-1.9599,2.7074,0
1.2243,5.2449,1.857,-2.675,-1.9599,2.7074,0
1.2243,5.2448,1.857,-2.6748,-1.9599,2.7074,0
1.2243,5.2447,1.8569,-2.6747,-1.9599,2.7074,0
1.2243,5.2445,1.8569,-2.6745,-1.9599,2.7074,0
1.2243,5.2444,1.8568,-2.6742,-1.9599,2.7074,0
1.2243,5.2442,1.8568,-2.674,-1.9599,2.7074,0
1.2243,5.244,1.8567,-2.6737,-1.9599,2.7074,0
1.2243,5.2437,1.8566,-2.6734,-1.9599,2.7074,0
1.2243,5.2435,1.8565,-2.673,-1.9599,2.7074,0
1.2243,5.2432,1.8564,-2.6727,-1.9599,2.7074,0
1.2243,5.2429,1.8563,-2.6723,-1.9599,2.7074,0
1.2243,5.2426,1.8562,-2.6718,-1.9599,2.7074,0
1.2243,5.2423,1.8561,-2.6714,-1.9599,2.7074,0
1.2243,5.2419,1.856,-2.6709,-1.9599,2.7074,0
1.2243,5.2415,1.8558,-2.6704,-1.9599,2.7074,0
1.2243,5.2411,1.8557,-2.6699,-1.9599,2.7074,0
1.2243,5.2407,1.8555,-2.6693,-1.9599,2.7074,0
1.2243,5.2403,1.8554,-2.6687,-1.9599,2.7074,0
1.2243,5.2399,1.8552,-2.6681,-1.9599,2.7074,0
1.2243,5.2394,1.8551,-2.6675,-1.9599,2.7074,0
1.2243,5.2389,1.8549,-2.6668,-1.9599,2.7074,0
1.2243,5.2384,1.8547,-2.6662,-1.9599,2.7074,0
1.2243,5.2379,1.8545,-2.6654,-1.9599,2.7074,0
1.2243,5.2374,1.8543,-2.6647,-1.9599,2.7074,0
1.2243,5.2368,1.8541,-2.664,-1.9599,2.7074,0
1.2243,5.2362,1.8539,-2.6632,-1.9599,2.7074,0
1.2243,5.2357,1.8537,-2.6624,-1.9599,2.7074,0
1.2243,5.2351,1.8535,-2.6616,-1.9599,2.7074,0
1.2243,5.2345,1.8532,-2.6607,-1.9599,2.7074,0
1.2243,5.2338,1.853,-2.6599,-1.9599,2.7074,0
1.2243,5.2332,1.8527,-2.659,-1.9599,2.7074,0
1.2243,5.2325,1.8525,-2.6581,-1.9599,2.7074,0
1.2243,5.2319,1.8522,-2.6571,-1.9599,2.7074,0
1.2243,5.2312,1.852,-2.6562,-1.9599,2.7074,0
1.2243,5.2305,1.8517,-2.6552,-1.9599,2.7074,0
1.2243,5.2298,1.8514,-2.6542,-1.9599,2.7074,0
1.2243,5.229,1.8511,-2.6532,-1.9599,2.7074,0
1.2243,5.2283,1.8508,-2.6522,-1.9599,2.7074,0
1.2243,5.2275,1.8505,-2.6511,-1.9599,2.7074,0
1.2243,5.2268,1.8502,-2.6501,-1.9599,2.7074,0
1.2243,5.226,1.8499,-2.649,-1.9599,2.7074,0
1.2243,5.2252,1.8496,-2.6479,-1.9599,2.7074,0
1.2243,5.2244,1.8493,-2.6468,-1.9599,2.7074,0
1.2243,5.2236,1.849,-2.6456,-1.9599,2.7074,0
1.2243,5.2228,1.8486,-2.6445,-1.9599,2.7074,0
1.2243,5.2219,1.8483,-2.6433,-1.9599,2.7074,0
1.2243,5.2211,1.8479,-2.6421,-1.9599,2.7074,0
1.2243,5.2202,1.8476,-2.6409,-1.9599,2.7074,0
1.2243,5.2194,1.8472,-2.6397,-1.9599,2.7074,0
1.2243,5.2185,1.8469,-2.6384,-1.9599,2.7074,0
1.2243,5.2176,1.8465,-2.6372,-1.9599,2.7074,0
1.2243,5.2167,1.8461,-2.6359,-1.9599,2.7074,0
1.2243,5.2158,1.8457,-2.6346,-1.9599,2.7074,0
1.2243,5.2149,1.8453,-2.6333,-1.9599,2.7074,0
1.2243,5.214,1.8449,-2.632,-1.9599,2.7074,0
1.2243,5.2131,1.8445,-2.6307,-1.9599,2.7074,0
1.2243,5.2122,1.8441,-2.6293,-1.9599,2.7074,0
1.2243,5.2112,1.8437,-2.628,-1.9599,2.7074,0
1.2243,5.2103,1.8433,-2.6266,-1.9599,2.7074,0
1.2243,5.2093,1.8429,-2.6252,-1.9599,2.7074,0
1.2243,5.2083,1.8424,-2.6239,-1.9599,2.7074,0
1.2243,5.2074,1.842,-2.6224,-1.9599,2.7074,0
1.2243,5.2064,1.8416,-2.621,-1.9599,2.7074,0
1.2243,5.2054,1.8411,-2.6196,-1.9599,2.7074,0
1.2243,5.2044,1.8407,-2.6182,-1.9599,2.7074,0
1.2243,5.2034,1.8402,-2.6167,-1.9599,2.7074,0
1.2243,5.2025,1.8397,-2.6153,-1.9599,2.7074,0
1.2243,5.2014,1.8393,-2.6138,-1.9599,2.7074,0
1.2243,5.2004,1.8388,-2.6123,-1.9599,2.7074,0
1.2243,5.1994,1.8383,-2.6108,-1.9599,2.7074,0
1.2243,5.1984,1.8378,-2.6093,-1.9599,2.7074,0
1.2243,5.1974,1.8373,-2.6078,-1.9599,2.7074,0
1.2243,5.1964,1.8369,-2.6063,-1.9599,2.7074,0
1.2243,5.1953,1.8364,-2.6048,-1.9599,2.7074,0
1.2243,5.1943,1.8358,-2.6032,-1.9599,2.7074,0
1.2243,5.1933,1.8353,-2.6017,-1.9599,2.7074,0
1.2243,5.1923,1.8348,-2.6001,-1.9599,2.7074,0
1.2243,5.1912,1.8343,-2.5986,-1.9599,2.7074,0
1.2243,5.1902,1.8338,-2.597,-1.9599,2.7074,0
1.2243,5.1891,1.8333,-2.5954,-1.9599,2.7074,0
1.2243,5.1881,1.8327,-2.5939,-1.9599,2.7074,0
1.2243,5.187,1.8322,-2.5923,-1.9599,2.7074,0
1.2243,5.186,1.8316,-2.5907,-1.9599,2.7074,0
1.2243,5.185,1.8311,-2.5891,-1.9599,2.7074,0
1.2243,5.1839,1.8305,-2.5875,-1.9599,2.7074,0
1.2243,5.1829,1.83,-2.5859,-1.9599,2.7074,0
1.2243,5.1818,1.8294,-2.5843,-1.9599,2.7074,0
1.2243,5.1808,1.8289,-2.5827,-1.9599,2.7074,0
1.2243,5.1797,1.8283,-2.5811,-1.9599,2.7074,0
1.2243,5.1787,1.8277,-2.5795,-1.9599,2.7074,0
1.2243,5.1776,1.8272,-2.5778,-1.9599,2.7074,0
1.2243,5.1766,1.8266,-2.5762,-1.9599,2.7074,0
1.2243,5.1755,1.826,-2.5746,-1.9599,2.7074,0
1.2243,5.1745,1.8254,-2.573,-1.9599,2.7074,0
1.2243,5.1734,1.8248,-2.5713,-1.9599,2.7074,0
1.2243,5.1724,1.8243,-2.5697,-1.9599,2.7074,0
1.2243,5.1714,1.8237,-2.5681,-1.9599,2.7074,0
1.2243,5.1703,1.8231,-2.5665,-1.9599,2.7074,0
1.2243,5.1693,1.8225,-2.5648,-1.9599,2.7074,0
1.2243,5.1683,1.8219,-2.5632,-1.9599,2.7074,0
1.2243,5.1672,1.8213,-2.5616,-1.9599,2.7074,0
1.2243,5.1662,1.8207,-2.5599,-1.9599,2.7074,0
1.2243,5.1652,1.8201,-2.5583,-1.9599,2.7074,0
1.2243,5.1642,1.8195,-2.5567,-1.9599,2.7074,0
1.2243,5.1631,1.8189,-2.5551,-1.9599,2.7074,0
1.2243,5.1621,1.8182,-2.5534,-1.9599,2.7074,0
1.2243,5.1611,1.8176,-2.5518,-1.9599,2.7074,0
1.2243,5.1601,1.817,-2.5502,-1.9599,2.7074,0
1.2243,5.1591,1.8164,-2.5486,-1.9599,2.7074,0
1.2243,5.1581,1.8158,-2.547,-1.9599,2.7074,0
1.2243,5.1571,1.8152,-2.5454,-1.9599,2.7074,0
1.2243,5.1561,1.8146,-2.5438,-1.9599,2.7074,0
1.2243,5.1552,1.8139,-2.5422,-1.9599,2.7074,0
1.2243,5.1542,1.8133,-2.5406,-1.9599,2.7074,0
1.2243,5.1532,1.8127,-2.539,-1.9599,2.7074,0
1.2243,5.1523,1.8121,-2.5374,-1.9599,2.7074,0
1.2243,5.1513,1.8115,-2.5358,-1.9599,2.7074,0
1.2243,5.1503,1.8108,-2.5342,-1.9599,2.7074,0
1.2243,5.1494,1.8102,-2.5327,-1.9599,2.7074,0
1.2243,5.1485,1.8096,-2.5311,-1.9599,2.7074,0
1.2243,5.1475,1.809,-2.5296,-1.9599,2.7074,0
1.2243,5.1466,1.8084,-2.528,-1.9599,2.7074,0
1.2243,5.1457,1.8078,-2.5265,-1.9599,2.7074,0
1.2243,5.1448,1.8071,-2.525,-1.9599,2.7074,0
1.2243,5.1439,1.8065,-2.5234,-1.9599,2.7074,0
1.2243,5.143,1.8059,-2.5219,-1.9599,2.7074,0
1.2243,5.1421,1.8053,-2.5204,-1.9599,2.7074,0
1.2243,5.1412,1.8047,-2.5189,-1.9599,2.7074,0
1.2243,5.1403,1.8041,-2.5175,-1.9599,2.7074,0
1.2243,5.1394,1.8035,-2.516,-1.9599,2.7074,0
1.2243,5.1386,1.8029,-2.5145,-1.9599,2.7074,0
1.2243,5.1377,1.8023,-2.5131,-1.9599,2.7074,0
1.2243,5.1369,1.8017,-2.5116,-1.9599,2.7074,0
1.2243,5.1361,1.8011,-2.5102,-1.9599,2.7074,0
1.2243,5.1352,1.8005,-2.5088,-1.9599,2.7074,0
1.2243,5.1344,1.7999,-2.5074,-1.9599,2.7074,0
1.2243,5.1336,1.7993,-2.506,-1.9599,2.7074,0
1.2243,5.1328,1.7987,-2.5046,-1.9599,2.7074,0
1.2243,5.132,1.7982,-2.5032,-1.9599,2.7074,0
1.2243,5.1312,1.7976,-2.5019,-1.9599,2.7074,0
1.2243,5.1305,1.797,-2.5005,-1.9599,2.7074,0
1.2243,5.1297,1.7965,-2.4992,-1.9599,2.7074,0
1.2243,5.129,1.7959,-2.4979,-1.9599,2.7074,0
1.2243,5.1282,1.7953,-2.4966,-1.9599,2.7074,0
1.2243,5.1275,1.7948,-2.4953,-1.9599,2.7074,0
1.2243,5.1268,1.7942,-2.4941,-1.9599,2.7074,0
1.2243,5.1261,1.7937,-2.4928,-1.9599,2.7074,0
1.2243,5.1254,1.7932,-2.4916,-1.9599,2.7074,0
1.2243,5.1247,1.7926,-2.4904,-1.9599,2.7074,0
1.2243,5.124,1.7921,-2.4892,-1.9599,2.7074,0
1.2243,5.1233,1.7916,-2.488,-1.9599,2.7074,0
1.2243,5.1227,1.7911,-2.4868,-1.9599,2.7074,0
1.2243,5.122,1.7906,-2.4857,-1.9599,2.7074,0
1.2243,5.1214,1.7901,-2.4846,-1.9599,2.7074,0
1.2243,5.1208,1.7896,-2.4835,-1.9599,2.7074,0
1.2243,5.1202,1.7891,-2.4824,-1.9599,2.7074,0
1.2243,5.1196,1.7887,-2.4813,-1.9599,2.7074,0
1.2243,5.119,1.7882,-2.4803,-1.9599,2.7074,0
1.2243,5.1184,1.7877,-2.4792,-1.9599,2.7074,0
1.2243,5.1179,1.7873,-2.4782,-1.9599,2.7074,0
1.2243,5.1173,1.7868,-2.4772,-1.9599,2.7074,0
1.2243,5.1168,1.7864,-2.4763,-1.9599,2.7074,0
1.2243,5.1163,1.786,-2.4753,-1.9599,2.7074,0
1.2243,5.1158,1.7856,-2.4744,-1.9599,2.7074,0
1.2243,5.1153,1.7852,-2.4735,-1.9599,2.7074,0
1.2243,5.1148,1.7848,-2.4726,-1.9599,2.7074,0
1.2243,5.1143,1.7844,-2.4718,-1.9599,2.7074,0
1.2243,5.1139,1.784,-2.4709,-1.9599,2.7074,0
1.2243,5.1134,1.7836,-2.4701,-1.9599,2.7074,0
1.2243,5.113,1.7833,-2.4693,-1.9599,2.7074,0
1.2243,5.1126,1.7829,-2.4686,-1.9599,2.7074,0
1.2243,5.1122,1.7826,-2.4678,-1.9599,2.7074,0
1.2243,5.1118,1.7823,-2.4671,-1.9599,2.7074,0
1.2243,5.1114,1.782,-2.4664,-1.9599,2.7074,0
1.2243,5.111,1.7817,-2.4658,-1.9599,2.7074,0
1.2243,5.1107,1.7814,-2.4651,-1.9599,2.7074,0
1.2243,5.1104,1.7811,-2.4645,-1.9599,2.7074,0
1.2243,5.11,1.7808,-2.4639,-1.9599,2.7074,0
1.2243,5.1097,1.7806,-2.4634,-1.9599,2.7074,0
1.2243,5.1095,1.7803,-2.4628,-1.9599,2.7074,0
1.2243,5.1092,1.7801,-2.4623,-1.9599,2.7074,0
1.2243,5.1089,1.7799,-2.4619,-1.9599,2.7074,0
1.2243,5.1087,1.7797,-2.4614,-1.9599,2.7074,0
1.2243,5.1085,1.7795,-2.461,-1.9599,2.7074,0
1.2243,5.1083,1.7793,-2.4606,-1.9599,2.7074,0
1.2243,5.1081,1.7791,-2.4602,-1.9599,2.7074,0
1.2243,5.1079,1.779,-2.4599,-1.9599,2.7074,0
1.2243,5.1077,1.7788,-2.4596,-1.9599,2.7074,0
1.2243,5.1076,1.7787,-2.4593,-1.9599,2.7074,0
1.2243,5.1075,1.7786,-2.4591,-1.9599,2.7074,0
1.2243,5.1073,1.7785,-2.4589,-1.9599,2.7074,0
1.2243,5.1072,1.7784,-2.4587,-1.9599,2.7074,0
1.2243,5.1072,1.7784,-2.4586,-1.9599,2.7074,0
1.2243,5.1071,1.7783,-2.4585,-1.9599,2.7074,0
1.2243,5.1071,1.7783,-2.4584,-1.9599,2.7074,0
1.2243,5.107,1.7782,-2.4583,-1.9599,2.7074,0
1.2243,5.107,1.7782,-2.4583,-1.9599,2.7074,0
