-0.5236,-1.5708,1.5708,-1.5708,-1.5708,2.618,0
-0.52359,-1.5708,1.5708,-1.5708,-1.5708,2.618,0
-0.52356,-1.5707,1.5708,-1.5709,-1.5708,2.618,0
-0.5235,-1.5706,1.5708,-1.571,-1.5708,2.6181,0
-0.52343,-1.5705,1.5708,-1.5711,-1.5708,2.6182,0
-0.52334,-1.5703,1.5709,-1.5713,-1.5708,2.6183,0
-0.52322,-1.5702,1.5709,-1.5716,-1.5708,2.6184,0
-0.52309,-1.5699,1.5709,-1.5718,-1.5708,2.6185,0
-0.52293,-1.5697,1.571,-1.5721,-1.5708,2.6187,0
-0.52276,-1.5694,1.571,-1.5725,-1.5708,2.6188,0
-0.52256,-1.569,1.5711,-1.5729,-1.5708,2.619,0
-0.52235,-1.5687,1.5712,-1.5733,-1.5708,2.6192,0
-0.52211,-1.5683,1.5712,-1.5738,-1.5708,2.6195,0
-0.52186,-1.5678,1.5713,-1.5743,-1.5708,2.6197,0
-0.52158,-1.5674,1.5714,-1.5749,-1.5708,2.62,0
-0.52129,-1.5669,1.5715,-1.5755,-1.5708,2.6203,0
-0.52098,-1.5664,1.5716,-1.5761,-1.5708,2.6206,0
-0.52065,-1.5658,1.5717,-1.5768,-1.5708,2.6209,0
-0.5203,-1.5652,1.5718,-1.5775,-1.5708,2.6213,0
-0.51993,-1.5646,1.5719,-1.5782,-1.5708,2.6217,0
-0.51954,-1.5639,1.572,-1.579,-1.5708,2.622,0
-0.51914,-1.5632,1.5721,-1.5798,-1.5708,2.6225,0
-0.51872,-1.5625,1.5722,-1.5807,-1.5708,2.6229,0
-0.51828,-1.5618,1.5724,-1.5816,-1.5708,2.6233,0
-0.51782,-1.561,1.5725,-1.5825,-1.5708,2.6238,0
-0.51736,-1.5602,1.5726,-1.5834,-1.5708,2.6242,0
-0.51688,-1.5593,1.5727,-1.5844,-1.5708,2.6247,0
-0.51639,-1.5585,1.5729,-1.5854,-1.5708,2.6252,0
-0.51588,-1.5575,1.573,-1.5865,-1.5708,2.6257,0
-0.51536,-1.5566,1.5731,-1.5876,-1.5708,2.6262,0
-0.51482,-1.5556,1.5733,-1.5887,-1.5708,2.6268,0
-0.51426,-1.5546,1.5734,-1.5899,-1.5708,2.6273,0
-0.51368,-1.5536,1.5736,-1.591,-1.5708,2.6279,0
-0.51309,-1.5525,1.5737,-1.5923,-1.5708,2.6285,0
-0.51249,-1.5514,1.5739,-1.5935,-1.5708,2.6291,0
-0.51187,-1.5503,1.574,-1.5948,-1.5708,2.6297,0
-0.51123,-1.5491,1.5742,-1.5961,-1.5708,2.6304,0
-0.51058,-1.5479,1.5743,-1.5975,-1.5708,2.631,0
-0.50991,-1.5467,1.5745,-1.5988,-1.5708,2.6317,0
-0.50922,-1.5455,1.5746,-1.6003,-1.5708,2.6324,0
-0.50853,-1.5442,1.5748,-1.6017,-1.5708,2.6331,0
-0.50781,-1.543,1.5749,-1.6032,-1.5708,2.6338,0
-0.50708,-1.5416,1.5751,-1.6047,-1.5708,2.6345,0
-0.50634,-1.5403,1.5753,-1.6062,-1.5708,2.6353,0
-0.50558,-1.5389,1.5754,-1.6078,-1.5708,2.636,0
-0.50481,-1.5375,1.5755,-1.6093,-1.5708,2.6368,0
-0.50403,-1.536,1.5757,-1.6109,-1.5708,2.6376,0
-0.50323,-1.5345,1.5758,-1.6125,-1.5708,2.6384,0
-0.50241,-1.533,1.576,-1.6142,-1.5708,2.6392,0
-0.50158,-1.5315,1.5761,-1.6159,-1.5708,2.64,0
-0.50074,-1.5299,1.5762,-1.6176,-1.5708,2.6408,0
-0.49989,-1.5283,1.5764,-1.6193,-1.5708,2.6417,0
-0.49903,-1.5267,1.5765,-1.6211,-1.5708,2.6426,0
-0.49816,-1.525,1.5767,-1.6228,-1.5708,2.6434,0
-0.49731,-1.5234,1.5768,-1.6247,-1.5708,2.6443,0
-0.49645,-1.5217,1.5769,-1.6265,-1.5708,2.6451,0
-0.49558,-1.52,1.577,-1.6283,-1.5708,2.646,0
-0.49469,-1.5182,1.5772,-1.6302,-1.5708,2.6469,0
-0.4938,-1.5165,1.5772,-1.6321,-1.5708,2.6478,0
-0.49289,-1.5146,1.5773,-1.634,-1.5708,2.6487,0
-0.49197,-1.5128,1.5774,-1.6359,-1.5708,2.6496,0
-0.49104,-1.5109,1.5774,-1.6378,-1.5708,2.6506,0
-0.49009,-1.509,1.5775,-1.6398,-1.5708,2.6515,0
-0.48914,-1.5071,1.5776,-1.6418,-1.5708,2.6525,0
-0.48818,-1.5051,1.5777,-1.6438,-1.5708,2.6534,0
-0.4872,-1.5032,1.5778,-1.6459,-1.5708,2.6544,0
-0.48621,-1.5012,1.5778,-1.648,-1.5708,2.6554,0
-0.48521,-1.4992,1.5778,-1.65,-1.5708,2.6564,0
-0.48421,-1.4971,1.5779,-1.6521,-1.5708,2.6574,0
-0.48319,-1.4951,1.5779,-1.6542,-1.5708,2.6584,0
-0.48216,-1.493,1.5779,-1.6563,-1.5708,2.6594,0
-0.48112,-1.4909,1.5778,-1.6584,-1.5708,2.6605,0
-0.48007,-1.4887,1.5778,-1.6606,-1.5708,2.6615,0
-0.47901,-1.4866,1.5778,-1.6627,-1.5708,2.6626,0
-0.47794,-1.4844,1.5778,-1.6649,-1.5708,2.6637,0
-0.4769,-1.4821,1.5778,-1.6672,-1.5708,2.6647,0
-0.47586,-1.4799,1.5778,-1.6693,-1.5708,2.6657,0
-0.47481,-1.4776,1.5777,-1.6715,-1.5708,2.6668,0
-0.47375,-1.4753,1.5777,-1.6738,-1.5708,2.6678,0
-0.47268,-1.473,1.5776,-1.676,-1.5708,2.6689,0
-0.4716,-1.4707,1.5775,-1.6783,-1.5708,2.67,0
-0.47052,-1.4684,1.5774,-1.6806,-1.5708,2.6711,0
-0.46942,-1.466,1.5773,-1.6829,-1.5708,2.6722,0
-0.46832,-1.4636,1.5772,-1.6852,-1.5708,2.6733,0
-0.46721,-1.4611,1.577,-1.6875,-1.5708,2.6744,0
-0.46609,-1.4587,1.5769,-1.6898,-1.5708,2.6755,0
-0.46496,-1.4562,1.5768,-1.6921,-1.5708,2.6766,0
-0.46383,-1.4537,1.5766,-1.6945,-1.5708,2.6778,0
-0.46268,-1.4511,1.5765,-1.6968,-1.5708,2.6789,0
-0.46155,-1.4486,1.5762,-1.6992,-1.5708,2.68,0
-0.46041,-1.446,1.576,-1.7016,-1.5708,2.6812,0
-0.45925,-1.4435,1.5758,-1.704,-1.5708,2.6823,0
-0.4581,-1.4409,1.5755,-1.7064,-1.5708,2.6835,0
-0.45699,-1.4382,1.5753,-1.7088,-1.5708,2.6846,0
-0.45587,-1.4355,1.5751,-1.7112,-1.5708,2.6857,0
-0.45474,-1.4328,1.5748,-1.7136,-1.5708,2.6868,0
-0.45361,-1.4301,1.5746,-1.716,-1.5708,2.688,0
-0.45248,-1.4273,1.5743,-1.7184,-1.5708,2.6891,0
-0.45133,-1.4246,1.5739,-1.7208,-1.5708,2.6903,0
-0.45019,-1.4219,1.5736,-1.7232,-1.5708,2.6914,0
-0.44903,-1.4192,1.5732,-1.7256,-1.5708,2.6926,0
-0.44787,-1.4164,1.5728,-1.728,-1.5708,2.6937,0
-0.4467,-1.4137,1.5725,-1.7303,-1.5708,2.6949,0
-0.44553,-1.4109,1.5721,-1.7327,-1.5708,2.6961,0
-0.44436,-1.408,1.5717,-1.7351,-1.5708,2.6972,0
-0.44317,-1.4052,1.5714,-1.7376,-1.5708,2.6984,0
-0.44199,-1.4023,1.5709,-1.74,-1.5708,2.6996,0
-0.44079,-1.3994,1.5704,-1.7424,-1.5708,2.7008,0
-0.43959,-1.3965,1.5699,-1.7448,-1.5708,2.702,0
-0.43839,-1.3936,1.5694,-1.7472,-1.5708,2.7032,0
-0.43718,-1.3907,1.5689,-1.7496,-1.5708,2.7044,0
-0.43597,-1.3878,1.5684,-1.7521,-1.5708,2.7056,0
-0.43482,-1.3849,1.5679,-1.7545,-1.5708,2.7068,0
-0.43365,-1.3819,1.5674,-1.7569,-1.5708,2.7079,0
-0.43249,-1.3789,1.5668,-1.7594,-1.5708,2.7091,0
-0.43132,-1.3759,1.5661,-1.7618,-1.5708,2.7103,0
-0.43014,-1.3728,1.5655,-1.7642,-1.5708,2.7114,0
-0.42897,-1.3698,1.5648,-1.7666,-1.5708,2.7126,0
-0.42779,-1.3667,1.5642,-1.769,-1.5708,2.7138,0
-0.4266,-1.3636,1.5635,-1.7714,-1.5708,2.715,0
-0.42543,-1.3606,1.5629,-1.7739,-1.5708,2.7162,0
-0.42426,-1.3575,1.5622,-1.7763,-1.5708,2.7173,0
-0.42308,-1.3544,1.5615,-1.7787,-1.5708,2.7185,0
-0.4219,-1.3513,1.5607,-1.7811,-1.5708,2.7197,0
-0.42072,-1.3481,1.5599,-1.7835,-1.5708,2.7209,0
-0.41953,-1.3449,1.5591,-1.7859,-1.5708,2.7221,0
-0.41834,-1.3417,1.5583,-1.7883,-1.5708,2.7232,0
-0.41715,-1.3385,1.5575,-1.7907,-1.5708,2.7244,0
-0.41596,-1.3353,1.5567,-1.7931,-1.5708,2.7256,0
-0.41476,-1.3321,1.5559,-1.7955,-1.5708,2.7268,0
-0.41356,-1.3289,1.5551,-1.7978,-1.5708,2.728,0
-0.41243,-1.3256,1.5541,-1.8002,-1.5708,2.7292,0
-0.41129,-1.3224,1.5532,-1.8026,-1.5708,2.7303,0
-0.41014,-1.3192,1.5523,-1.805,-1.5708,2.7314,0
-0.409,-1.3159,1.5513,-1.8073,-1.5708,2.7326,0
-0.40785,-1.3127,1.5504,-1.8095,-1.5708,2.7337,0
-0.40671,-1.3094,1.5494,-1.8118,-1.5708,2.7349,0
-0.40556,-1.3061,1.5485,-1.814,-1.5708,2.736,0
-0.40441,-1.3028,1.5475,-1.8163,-1.5708,2.7372,0
-0.40326,-1.2995,1.5464,-1.8186,-1.5708,2.7383,0
-0.4021,-1.2963,1.5453,-1.8209,-1.5708,2.7395,0
-0.40095,-1.293,1.5442,-1.8231,-1.5708,2.7406,0
-0.3998,-1.2897,1.5432,-1.8253,-1.5708,2.7418,0
-0.39864,-1.2864,1.5421,-1.8275,-1.5708,2.7429,0
-0.39749,-1.2831,1.541,-1.8297,-1.5708,2.7441,0
-0.39633,-1.2798,1.5399,-1.8319,-1.5708,2.7453,0
-0.39517,-1.2764,1.5388,-1.8341,-1.5708,2.7464,0
-0.39402,-1.2731,1.5376,-1.8363,-1.5708,2.7476,0
-0.39288,-1.2697,1.5363,-1.8384,-1.5708,2.7487,0
-0.39174,-1.2663,1.5351,-1.8406,-1.5708,2.7499,0
-0.3906,-1.2629,1.5339,-1.8428,-1.5708,2.751,0
-0.38952,-1.2596,1.5327,-1.8449,-1.5708,2.7521,0
-0.38844,-1.2562,1.5315,-1.8471,-1.5708,2.7531,0
-0.38737,-1.2528,1.5302,-1.8492,-1.5708,2.7542,0
-0.38629,-1.2495,1.5289,-1.8513,-1.5708,2.7553,0
-0.38521,-1.2461,1.5276,-1.8534,-1.5708,2.7564,0
-0.38414,-1.2427,1.5262,-1.8555,-1.5708,2.7575,0
-0.38306,-1.2393,1.5249,-1.8575,-1.5708,2.7585,0
-0.38199,-1.2359,1.5235,-1.8595,-1.5708,2.7596,0
-0.38091,-1.2325,1.5221,-1.8616,-1.5708,2.7607,0
-0.37984,-1.229,1.5208,-1.8635,-1.5708,2.7618,0
-0.37877,-1.2256,1.5194,-1.8655,-1.5708,2.7628,0
-0.3777,-1.2222,1.5179,-1.8674,-1.5708,2.7639,0
-0.37663,-1.2188,1.5164,-1.8694,-1.5708,2.765,0
-0.37556,-1.2154,1.515,-1.8713,-1.5708,2.766,0
-0.37449,-1.212,1.5135,-1.8732,-1.5708,2.7671,0
-0.37343,-1.2086,1.512,-1.8751,-1.5708,2.7682,0
-0.37236,-1.2053,1.5105,-1.877,-1.5708,2.7692,0
-0.3713,-1.2019,1.509,-1.8789,-1.5708,2.7703,0
-0.37024,-1.1986,1.5075,-1.8807,-1.5708,2.7714,0
-0.36918,-1.1952,1.5059,-1.8826,-1.5708,2.7724,0
-0.36813,-1.1918,1.5043,-1.8845,-1.5708,2.7735,0
-0.36707,-1.1884,1.5027,-1.8863,-1.5708,2.7745,0
-0.36608,-1.185,1.5011,-1.8881,-1.5708,2.7755,0
-0.36509,-1.1817,1.4995,-1.8899,-1.5708,2.7765,0
-0.3641,-1.1783,1.498,-1.8917,-1.5708,2.7775,0
-0.36312,-1.1749,1.4964,-1.8934,-1.5708,2.7785,0
-0.36214,-1.1716,1.4947,-1.8951,-1.5708,2.7795,0
-0.36117,-1.1682,1.493,-1.8968,-1.5708,2.7804,0
-0.36021,-1.1649,1.4913,-1.8985,-1.5708,2.7814,0
-0.35926,-1.1616,1.4896,-1.9001,-1.5708,2.7823,0
-0.3583,-1.1582,1.488,-1.9017,-1.5708,2.7833,0
-0.35735,-1.1549,1.4863,-1.9034,-1.5708,2.7842,0
-0.3564,-1.1516,1.4846,-1.905,-1.5708,2.7852,0
-0.35545,-1.1483,1.4829,-1.9066,-1.5708,2.7861,0
-0.35451,-1.145,1.4812,-1.9082,-1.5708,2.7871,0
-0.35357,-1.1417,1.4794,-1.9098,-1.5708,2.788,0
-0.35263,-1.1383,1.4776,-1.9113,-1.5708,2.789,0
-0.3517,-1.135,1.4759,-1.9129,-1.5708,2.7899,0
-0.35077,-1.1317,1.4741,-1.9144,-1.5708,2.7908,0
-0.34984,-1.1285,1.4724,-1.9159,-1.5708,2.7917,0
-0.34892,-1.1252,1.4706,-1.9174,-1.5708,2.7927,0
-0.348,-1.1219,1.4689,-1.9189,-1.5708,2.7936,0
-0.34708,-1.1187,1.4671,-1.9203,-1.5708,2.7945,0
-0.34617,-1.1154,1.4652,-1.9217,-1.5708,2.7954,0
-0.34526,-1.1122,1.4634,-1.9231,-1.5708,2.7963,0
-0.34436,-1.109,1.4615,-1.9245,-1.5708,2.7972,0
-0.34346,-1.1058,1.4597,-1.9258,-1.5708,2.7981,0
-0.34256,-1.1027,1.4578,-1.9272,-1.5708,2.799,0
-0.34167,-1.0995,1.456,-1.9285,-1.5708,2.7999,0
-0.34084,-1.0963,1.4542,-1.9298,-1.5708,2.8008,0
-0.34001,-1.0932,1.4524,-1.9311,-1.5708,2.8016,0
-0.33919,-1.09,1.4505,-1.9323,-1.5708,2.8024,0
-0.33837,-1.0869,1.4486,-1.9336,-1.5708,2.8032,0
-0.33756,-1.0837,1.4467,-1.9348,-1.5708,2.804,0
-0.33675,-1.0806,1.4448,-1.936,-1.5708,2.8048,0
-0.33594,-1.0775,1.4429,-1.9373,-1.5708,2.8056,0
-0.33514,-1.0744,1.441,-1.9385,-1.5708,2.8064,0
-0.33435,-1.0714,1.4392,-1.9396,-1.5708,2.8072,0
-0.33356,-1.0683,1.4373,-1.9408,-1.5708,2.808,0
-0.33277,-1.0653,1.4355,-1.9419,-1.5708,2.8088,0
-0.33199,-1.0623,1.4335,-1.9429,-1.5708,2.8096,0
-0.33121,-1.0593,1.4316,-1.944,-1.5708,2.8104,0
-0.33046,-1.0563,1.4297,-1.9451,-1.5708,2.8111,0
-0.32971,-1.0533,1.4278,-1.9461,-1.5708,2.8119,0
-0.32896,-1.0505,1.4259,-1.9471,-1.5708,2.8126,0
-0.32822,-1.0476,1.4241,-1.9481,-1.5708,2.8134,0
-0.32748,-1.0447,1.4222,-1.9491,-1.5708,2.8141,0
-0.32675,-1.0419,1.4203,-1.9501,-1.5708,2.8148,0
-0.32603,-1.0391,1.4185,-1.9511,-1.5708,2.8156,0
-0.32531,-1.0364,1.4166,-1.952,-1.5708,2.8163,0
-0.3246,-1.0336,1.4147,-1.953,-1.5708,2.817,0
-0.32389,-1.0309,1.4128,-1.9539,-1.5708,2.8177,0
-0.32319,-1.0281,1.411,-1.9548,-1.5708,2.8184,0
-0.3225,-1.0254,1.4091,-1.9557,-1.5708,2.8191,0
-0.32181,-1.0227,1.4073,-1.9566,-1.5708,2.8198,0
-0.32112,-1.0199,1.4055,-1.9574,-1.5708,2.8205,0
-0.32045,-1.0173,1.4036,-1.9583,-1.5708,2.8211,0
-0.31978,-1.0146,1.4018,-1.9591,-1.5708,2.8218,0
-0.31911,-1.012,1.4,-1.9599,-1.5708,2.8225,0
-0.31845,-1.0094,1.3982,-1.9606,-1.5708,2.8231,0
-0.3178,-1.0068,1.3964,-1.9614,-1.5708,2.8238,0
-0.31716,-1.0042,1.3946,-1.9621,-1.5708,2.8244,0
-0.31652,-1.0017,1.3928,-1.9628,-1.5708,2.8251,0
-0.31589,-0.99922,1.391,-1.9636,-1.5708,2.8257,0
-0.31526,-0.99674,1.3893,-1.9643,-1.5708,2.8263,0
-0.31469,-0.9943,1.3875,-1.965,-1.5708,2.8269,0
-0.31412,-0.99188,1.3857,-1.9657,-1.5708,2.8275,0
-0.31356,-0.98949,1.384,-1.9663,-1.5708,2.828,0
-0.313,-0.98713,1.3823,-1.967,-1.5708,2.8286,0
-0.31245,-0.9848,1.3806,-1.9676,-1.5708,2.8291,0
-0.31191,-0.98249,1.3789,-1.9682,-1.5708,2.8297,0
-0.31138,-0.98022,1.3773,-1.9688,-1.5708,2.8302,0
-0.31085,-0.97797,1.3756,-1.9694,-1.5708,2.8307,0
-0.31033,-0.97576,1.374,-1.97,-1.5708,2.8313,0
-0.30981,-0.97357,1.3723,-1.9706,-1.5708,2.8318,0
-0.30931,-0.97142,1.3706,-1.9712,-1.5708,2.8323,0
-0.30881,-0.9693,1.369,-1.9718,-1.5708,2.8328,0
-0.30832,-0.96721,1.3674,-1.9723,-1.5708,2.8333,0
-0.30783,-0.96515,1.3658,-1.9728,-1.5708,2.8338,0
-0.30735,-0.96312,1.3643,-1.9732,-1.5708,2.8342,0
-0.30688,-0.96112,1.3627,-1.9737,-1.5708,2.8347,0
-0.30642,-0.95916,1.3612,-1.9742,-1.5708,2.8352,0
-0.30597,-0.95723,1.3598,-1.9746,-1.5708,2.8356,0
-0.30552,-0.95533,1.3583,-1.9751,-1.5708,2.8361,0
-0.30508,-0.95347,1.3569,-1.9755,-1.5708,2.8365,0
-0.30465,-0.9516,1.3554,-1.9759,-1.5708,2.8369,0
-0.30423,-0.94977,1.354,-1.9763,-1.5708,2.8374,0
-0.30382,-0.94798,1.3526,-1.9768,-1.5708,2.8378,0
-0.30341,-0.94622,1.3513,-1.9772,-1.5708,2.8382,0
-0.30301,-0.94449,1.3499,-1.9775,-1.5708,2.8386,0
-0.30262,-0.94281,1.3486,-1.9779,-1.5708,2.839,0
-0.30224,-0.94115,1.3473,-1.9783,-1.5708,2.8393,0
-0.30188,-0.93954,1.346,-1.9786,-1.5708,2.8397,0
-0.30152,-0.93796,1.3447,-1.9789,-1.5708,2.8401,0
-0.30117,-0.93642,1.3435,-1.9793,-1.5708,2.8404,0
-0.30083,-0.93492,1.3423,-1.9796,-1.5708,2.8408,0
-0.3005,-0.93346,1.3412,-1.9799,-1.5708,2.8411,0
-0.30018,-0.93203,1.3401,-1.9802,-1.5708,2.8414,0
-0.29987,-0.93064,1.339,-1.9805,-1.5708,2.8417,0
-0.29956,-0.9293,1.3379,-1.9808,-1.5708,2.842,0
-0.29927,-0.92799,1.3368,-1.981,-1.5708,2.8423,0
-0.29898,-0.92672,1.3358,-1.9813,-1.5708,2.8426,0
-0.2987,-0.92549,1.3348,-1.9816,-1.5708,2.8429,0
-0.29843,-0.9243,1.3338,-1.9818,-1.5708,2.8432,0
-0.29817,-0.92315,1.3329,-1.9821,-1.5708,2.8434,0
-0.29792,-0.92205,1.332,-1.9823,-1.5708,2.8437,0
-0.29768,-0.92098,1.3312,-1.9824,-1.5708,2.8439,0
-0.29745,-0.91996,1.3303,-1.9826,-1.5708,2.8441,0
-0.29723,-0.91897,1.3296,-1.9828,-1.5708,2.8444,0
-0.29702,-0.91803,1.3288,-1.983,-1.5708,2.8446,0
-0.29682,-0.91714,1.328,-1.9831,-1.5708,2.8448,0
-0.29662,-0.91628,1.3273,-1.9833,-1.5708,2.845,0
-0.29644,-0.91547,1.3267,-1.9834,-1.5708,2.8452,0
-0.29627,-0.9147,1.326,-1.9836,-1.5708,2.8453,0
-0.2961,-0.91398,1.3254,-1.9837,-1.5708,2.8455,0
-0.29595,-0.9133,1.3249,-1.9838,-1.5708,2.8456,0
-0.29581,-0.91267,1.3244,-1.9839,-1.5708,2.8458,0
-0.29567,-0.91208,1.3239,-1.984,-1.5708,2.8459,0
-0.29555,-0.91154,1.3234,-1.9841,-1.5708,2.846,0
-0.29544,-0.91104,1.323,-1.9842,-1.5708,2.8462,0
-0.29534,-0.91058,1.3226,-1.9843,-1.5708,2.8463,0
-0.29524,-0.91018,1.3223,-1.9844,-1.5708,2.8463,0
-0.29516,-0.90982,1.322,-1.9844,-1.5708,2.8464,0
-0.29509,-0.9095,1.3217,-1.9845,-1.5708,2.8465,0
-0.29503,-0.90924,1.3215,-1.9845,-1.5708,2.8466,0
-0.29498,-0.90902,1.3213,-1.9846,-1.5708,2.8466,0
-0.29495,-0.90885,1.3212,-1.9846,-1.5708,2.8466,0
-0.29492,-0.90873,1.3211,-1.9846,-1.5708,2.8467,0
-0.2949,-0.90866,1.321,-1.9846,-1.5708,2.8467,0
-0.29489,-0.90863,1.321,-1.9846,-1.5708,2.8467,0
-0.29489,-0.90863,1.321,-1.9846,-1.5708,2.8467,0
-0.29489,-0.90862,1.321,-1.9847,-1.5708,2.8467,0
-0.29489,-0.90858,1.321,-1.9847,-1.5708,2.8467,0
-0.29489,-0.90852,1.3211,-1.9849,-1.5708,2.8467,0
-0.29489,-0.90843,1.3212,-1.9851,-1.5708,2.8467,0
-0.29489,-0.90832,1.3214,-1.9853,-1.5708,2.8467,0
-0.29489,-0.90818,1.3215,-1.9856,-1.5708,2.8467,0
-0.29489,-0.90802,1.3217,-1.986,-1.5708,2.8467,0
-0.29489,-0.90784,1.322,-1.9864,-1.5708,2.8467,0
-0.29489,-0.90763,1.3222,-1.9869,-1.5708,2.8467,0
-0.29489,-0.9074,1.3225,-1.9874,-1.5708,2.8467,0
-0.29489,-0.90715,1.3228,-1.9879,-1.5708,2.8467,0
-0.29489,-0.90687,1.3232,-1.9886,-1.5708,2.8467,0
-0.29489,-0.90658,1.3235,-1.9892,-1.5708,2.8467,0
-0.29489,-0.90626,1.3239,-1.99,-1.5708,2.8467,0
-0.29489,-0.90591,1.3244,-1.9907,-1.5708,2.8467,0
-0.29489,-0.90555,1.3248,-1.9915,-1.5708,2.8467,0
-0.29489,-0.90517,1.3253,-1.9924,-1.5708,2.8467,0
-0.29489,-0.90476,1.3258,-1.9933,-1.5708,2.8467,0
-0.29489,-0.90433,1.3263,-1.9943,-1.5708,2.8467,0
-0.29489,-0.90389,1.3269,-1.9953,-1.5708,2.8467,0
-0.29489,-0.90342,1.3275,-1.9963,-1.5708,2.8467,0
-0.29489,-0.90293,1.3281,-1.9974,-1.5708,2.8467,0
-0.29489,-0.90242,1.3287,-1.9986,-1.5708,2.8467,0
-0.29489,-0.90186,1.3293,-1.9997,-1.5708,2.8467,0
-0.29489,-0.90129,1.3299,-2.001,-1.5708,2.8467,0
-0.29489,-0.90069,1.3306,-2.0022,-1.5708,2.8467,0
-0.29489,-0.90007,1.3313,-2.0035,-1.5708,2.8467,0
-0.29489,-0.89943,1.332,-2.0049,-1.5708,2.8467,0
-0.29489,-0.89877,1.3328,-2.0063,-1.5708,2.8467,0
-0.29489,-0.89809,1.3335,-2.0077,-1.5708,2.8467,0
-0.29489,-0.8974,1.3343,-2.0092,-1.5708,2.8467,0
-0.29489,-0.89668,1.3351,-2.0107,-1.5708,2.8467,0
-0.29489,-0.89595,1.3359,-2.0123,-1.5708,2.8467,0
-0.29489,-0.8952,1.3368,-2.0139,-1.5708,2.8467,0
-0.29489,-0.89443,1.3376,-2.0155,-1.5708,2.8467,0
-0.29489,-0.89365,1.3385,-2.0172,-1.5708,2.8467,0
-0.29489,-0.89284,1.3393,-2.0189,-1.5708,2.8467,0
-0.29489,-0.89202,1.3402,-2.0206,-1.5708,2.8467,0
-0.29489,-0.89119,1.3411,-2.0223,-1.5708,2.8467,0
-0.29489,-0.89033,1.342,-2.0241,-1.5708,2.8467,0
-0.29489,-0.88947,1.3429,-2.0259,-1.5708,2.8467,0
-0.29489,-0.88858,1.3439,-2.0277,-1.5708,2.8467,0
-0.29489,-0.88763,1.3448,-2.0296,-1.5708,2.8467,0
-0.29489,-0.88666,1.3458,-2.0315,-1.5708,2.8467,0
-0.29489,-0.88568,1.3468,-2.0334,-1.5708,2.8467,0
-0.29489,-0.88468,1.3477,-2.0353,-1.5708,2.8467,0
-0.29489,-0.88367,1.3487,-2.0373,-1.5708,2.8467,0
-0.29489,-0.88264,1.3497,-2.0393,-1.5708,2.8467,0
-0.29489,-0.88159,1.3507,-2.0414,-1.5708,2.8467,0
-0.29489,-0.88054,1.3517,-2.0435,-1.5708,2.8467,0
-0.29489,-0.87946,1.3527,-2.0456,-1.5708,2.8467,0
-0.29489,-0.87838,1.3538,-2.0477,-1.5708,2.8467,0
-0.29489,-0.87728,1.3548,-2.0498,-1.5708,2.8467,0
-0.29489,-0.87616,1.3559,-2.052,-1.5708,2.8467,0
-0.29489,-0.87503,1.3569,-2.0542,-1.5708,2.8467,0
-0.29489,-0.8739,1.3579,-2.0564,-1.5708,2.8467,0
-0.29489,-0.87268,1.359,-2.0587,-1.5708,2.8467,0
-0.29489,-0.87146,1.36,-2.061,-1.5708,2.8467,0
-0.29489,-0.87022,1.3611,-2.0633,-1.5708,2.8467,0
-0.29489,-0.86897,1.3621,-2.0656,-1.5708,2.8467,0
-0.29489,-0.86771,1.3632,-2.0679,-1.5708,2.8467,0
-0.29489,-0.86643,1.3643,-2.0703,-1.5708,2.8467,0
-0.29489,-0.86515,1.3654,-2.0727,-1.5708,2.8467,0
-0.29489,-0.86385,1.3664,-2.075,-1.5708,2.8467,0
-0.29489,-0.86255,1.3675,-2.0774,-1.5708,2.8467,0
-0.29489,-0.86123,1.3685,-2.0798,-1.5708,2.8467,0
-0.29489,-0.8599,1.3696,-2.0822,-1.5708,2.8467,0
-0.29489,-0.85856,1.3707,-2.0846,-1.5708,2.8467,0
-0.29489,-0.85715,1.3718,-2.087,-1.5708,2.8467,0
-0.29489,-0.85573,1.3729,-2.0895,-1.5708,2.8467,0
-0.29489,-0.85429,1.3739,-2.092,-1.5708,2.8467,0
-0.29489,-0.85285,1.3749,-2.0944,-1.5708,2.8467,0
-0.29489,-0.8514,1.376,-2.0969,-1.5708,2.8467,0
-0.29489,-0.84994,1.377,-2.0995,-1.5708,2.8467,0
-0.29489,-0.84847,1.3781,-2.102,-1.5708,2.8467,0
-0.29489,-0.84699,1.3792,-2.1045,-1.5708,2.8467,0
-0.29489,-0.84551,1.3802,-2.1071,-1.5708,2.8467,0
-0.29489,-0.84402,1.3812,-2.1096,-1.5708,2.8467,0
-0.29489,-0.84252,1.3822,-2.1122,-1.5708,2.8467,0
-0.29489,-0.84094,1.3833,-2.1148,-1.5708,2.8467,0
-0.29489,-0.83936,1.3843,-2.1174,-1.5708,2.8467,0
-0.29489,-0.83777,1.3853,-2.12,-1.5708,2.8467,0
-0.29489,-0.83618,1.3863,-2.1226,-1.5708,2.8467,0
-0.29489,-0.83457,1.3874,-2.1251,-1.5708,2.8467,0
-0.29489,-0.83297,1.3883,-2.1277,-1.5708,2.8467,0
-0.29489,-0.83136,1.3893,-2.1303,-1.5708,2.8467,0
-0.29489,-0.82974,1.3902,-2.1328,-1.5708,2.8467,0
-0.29489,-0.82812,1.3912,-2.1354,-1.5708,2.8467,0
-0.29489,-0.8265,1.3922,-2.138,-1.5708,2.8467,0
-0.29489,-0.82487,1.3932,-2.1406,-1.5708,2.8467,0
-0.29489,-0.82324,1.3941,-2.1432,-1.5708,2.8467,0
-0.29489,-0.82153,1.395,-2.1458,-1.5708,2.8467,0
-0.29489,-0.81982,1.3959,-2.1485,-1.5708,2.8467,0
-0.29489,-0.81811,1.3968,-2.1511,-1.5708,2.8467,0
-0.29489,-0.81639,1.3977,-2.1537,-1.5708,2.8467,0
-0.29489,-0.81467,1.3986,-2.1563,-1.5708,2.8467,0
-0.29489,-0.81295,1.3996,-2.1589,-1.5708,2.8467,0
-0.29489,-0.81123,1.4004,-2.1616,-1.5708,2.8467,0
-0.29489,-0.80951,1.4012,-2.1641,-1.5708,2.8467,0
-0.29489,-0.80779,1.4021,-2.1667,-1.5708,2.8467,0
-0.29489,-0.80607,1.4029,-2.1692,-1.5708,2.8467,0
-0.29489,-0.80435,1.4037,-2.1718,-1.5708,2.8467,0
-0.29489,-0.80256,1.4046,-2.1743,-1.5708,2.8467,0
-0.29489,-0.80076,1.4054,-2.1769,-1.5708,2.8467,0
-0.29489,-0.79897,1.4061,-2.1794,-1.5708,2.8467,0
-0.29489,-0.79718,1.4069,-2.182,-1.5708,2.8467,0
-0.29489,-0.79539,1.4076,-2.1845,-1.5708,2.8467,0
-0.29489,-0.7936,1.4084,-2.1871,-1.5708,2.8467,0
-0.29489,-0.79182,1.4092,-2.1896,-1.5708,2.8467,0
-0.29489,-0.79004,1.4099,-2.1921,-1.5708,2.8467,0
-0.29489,-0.78826,1.4107,-2.1947,-1.5708,2.8467,0
-0.29489,-0.78649,1.4113,-2.1972,-1.5708,2.8467,0
-0.29489,-0.78472,1.412,-2.1997,-1.5708,2.8467,0
-0.29489,-0.78296,1.4127,-2.2022,-1.5708,2.8467,0
-0.29489,-0.7812,1.4133,-2.2046,-1.5708,2.8467,0
-0.29489,-0.77938,1.414,-2.207,-1.5708,2.8467,0
-0.29489,-0.77756,1.4147,-2.2095,-1.5708,2.8467,0
-0.29489,-0.77574,1.4153,-2.2119,-1.5708,2.8467,0
-0.29489,-0.77394,1.4159,-2.2143,-1.5708,2.8467,0
-0.29489,-0.77214,1.4165,-2.2166,-1.5708,2.8467,0
-0.29489,-0.77034,1.4171,-2.219,-1.5708,2.8467,0
-0.29489,-0.76856,1.4177,-2.2214,-1.5708,2.8467,0
-0.29489,-0.76678,1.4182,-2.2237,-1.5708,2.8467,0
-0.29489,-0.76501,1.4188,-2.2261,-1.5708,2.8467,0
-0.29489,-0.76325,1.4194,-2.2284,-1.5708,2.8467,0
-0.29489,-0.7615,1.4199,-2.2307,-1.5708,2.8467,0
-0.29489,-0.75976,1.4204,-2.233,-1.5708,2.8467,0
-0.29489,-0.75803,1.4209,-2.2353,-1.5708,2.8467,0
-0.29489,-0.75625,1.4214,-2.2376,-1.5708,2.8467,0
-0.29489,-0.75447,1.4218,-2.2399,-1.5708,2.8467,0
-0.29489,-0.7527,1.4223,-2.242,-1.5708,2.8467,0
-0.29489,-0.75095,1.4228,-2.2442,-1.5708,2.8467,0
-0.29489,-0.74921,1.4232,-2.2464,-1.5708,2.8467,0
-0.29489,-0.74748,1.4236,-2.2485,-1.5708,2.8467,0
-0.29489,-0.74577,1.424,-2.2506,-1.5708,2.8467,0
-0.29489,-0.74407,1.4244,-2.2527,-1.5708,2.8467,0
-0.29489,-0.74238,1.4248,-2.2548,-1.5708,2.8467,0
-0.29489,-0.74071,1.4252,-2.2569,-1.5708,2.8467,0
-0.29489,-0.73905,1.4256,-2.2589,-1.5708,2.8467,0
-0.29489,-0.7374,1.426,-2.2609,-1.5708,2.8467,0
-0.29489,-0.73578,1.4263,-2.263,-1.5708,2.8467,0
-0.29489,-0.73417,1.4266,-2.2649,-1.5708,2.8467,0
-0.29489,-0.73257,1.4269,-2.2669,-1.5708,2.8467,0
-0.29489,-0.73093,1.4273,-2.2689,-1.5708,2.8467,0
-0.29489,-0.72931,1.4276,-2.2708,-1.5708,2.8467,0
-0.29489,-0.72771,1.4279,-2.2727,-1.5708,2.8467,0
-0.29489,-0.72613,1.4282,-2.2745,-1.5708,2.8467,0
-0.29489,-0.72456,1.4285,-2.2763,-1.5708,2.8467,0
-0.29489,-0.72302,1.4288,-2.2781,-1.5708,2.8467,0
-0.29489,-0.72149,1.429,-2.2799,-1.5708,2.8467,0
-0.29489,-0.71998,1.4292,-2.2816,-1.5708,2.8467,0
-0.29489,-0.7185,1.4294,-2.2833,-1.5708,2.8467,0
-0.29489,-0.71703,1.4297,-2.285,-1.5708,2.8467,0
-0.29489,-0.71559,1.4299,-2.2867,-1.5708,2.8467,0
-0.29489,-0.71417,1.4301,-2.2883,-1.5708,2.8467,0
-0.29489,-0.71277,1.4303,-2.2899,-1.5708,2.8467,0
-0.29489,-0.7114,1.4305,-2.2915,-1.5708,2.8467,0
-0.29489,-0.71004,1.4307,-2.2931,-1.5708,2.8467,0
-0.29489,-0.70871,1.4309,-2.2946,-1.5708,2.8467,0
-0.29489,-0.70741,1.431,-2.2961,-1.5708,2.8467,0
-0.29489,-0.70613,1.4312,-2.2976,-1.5708,2.8467,0
-0.29489,-0.70487,1.4313,-2.299,-1.5708,2.8467,0
-0.29489,-0.70359,1.4315,-2.3004,-1.5708,2.8467,0
-0.29489,-0.70234,1.4316,-2.3018,-1.5708,2.8467,0
-0.29489,-0.70112,1.4318,-2.3032,-1.5708,2.8467,0
-0.29489,-0.69992,1.4319,-2.3045,-1.5708,2.8467,0
-0.29489,-0.69875,1.432,-2.3058,-1.5708,2.8467,0
-0.29489,-0.69761,1.4321,-2.307,-1.5708,2.8467,0
-0.29489,-0.6965,1.4323,-2.3082,-1.5708,2.8467,0
-0.29489,-0.69541,1.4324,-2.3094,-1.5708,2.8467,0
-0.29489,-0.69436,1.4325,-2.3105,-1.5708,2.8467,0
-0.29489,-0.69333,1.4325,-2.3116,-1.5708,2.8467,0
-0.29489,-0.69234,1.4326,-2.3127,-1.5708,2.8467,0
-0.29489,-0.69138,1.4327,-2.3137,-1.5708,2.8467,0
-0.29489,-0.69044,1.4328,-2.3147,-1.5708,2.8467,0
-0.29489,-0.68954,1.4328,-2.3157,-1.5708,2.8467,0
-0.29489,-0.68867,1.4329,-2.3166,-1.5708,2.8467,0
-0.29489,-0.68784,1.433,-2.3175,-1.5708,2.8467,0
-0.29489,-0.68703,1.433,-2.3184,-1.5708,2.8467,0
-0.29489,-0.68626,1.4331,-2.3192,-1.5708,2.8467,0
-0.29489,-0.68552,1.4331,-2.32,-1.5708,2.8467,0
-0.29489,-0.68482,1.4332,-2.3208,-1.5708,2.8467,0
-0.29489,-0.68415,1.4332,-2.3215,-1.5708,2.8467,0
-0.29489,-0.68351,1.4333,-2.3222,-1.5708,2.8467,0
-0.29489,-0.68291,1.4333,-2.3228,-1.5708,2.8467,0
-0.29489,-0.68235,1.4334,-2.3234,-1.5708,2.8467,0
-0.29489,-0.68182,1.4334,-2.324,-1.5708,2.8467,0
-0.29489,-0.68133,1.4334,-2.3245,-1.5708,2.8467,0
-0.29489,-0.68088,1.4335,-2.325,-1.5708,2.8467,0
-0.29489,-0.68046,1.4335,-2.3254,-1.5708,2.8467,0
-0.29489,-0.68008,1.4335,-2.3259,-1.5708,2.8467,0
-0.29489,-0.67974,1.4335,-2.3262,-1.5708,2.8467,0
-0.29489,-0.67944,1.4335,-2.3265,-1.5708,2.8467,0
-0.29489,-0.67917,1.4335,-2.3268,-1.5708,2.8467,0
-0.29489,-0.67895,1.4335,-2.3271,-1.5708,2.8467,0
-0.29489,-0.67876,1.4336,-2.3273,-1.5708,2.8467,0
-0.29489,-0.67862,1.4336,-2.3274,-1.5708,2.8467,0
-0.29489,-0.67852,1.4336,-2.3275,-1.5708,2.8467,0
-0.29489,-0.67846,1.4336,-2.3276,-1.5708,2.8467,0
-0.29489,-0.67843,1.4336,-2.3276,-1.5708,2.8467,0
-0.29489,-0.67843,1.4336,-2.3276,-1.5708,2.8467,1
-0.29489,-0.67846,1.4336,-2.3276,-1.5708,2.8467,1
-0.29489,-0.67852,1.4336,-2.3275,-1.5708,2.8467,1
-0.29489,-0.67862,1.4336,-2.3274,-1.5708,2.8467,1
-0.29489,-0.67876,1.4336,-2.3273,-1.5708,2.8467,1
-0.29489,-0.67895,1.4335,-2.3271,-1.5708,2.8467,1
-0.29489,-0.67917,1.4335,-2.3268,-1.5708,2.8467,1
-0.29489,-0.67944,1.4335,-2.3265,-1.5708,2.8467,1
-0.29489,-0.67974,1.4335,-2.3262,-1.5708,2.8467,1
-0.29489,-0.68008,1.4335,-2.3259,-1.5708,2.8467,1
-0.29489,-0.68046,1.4335,-2.3254,-1.5708,2.8467,1
-0.29489,-0.68088,1.4335,-2.325,-1.5708,2.8467,1
-0.29489,-0.68133,1.4334,-2.3245,-1.5708,2.8467,1
-0.29489,-0.68182,1.4334,-2.324,-1.5708,2.8467,1
-0.29489,-0.68235,1.4334,-2.3234,-1.5708,2.8467,1
-0.29489,-0.68291,1.4333,-2.3228,-1.5708,2.8467,1
-0.29489,-0.68351,1.4333,-2.3222,-1.5708,2.8467,1
-0.29489,-0.68415,1.4333,-2.3215,-1.5708,2.8467,1
-0.29489,-0.68482,1.4332,-2.3208,-1.5708,2.8467,1
-0.29489,-0.68552,1.4332,-2.32,-1.5708,2.8467,1
-0.29489,-0.68626,1.4331,-2.3192,-1.5708,2.8467,1
-0.29489,-0.68703,1.433,-2.3184,-1.5708,2.8467,1
-0.29489,-0.68784,1.433,-2.3175,-1.5708,2.8467,1
-0.29489,-0.68867,1.4329,-2.3166,-1.5708,2.8467,1
-0.29489,-0.68954,1.4328,-2.3157,-1.5708,2.8467,1
-0.29489,-0.69044,1.4328,-2.3147,-1.5708,2.8467,1
-0.29489,-0.69138,1.4327,-2.3137,-1.5708,2.8467,1
-0.29489,-0.69234,1.4326,-2.3127,-1.5708,2.8467,1
-0.29489,-0.69333,1.4326,-2.3116,-1.5708,2.8467,1
-0.29489,-0.69436,1.4325,-2.3105,-1.5708,2.8467,1
-0.29489,-0.69541,1.4324,-2.3094,-1.5708,2.8467,1
-0.29489,-0.6965,1.4323,-2.3082,-1.5708,2.8467,1
-0.29489,-0.69761,1.4322,-2.307,-1.5708,2.8467,1
-0.29489,-0.69875,1.4321,-2.3058,-1.5708,2.8467,1
-0.29489,-0.69992,1.4319,-2.3045,-1.5708,2.8467,1
-0.29489,-0.70112,1.4318,-2.3032,-1.5708,2.8467,1
-0.29489,-0.70234,1.4317,-2.3019,-1.5708,2.8467,1
-0.29489,-0.70359,1.4315,-2.3005,-1.5708,2.8467,1
-0.29489,-0.70487,1.4314,-2.2991,-1.5708,2.8467,1
-0.29489,-0.70617,1.4312,-2.2976,-1.5708,2.8467,1
-0.29489,-0.7075,1.4311,-2.2961,-1.5708,2.8467,1
-0.29489,-0.70881,1.4309,-2.2946,-1.5708,2.8467,1
-0.29489,-0.71014,1.4308,-2.2931,-1.5708,2.8467,1
-0.29489,-0.71149,1.4306,-2.2915,-1.5708,2.8467,1
-0.29489,-0.71286,1.4304,-2.29,-1.5708,2.8467,1
-0.29489,-0.71426,1.4302,-2.2883,-1.5708,2.8467,1
-0.29489,-0.71568,1.43,-2.2867,-1.5708,2.8467,1
-0.29489,-0.71713,1.4298,-2.285,-1.5708,2.8467,1
-0.29489,-0.71859,1.4296,-2.2834,-1.5708,2.8467,1
-0.29489,-0.72008,1.4293,-2.2816,-1.5708,2.8467,1
-0.29489,-0.72158,1.4291,-2.2799,-1.5708,2.8467,1
-0.29489,-0.72311,1.4289,-2.2782,-1.5708,2.8467,1
-0.29489,-0.72465,1.4286,-2.2764,-1.5708,2.8467,1
-0.29489,-0.72622,1.4283,-2.2746,-1.5708,2.8467,1
-0.29489,-0.7278,1.428,-2.2727,-1.5708,2.8467,1
-0.29489,-0.72941,1.4277,-2.2709,-1.5708,2.8467,1
-0.29489,-0.73103,1.4274,-2.269,-1.5708,2.8467,1
-0.29489,-0.73267,1.4271,-2.267,-1.5708,2.8467,1
-0.29489,-0.73432,1.4268,-2.265,-1.5708,2.8467,1
-0.29489,-0.73593,1.4265,-2.2631,-1.5708,2.8467,1
-0.29489,-0.73756,1.4262,-2.261,-1.5708,2.8467,1
-0.29489,-0.7392,1.4258,-2.259,-1.5708,2.8467,1
-0.29489,-0.74086,1.4254,-2.257,-1.5708,2.8467,1
-0.29489,-0.74253,1.4251,-2.2549,-1.5708,2.8467,1
-0.29489,-0.74422,1.4247,-2.2528,-1.5708,2.8467,1
-0.29489,-0.74592,1.4243,-2.2507,-1.5708,2.8467,1
-0.29489,-0.74763,1.4239,-2.2486,-1.5708,2.8467,1
-0.29489,-0.74936,1.4234,-2.2465,-1.5708,2.8467,1
-0.29489,-0.7511,1.423,-2.2443,-1.5708,2.8467,1
-0.29489,-0.75286,1.4226,-2.2421,-1.5708,2.8467,1
-0.29489,-0.75462,1.4221,-2.24,-1.5708,2.8467,1
-0.29489,-0.7564,1.4217,-2.2378,-1.5708,2.8467,1
-0.29489,-0.75819,1.4212,-2.2355,-1.5708,2.8467,1
-0.29489,-0.75998,1.4207,-2.2332,-1.5708,2.8467,1
-0.29489,-0.76172,1.4202,-2.2309,-1.5708,2.8467,1
-0.29489,-0.76347,1.4197,-2.2286,-1.5708,2.8467,1
-0.29489,-0.76523,1.4192,-2.2263,-1.5708,2.8467,1
-0.29489,-0.767,1.4186,-2.2239,-1.5708,2.8467,1
-0.29489,-0.76878,1.418,-2.2216,-1.5708,2.8467,1
-0.29489,-0.77056,1.4174,-2.2192,-1.5708,2.8467,1
-0.29489,-0.77235,1.4169,-2.2168,-1.5708,2.8467,1
-0.29489,-0.77415,1.4163,-2.2144,-1.5708,2.8467,1
-0.29489,-0.77596,1.4157,-2.212,-1.5708,2.8467,1
-0.29489,-0.77778,1.4151,-2.2096,-1.5708,2.8467,1
-0.29489,-0.7796,1.4144,-2.2072,-1.5708,2.8467,1
-0.29489,-0.78142,1.4138,-2.2048,-1.5708,2.8467,1
-0.29489,-0.78325,1.4131,-2.2024,-1.5708,2.8467,1
-0.29489,-0.78509,1.4124,-2.1999,-1.5708,2.8467,1
-0.29489,-0.78686,1.4118,-2.1974,-1.5708,2.8467,1
-0.29489,-0.78863,1.4111,-2.1949,-1.5708,2.8467,1
-0.29489,-0.7904,1.4104,-2.1924,-1.5708,2.8467,1
-0.29489,-0.79218,1.4097,-2.1899,-1.5708,2.8467,1
-0.29489,-0.79397,1.4089,-2.1873,-1.5708,2.8467,1
-0.29489,-0.79575,1.4081,-2.1848,-1.5708,2.8467,1
-0.29489,-0.79754,1.4074,-2.1822,-1.5708,2.8467,1
-0.29489,-0.79933,1.4066,-2.1797,-1.5708,2.8467,1
-0.29489,-0.80112,1.4059,-2.1771,-1.5708,2.8467,1
-0.29489,-0.80292,1.4051,-2.1746,-1.5708,2.8467,1
-0.29489,-0.80471,1.4043,-2.172,-1.5708,2.8467,1
-0.29489,-0.80651,1.4035,-2.1695,-1.5708,2.8467,1
-0.29489,-0.80823,1.4026,-2.1669,-1.5708,2.8467,1
-0.29489,-0.80995,1.4018,-2.1644,-1.5708,2.8467,1
-0.29489,-0.81167,1.401,-2.1618,-1.5708,2.8467,1
-0.29489,-0.81339,1.4001,-2.1593,-1.5708,2.8467,1
-0.29489,-0.8151,1.3993,-2.1566,-1.5708,2.8467,1
-0.29489,-0.81682,1.3984,-2.154,-1.5708,2.8467,1
-0.29489,-0.81854,1.3975,-2.1514,-1.5708,2.8467,1
-0.29489,-0.82025,1.3966,-2.1488,-1.5708,2.8467,1
-0.29489,-0.82196,1.3957,-2.1462,-1.5708,2.8467,1
-0.29489,-0.82367,1.3948,-2.1436,-1.5708,2.8467,1
-0.29489,-0.82537,1.3939,-2.1409,-1.5708,2.8467,1
-0.29489,-0.827,1.3929,-2.1383,-1.5708,2.8467,1
-0.29489,-0.82862,1.3919,-2.1358,-1.5708,2.8467,1
-0.29489,-0.83024,1.391,-2.1332,-1.5708,2.8467,1
-0.29489,-0.83186,1.39,-2.1306,-1.5708,2.8467,1
-0.29489,-0.83347,1.389,-2.128,-1.5708,2.8467,1
-0.29489,-0.83508,1.3881,-2.1254,-1.5708,2.8467,1
-0.29489,-0.83668,1.3871,-2.1229,-1.5708,2.8467,1
-0.29489,-0.83827,1.3861,-2.1203,-1.5708,2.8467,1
-0.29489,-0.83986,1.3851,-2.1178,-1.5708,2.8467,1
-0.29489,-0.84145,1.384,-2.1152,-1.5708,2.8467,1
-0.29489,-0.84302,1.383,-2.1126,-1.5708,2.8467,1
-0.29489,-0.84459,1.382,-2.11,-1.5708,2.8467,1
-0.29489,-0.84608,1.381,-2.1075,-1.5708,2.8467,1
-0.29489,-0.84757,1.38,-2.1049,-1.5708,2.8467,1
-0.29489,-0.84904,1.3789,-2.1024,-1.5708,2.8467,1
-0.29489,-0.85051,1.3779,-2.0998,-1.5708,2.8467,1
-0.29489,-0.85197,1.3768,-2.0973,-1.5708,2.8467,1
-0.29489,-0.85342,1.3758,-2.0948,-1.5708,2.8467,1
-0.29489,-0.85486,1.3747,-2.0923,-1.5708,2.8467,1
-0.29489,-0.8563,1.3737,-2.0899,-1.5708,2.8467,1
-0.29489,-0.85772,1.3727,-2.0874,-1.5708,2.8467,1
-0.29489,-0.85914,1.3716,-2.085,-1.5708,2.8467,1
-0.29489,-0.86054,1.3705,-2.0826,-1.5708,2.8467,1
-0.29489,-0.86187,1.3694,-2.0802,-1.5708,2.8467,1
-0.29489,-0.86319,1.3684,-2.0778,-1.5708,2.8467,1
-0.29489,-0.86449,1.3673,-2.0754,-1.5708,2.8467,1
-0.29489,-0.86579,1.3663,-2.0731,-1.5708,2.8467,1
-0.29489,-0.86707,1.3652,-2.0708,-1.5708,2.8467,1
-0.29489,-0.86835,1.3642,-2.0684,-1.5708,2.8467,1
-0.29489,-0.86961,1.3631,-2.066,-1.5708,2.8467,1
-0.29489,-0.87086,1.362,-2.0637,-1.5708,2.8467,1
-0.29489,-0.8721,1.361,-2.0614,-1.5708,2.8467,1
-0.29489,-0.87332,1.3599,-2.0591,-1.5708,2.8467,1
-0.29489,-0.87453,1.3589,-2.0569,-1.5708,2.8467,1
-0.29489,-0.87573,1.3579,-2.0547,-1.5708,2.8467,1
-0.29489,-0.87692,1.3568,-2.0525,-1.5708,2.8467,1
-0.29489,-0.87803,1.3558,-2.0503,-1.5708,2.8467,1
-0.29489,-0.87913,1.3548,-2.0481,-1.5708,2.8467,1
-0.29489,-0.88022,1.3537,-2.046,-1.5708,2.8467,1
-0.29489,-0.88129,1.3527,-2.0439,-1.5708,2.8467,1
-0.29489,-0.88235,1.3517,-2.0418,-1.5708,2.8467,1
-0.29489,-0.88339,1.3507,-2.0398,-1.5708,2.8467,1
-0.29489,-0.88442,1.3497,-2.0378,-1.5708,2.8467,1
-0.29489,-0.88543,1.3488,-2.0358,-1.5708,2.8467,1
-0.29489,-0.88643,1.3478,-2.0338,-1.5708,2.8467,1
-0.29489,-0.88742,1.3469,-2.0319,-1.5708,2.8467,1
-0.29489,-0.88838,1.3459,-2.03,-1.5708,2.8467,1
-0.29489,-0.88933,1.3449,-2.0282,-1.5708,2.8467,1
-0.29489,-0.89027,1.344,-2.0263,-1.5708,2.8467,1
-0.29489,-0.89118,1.3431,-2.0245,-1.5708,2.8467,1
-0.29489,-0.89204,1.3421,-2.0228,-1.5708,2.8467,1
-0.29489,-0.89287,1.3413,-2.0211,-1.5708,2.8467,1
-0.29489,-0.89369,1.3404,-2.0194,-1.5708,2.8467,1
-0.29489,-0.89449,1.3395,-2.0177,-1.5708,2.8467,1
-0.29489,-0.89528,1.3387,-2.016,-1.5708,2.8467,1
-0.29489,-0.89605,1.3379,-2.0144,-1.5708,2.8467,1
-0.29489,-0.8968,1.337,-2.0128,-1.5708,2.8467,1
-0.29489,-0.89753,1.3362,-2.0112,-1.5708,2.8467,1
-0.29489,-0.89824,1.3354,-2.0097,-1.5708,2.8467,1
-0.29489,-0.89894,1.3346,-2.0082,-1.5708,2.8467,1
-0.29489,-0.89961,1.3339,-2.0068,-1.5708,2.8467,1
-0.29489,-0.90027,1.3331,-2.0054,-1.5708,2.8467,1
-0.29489,-0.90091,1.3324,-2.004,-1.5708,2.8467,1
-0.29489,-0.90153,1.3317,-2.0027,-1.5708,2.8467,1
-0.29489,-0.90212,1.331,-2.0015,-1.5708,2.8467,1
-0.29489,-0.9027,1.3304,-2.0002,-1.5708,2.8467,1
-0.29489,-0.90326,1.3298,-1.999,-1.5708,2.8467,1
-0.29489,-0.9038,1.3292,-1.9979,-1.5708,2.8467,1
-0.29489,-0.90428,1.3286,-1.9968,-1.5708,2.8467,1
-0.29489,-0.90475,1.328,-1.9958,-1.5708,2.8467,1
-0.29489,-0.9052,1.3274,-1.9948,-1.5708,2.8467,1
-0.29489,-0.90562,1.3269,-1.9938,-1.5708,2.8467,1
-0.29489,-0.90603,1.3264,-1.9929,-1.5708,2.8467,1
-0.29489,-0.90642,1.3259,-1.992,-1.5708,2.8467,1
-0.29489,-0.90678,1.3255,-1.9912,-1.5708,2.8467,1
-0.29489,-0.90712,1.325,-1.9904,-1.5708,2.8467,1
-0.29489,-0.90744,1.3246,-1.9897,-1.5708,2.8467,1
-0.29489,-0.90774,1.3243,-1.9891,-1.5708,2.8467,1
-0.29489,-0.90801,1.3239,-1.9884,-1.5708,2.8467,1
-0.29489,-0.90827,1.3236,-1.9879,-1.5708,2.8467,1
-0.29489,-0.9085,1.3233,-1.9873,-1.5708,2.8467,1
-0.29489,-0.9087,1.3231,-1.9869,-1.5708,2.8467,1
-0.29489,-0.90889,1.3228,-1.9865,-1.5708,2.8467,1
-0.29489,-0.90905,1.3226,-1.9861,-1.5708,2.8467,1
-0.29489,-0.90918,1.3225,-1.9858,-1.5708,2.8467,1
-0.29489,-0.90929,1.3223,-1.9856,-1.5708,2.8467,1
-0.29489,-0.90938,1.3222,-1.9854,-1.5708,2.8467,1
-0.29489,-0.90944,1.3222,-1.9852,-1.5708,2.8467,1
-0.29489,-0.90948,1.3221,-1.9851,-1.5708,2.8467,1
-0.29489,-0.9095,1.3221,-1.9851,-1.5708,2.8467,1
-0.29489,-0.9095,1.3221,-1.9851,-1.5708,2.8467,1
-0.29488,-0.9095,1.3221,-1.9851,-1.5708,2.8467,1
-0.29483,-0.9095,1.3221,-1.9851,-1.5708,2.8467,1
-0.29474,-0.90951,1.3221,-1.9851,-1.5708,2.8467,1
-0.29462,-0.90953,1.3221,-1.9851,-1.5708,2.8467,1
-0.29447,-0.90954,1.3222,-1.9851,-1.5708,2.8467,1
-0.29428,-0.90956,1.3222,-1.9852,-1.5708,2.8466,1
-0.29406,-0.90959,1.3223,-1.9852,-1.5708,2.8466,1
-0.2938,-0.90962,1.3223,-1.9852,-1.5708,2.8466,1
-0.29351,-0.90965,1.3224,-1.9852,-1.5708,2.8466,1
-0.29319,-0.90969,1.3224,-1.9852,-1.5708,2.8465,1
-0.29283,-0.90972,1.3225,-1.9853,-1.5708,2.8465,1
-0.29245,-0.90977,1.3226,-1.9853,-1.5708,2.8465,1
-0.29203,-0.90981,1.3227,-1.9853,-1.5708,2.8464,1
-0.29157,-0.90986,1.3227,-1.9854,-1.5708,2.8464,1
-0.29109,-0.90992,1.3228,-1.9854,-1.5708,2.8463,1
-0.29057,-0.90998,1.3229,-1.9855,-1.5708,2.8463,1
-0.29002,-0.91004,1.3231,-1.9855,-1.5708,2.8463,1
-0.28943,-0.9101,1.3232,-1.9856,-1.5708,2.8462,1
-0.28882,-0.91017,1.3233,-1.9856,-1.5708,2.8461,1
-0.28817,-0.91024,1.3234,-1.9857,-1.5708,2.8461,1
-0.28749,-0.91032,1.3236,-1.9857,-1.5708,2.846,1
-0.28678,-0.9104,1.3237,-1.9858,-1.5708,2.846,1
-0.28604,-0.91048,1.3238,-1.9859,-1.5708,2.8459,1
-0.28527,-0.91056,1.324,-1.9859,-1.5708,2.8458,1
-0.28446,-0.91065,1.3242,-1.986,-1.5708,2.8457,1
-0.28362,-0.91075,1.3243,-1.9861,-1.5708,2.8457,1
-0.28276,-0.91084,1.3245,-1.9861,-1.5708,2.8456,1
-0.28186,-0.91094,1.3247,-1.9862,-1.5708,2.8455,1
-0.28093,-0.91105,1.3249,-1.9863,-1.5708,2.8454,1
-0.27997,-0.91115,1.325,-1.9864,-1.5708,2.8453,1
-0.27898,-0.91126,1.3252,-1.9865,-1.5708,2.8452,1
-0.27796,-0.91137,1.3254,-1.9865,-1.5708,2.8451,1
-0.27691,-0.91149,1.3256,-1.9866,-1.5708,2.8451,1
-0.27583,-0.91161,1.3259,-1.9867,-1.5708,2.845,1
-0.27473,-0.91173,1.3261,-1.9868,-1.5708,2.8449,1
-0.27359,-0.91186,1.3263,-1.9869,-1.5708,2.8447,1
-0.27242,-0.91199,1.3265,-1.987,-1.5708,2.8446,1
-0.27122,-0.91212,1.3268,-1.9871,-1.5708,2.8445,1
-0.26999,-0.91226,1.327,-1.9872,-1.5708,2.8444,1
-0.26874,-0.9124,1.3272,-1.9873,-1.5707,2.8443,1
-0.26745,-0.91254,1.3275,-1.9874,-1.5707,2.8442,1
-0.26614,-0.91268,1.3277,-1.9875,-1.5707,2.8441,1
-0.26479,-0.91283,1.328,-1.9877,-1.5707,2.8439,1
-0.26342,-0.91298,1.3283,-1.9878,-1.5707,2.8438,1
-0.26202,-0.91314,1.3286,-1.9879,-1.5707,2.8437,1
-0.26059,-0.9133,1.3288,-1.988,-1.5707,2.8436,1
-0.25913,-0.91346,1.3291,-1.9881,-1.5707,2.8434,1
-0.25765,-0.91362,1.3294,-1.9883,-1.5707,2.8433,1
-0.25614,-0.91379,1.3297,-1.9884,-1.5707,2.8432,1
-0.2546,-0.91396,1.33,-1.9885,-1.5707,2.843,1
-0.25303,-0.91413,1.3303,-1.9886,-1.5707,2.8429,1
-0.25143,-0.91431,1.3306,-1.9888,-1.5707,2.8427,1
-0.24981,-0.91449,1.3309,-1.9889,-1.5707,2.8426,1
-0.24816,-0.91467,1.3312,-1.989,-1.5707,2.8424,1
-0.24648,-0.91485,1.3316,-1.9892,-1.5707,2.8423,1
-0.24478,-0.91504,1.3319,-1.9893,-1.5707,2.8421,1
-0.24304,-0.91523,1.3322,-1.9895,-1.5707,2.842,1
-0.24129,-0.91542,1.3326,-1.9896,-1.5707,2.8418,1
-0.2395,-0.91562,1.3329,-1.9898,-1.5707,2.8416,1
-0.23769,-0.91582,1.3333,-1.9899,-1.5707,2.8415,1
-0.23585,-0.91602,1.3336,-1.9901,-1.5707,2.8413,1
-0.23399,-0.91622,1.334,-1.9902,-1.5707,2.8411,1
-0.2321,-0.91643,1.3343,-1.9904,-1.5707,2.841,1
-0.23019,-0.91664,1.3347,-1.9906,-1.5707,2.8408,1
-0.22825,-0.91685,1.3351,-1.9907,-1.5707,2.8406,1
-0.22628,-0.91707,1.3355,-1.9909,-1.5707,2.8404,1
-0.22429,-0.91728,1.3359,-1.991,-1.5707,2.8402,1
-0.22227,-0.9175,1.3362,-1.9912,-1.5707,2.8401,1
-0.22023,-0.91773,1.3366,-1.9914,-1.5707,2.8399,1
-0.21816,-0.91795,1.337,-1.9916,-1.5707,2.8397,1
-0.21607,-0.91818,1.3374,-1.9917,-1.5707,2.8395,1
-0.21395,-0.91841,1.3378,-1.9919,-1.5706,2.8393,1
-0.21181,-0.91864,1.3383,-1.9921,-1.5706,2.8391,1
-0.20964,-0.91888,1.3387,-1.9923,-1.5706,2.8389,1
-0.20745,-0.91912,1.3391,-1.9924,-1.5706,2.8387,1
-0.20523,-0.91936,1.3395,-1.9926,-1.5706,2.8385,1
-0.20299,-0.9196,1.3399,-1.9928,-1.5706,2.8383,1
-0.20073,-0.91985,1.3404,-1.993,-1.5706,2.8381,1
-0.19844,-0.92009,1.3408,-1.9932,-1.5706,2.8379,1
-0.19613,-0.92034,1.3413,-1.9934,-1.5706,2.8377,1
-0.1938,-0.9206,1.3417,-1.9936,-1.5706,2.8375,1
-0.19144,-0.92085,1.3422,-1.9938,-1.5706,2.8373,1
-0.18906,-0.92111,1.3426,-1.994,-1.5706,2.837,1
-0.18666,-0.92137,1.3431,-1.9942,-1.5706,2.8368,1
-0.18423,-0.92163,1.3436,-1.9944,-1.5706,2.8366,1
-0.18178,-0.92189,1.3442,-1.9946,-1.5706,2.8364,1
-0.17931,-0.92216,1.3448,-1.9948,-1.5706,2.8362,1
-0.17681,-0.92243,1.3454,-1.995,-1.5706,2.8359,1
-0.17429,-0.9227,1.346,-1.9952,-1.5706,2.8357,1
-0.17175,-0.92297,1.3466,-1.9954,-1.5706,2.8355,1
-0.16919,-0.92324,1.3472,-1.9956,-1.5706,2.8352,1
-0.16661,-0.92352,1.3478,-1.9958,-1.5706,2.835,1
-0.164,-0.9238,1.3484,-1.996,-1.5706,2.8348,1
-0.16137,-0.92408,1.349,-1.9962,-1.5706,2.8345,1
-0.15872,-0.92436,1.3496,-1.9964,-1.5706,2.8343,1
-0.15605,-0.92465,1.3503,-1.9966,-1.5706,2.8341,1
-0.15336,-0.92494,1.3509,-1.9968,-1.5706,2.8338,1
-0.15064,-0.92522,1.3515,-1.9971,-1.5706,2.8336,1
-0.14791,-0.92551,1.3521,-1.9973,-1.5706,2.8333,1
-0.14515,-0.92581,1.3528,-1.9975,-1.5706,2.8331,1
-0.14238,-0.9261,1.3534,-1.9977,-1.5706,2.8328,1
-0.13958,-0.9264,1.3541,-1.9979,-1.5706,2.8326,1
-0.13676,-0.92669,1.3547,-1.9982,-1.5706,2.8323,1
-0.13392,-0.92699,1.3554,-1.9984,-1.5706,2.8321,1
-0.13107,-0.92729,1.3561,-1.9986,-1.5706,2.8318,1
-0.12819,-0.9276,1.3567,-1.9988,-1.5706,2.8315,1
-0.12529,-0.9279,1.3574,-1.9991,-1.5706,2.8313,1
-0.12237,-0.92821,1.3581,-1.9993,-1.5706,2.831,1
-0.11943,-0.92852,1.3587,-1.9995,-1.5706,2.8308,1
-0.11647,-0.92882,1.3594,-1.9998,-1.5706,2.8305,1
-0.1135,-0.92914,1.3601,-2,-1.5706,2.8302,1
-0.1105,-0.92945,1.3608,-2.0003,-1.5706,2.83,1
-0.10748,-0.9299,1.3615,-2.0005,-1.5706,2.8297,1
-0.10445,-0.93036,1.3622,-2.0007,-1.5706,2.8294,1
-0.1014,-0.93082,1.3629,-2.001,-1.5706,2.8291,1
-0.098324,-0.93128,1.3636,-2.0012,-1.5706,2.8289,1
-0.095233,-0.93174,1.3643,-2.0015,-1.5706,2.8286,1
-0.092124,-0.93221,1.365,-2.0017,-1.5706,2.8283,1
-0.088997,-0.93268,1.3658,-2.002,-1.5706,2.828,1
-0.085851,-0.93315,1.3665,-2.0022,-1.5707,2.8277,1
-0.082688,-0.93362,1.3672,-2.0025,-1.5707,2.8274,1
-0.079507,-0.93409,1.3679,-2.0027,-1.5707,2.8272,1
-0.076308,-0.93457,1.3687,-2.003,-1.5707,2.8269,1
-0.073091,-0.93505,1.3694,-2.0032,-1.5707,2.8266,1
-0.069857,-0.93553,1.3701,-2.0035,-1.5707,2.8263,1
-0.066606,-0.93602,1.3708,-2.0037,-1.5707,2.826,1
-0.063337,-0.9365,1.3716,-2.004,-1.5707,2.8257,1
-0.060051,-0.93699,1.3723,-2.0043,-1.5707,2.8254,1
-0.056748,-0.93748,1.3731,-2.0045,-1.5707,2.8251,1
-0.053429,-0.93798,1.3738,-2.0048,-1.5707,2.8248,1
-0.050093,-0.93847,1.3746,-2.005,-1.5707,2.8245,1
-0.046586,-0.93897,1.3753,-2.0053,-1.5707,2.8244,1
-0.043062,-0.93947,1.3761,-2.0056,-1.5707,2.8242,1
-0.039521,-0.93997,1.3768,-2.0058,-1.5708,2.8241,1
-0.035963,-0.94048,1.3776,-2.0061,-1.5708,2.8239,1
-0.032389,-0.94099,1.3784,-2.0063,-1.5708,2.8238,1
-0.028798,-0.9415,1.3791,-2.0066,-1.5708,2.8236,1
-0.025191,-0.94201,1.3799,-2.0069,-1.5708,2.8235,1
-0.021568,-0.94253,1.3807,-2.0071,-1.5708,2.8233,1
-0.017929,-0.94305,1.3815,-2.0074,-1.5708,2.8232,1
-0.014274,-0.94357,1.3823,-2.0077,-1.5708,2.823,1
-0.010603,-0.9441,1.3831,-2.0079,-1.5708,2.8229,1
-0.0069168,-0.94463,1.3839,-2.0082,-1.5708,2.8227,1
-0.0032158,-0.94516,1.3847,-2.0085,-1.5708,2.8226,1
0.00050122,-0.94569,1.3855,-2.0088,-1.5708,2.8224,1
0.0042332,-0.94623,1.3863,-2.009,-1.5708,2.8222,1
0.0079802,-0.94677,1.3871,-2.0093,-1.5708,2.8221,1
0.011741,-0.94731,1.3879,-2.0096,-1.5709,2.8219,1
0.015517,-0.94786,1.3887,-2.0099,-1.5709,2.8218,1
0.019308,-0.9484,1.3896,-2.0101,-1.5709,2.8216,1
0.023113,-0.94894,1.3904,-2.0104,-1.5709,2.8214,1
0.026932,-0.94949,1.3912,-2.0107,-1.5709,2.8213,1
0.030755,-0.95003,1.3921,-2.011,-1.5709,2.8211,1
0.034592,-0.95058,1.3929,-2.0113,-1.5709,2.8209,1
0.038443,-0.95113,1.3937,-2.0116,-1.5709,2.8208,1
0.042308,-0.95168,1.3946,-2.0119,-1.5709,2.8206,1
0.046186,-0.95224,1.3954,-2.0123,-1.5709,2.8204,1
0.050078,-0.95279,1.3963,-2.0128,-1.5709,2.8202,1
0.053983,-0.95335,1.3971,-2.0133,-1.5709,2.8201,1
0.057901,-0.95392,1.398,-2.0137,-1.5709,2.8199,1
0.061832,-0.95448,1.3988,-2.0142,-1.5709,2.8197,1
0.065776,-0.95505,1.3997,-2.0147,-1.5709,2.8195,1
0.069732,-0.95562,1.4006,-2.0151,-1.5709,2.8193,1
0.073701,-0.95619,1.4014,-2.0156,-1.5709,2.8192,1
0.077682,-0.95677,1.4023,-2.0161,-1.5709,2.819,1
0.081675,-0.95734,1.4032,-2.0165,-1.5709,2.8188,1
0.08568,-0.95792,1.4041,-2.017,-1.5709,2.8186,1
0.089697,-0.9585,1.4049,-2.0175,-1.5709,2.8184,1
0.093726,-0.95909,1.4058,-2.018,-1.5709,2.8183,1
0.097767,-0.95967,1.4067,-2.0185,-1.5709,2.8181,1
0.10182,-0.96026,1.4076,-2.0189,-1.5709,2.8179,1
0.10588,-0.96085,1.4085,-2.0194,-1.5709,2.8177,1
0.10996,-0.96144,1.4094,-2.0199,-1.5709,2.8175,1
0.11404,-0.96204,1.4103,-2.0204,-1.5709,2.8173,1
0.11814,-0.96264,1.4112,-2.0209,-1.5709,2.8172,1
0.12225,-0.96323,1.4121,-2.0214,-1.5709,2.817,1
0.12637,-0.96384,1.413,-2.0218,-1.5709,2.8168,1
0.13049,-0.96444,1.4139,-2.0223,-1.5709,2.8166,1
0.13463,-0.96504,1.4148,-2.0228,-1.5709,2.8164,1
0.13878,-0.96565,1.4157,-2.0233,-1.5709,2.8162,1
0.14294,-0.96626,1.4166,-2.0238,-1.5709,2.816,1
0.14711,-0.96687,1.4175,-2.0242,-1.5709,2.8158,1
0.15129,-0.96748,1.4184,-2.0247,-1.5709,2.8156,1
0.15548,-0.9681,1.4194,-2.0252,-1.5708,2.8155,1
0.15968,-0.96871,1.4203,-2.0257,-1.5708,2.8153,1
0.16388,-0.96933,1.4212,-2.0262,-1.5708,2.8151,1
0.1681,-0.96995,1.4221,-2.0267,-1.5708,2.8149,1
0.17233,-0.97057,1.423,-2.0271,-1.5708,2.8147,1
0.17656,-0.9712,1.4239,-2.0276,-1.5708,2.8145,1
0.1808,-0.97182,1.4249,-2.0281,-1.5707,2.8143,1
0.18506,-0.97245,1.4258,-2.0286,-1.5707,2.8141,1
0.18932,-0.97307,1.4267,-2.0291,-1.5707,2.8139,1
0.19359,-0.9737,1.4276,-2.0296,-1.5707,2.8137,1
0.19786,-0.97434,1.4286,-2.0301,-1.5707,2.8135,1
0.20215,-0.97497,1.4295,-2.0306,-1.5706,2.8133,1
0.20644,-0.9756,1.4304,-2.0311,-1.5706,2.8131,1
0.21074,-0.97624,1.4314,-2.0315,-1.5706,2.8129,1
0.21505,-0.97688,1.4323,-2.032,-1.5706,2.8127,1
0.21937,-0.97751,1.4333,-2.0325,-1.5705,2.8126,1
0.22369,-0.97815,1.4342,-2.033,-1.5705,2.8124,1
0.22802,-0.97879,1.4351,-2.0335,-1.5705,2.8122,1
0.23236,-0.97944,1.4361,-2.034,-1.5705,2.812,1
0.2367,-0.98008,1.437,-2.0345,-1.5704,2.8118,1
0.24106,-0.98073,1.4382,-2.035,-1.5704,2.8116,1
0.24541,-0.98137,1.4393,-2.0355,-1.5704,2.8114,1
0.24978,-0.98202,1.4404,-2.036,-1.5703,2.8112,1
0.25415,-0.98267,1.4416,-2.0365,-1.5703,2.811,1
0.25853,-0.98332,1.4427,-2.037,-1.5703,2.8108,1
0.26291,-0.98397,1.4439,-2.0375,-1.5702,2.8106,1
0.2673,-0.98462,1.445,-2.038,-1.5702,2.8104,1
0.27169,-0.98527,1.4462,-2.0385,-1.5702,2.8102,1
0.27609,-0.98592,1.4473,-2.039,-1.5701,2.81,1
0.2805,-0.98657,1.4485,-2.0395,-1.5701,2.8098,1
0.28491,-0.98723,1.4496,-2.04,-1.5701,2.8096,1
0.28932,-0.98788,1.4507,-2.0405,-1.5701,2.8094,1
0.29374,-0.98854,1.4519,-2.041,-1.57,2.8092,1
0.29817,-0.98919,1.453,-2.0415,-1.57,2.809,1
0.3026,-0.98985,1.4542,-2.042,-1.57,2.8088,1
0.30703,-0.99051,1.4553,-2.0425,-1.5699,2.8086,1
0.31147,-0.99116,1.4565,-2.0429,-1.5699,2.8084,1
0.31591,-0.99182,1.4577,-2.0434,-1.5699,2.8081,1
0.32036,-0.99248,1.4588,-2.0439,-1.5698,2.8079,1
0.32481,-0.99314,1.46,-2.0444,-1.5698,2.8077,1
0.32926,-0.9938,1.4611,-2.0449,-1.5698,2.8075,1
0.33372,-0.99446,1.4623,-2.0454,-1.5697,2.8073,1
0.33818,-0.99512,1.4634,-2.0459,-1.5697,2.8071,1
0.34265,-0.99576,1.4646,-2.0464,-1.5697,2.8069,1
0.34712,-0.99641,1.4658,-2.0469,-1.5696,2.8067,1
0.35159,-0.99706,1.4669,-2.0474,-1.5696,2.8065,1
0.35606,-0.99771,1.4681,-2.0479,-1.5696,2.8063,1
0.36054,-0.99836,1.4692,-2.0484,-1.5695,2.8061,1
0.36502,-0.99901,1.4704,-2.0489,-1.5695,2.8059,1
0.3695,-0.99966,1.4715,-2.0494,-1.5695,2.8057,1
0.37399,-1.0003,1.4727,-2.0499,-1.5694,2.8055,1
0.37847,-1.001,1.4738,-2.0504,-1.5694,2.8053,1
0.38296,-1.0016,1.475,-2.0509,-1.5694,2.8051,1
0.38745,-1.0023,1.4762,-2.0514,-1.5694,2.8049,1
0.39195,-1.0029,1.4773,-2.0518,-1.5693,2.8046,1
0.39644,-1.0035,1.4785,-2.0523,-1.5693,2.8044,1
0.40094,-1.0042,1.4796,-2.0528,-1.5693,2.8042,1
0.40543,-1.0048,1.4808,-2.0533,-1.5692,2.804,1
0.40993,-1.0055,1.4819,-2.0538,-1.5692,2.8038,1
0.41443,-1.0061,1.4831,-2.0543,-1.5692,2.8036,1
0.41893,-1.0068,1.4842,-2.0548,-1.5691,2.8034,1
0.42344,-1.0074,1.4854,-2.0553,-1.5691,2.8032,1
0.42794,-1.0081,1.4865,-2.0558,-1.5691,2.803,1
0.43244,-1.0087,1.4877,-2.0563,-1.569,2.8028,1
0.43695,-1.0094,1.4888,-2.0568,-1.569,2.8026,1
0.44145,-1.01,1.49,-2.0573,-1.569,2.8024,1
0.44595,-1.0107,1.4911,-2.0578,-1.5689,2.8021,1
0.45046,-1.0113,1.4922,-2.0583,-1.5689,2.8019,1
0.45496,-1.0119,1.4934,-2.0588,-1.5689,2.8017,1
0.45947,-1.0126,1.4945,-2.0593,-1.5689,2.8015,1
0.46397,-1.0132,1.4957,-2.0597,-1.5688,2.8013,1
0.46847,-1.0139,1.4968,-2.0602,-1.5688,2.8011,1
0.47297,-1.0145,1.498,-2.0607,-1.5688,2.8009,1
0.47748,-1.0152,1.4991,-2.0612,-1.5687,2.8007,1
0.48198,-1.0158,1.5002,-2.0617,-1.5687,2.8005,1
0.48647,-1.0164,1.5014,-2.0621,-1.5687,2.8003,1
0.49097,-1.0171,1.5025,-2.0626,-1.5686,2.8001,1
0.49547,-1.0177,1.5036,-2.0631,-1.5686,2.7999,1
0.49996,-1.0183,1.5047,-2.0636,-1.5686,2.7997,1
0.50446,-1.019,1.5059,-2.0641,-1.5686,2.7994,1
0.50895,-1.0196,1.507,-2.0645,-1.5685,2.7992,1
0.51344,-1.0202,1.5081,-2.065,-1.5685,2.799,1
0.51812,-1.0209,1.5092,-2.0655,-1.5685,2.799,1
0.52281,-1.0215,1.5103,-2.066,-1.5684,2.799,1
0.52749,-1.0221,1.5114,-2.0664,-1.5684,2.799,1
0.53217,-1.0228,1.5126,-2.0669,-1.5684,2.799,1
0.53685,-1.0234,1.5137,-2.0674,-1.5683,2.799,1
0.54152,-1.024,1.5148,-2.0679,-1.5683,2.799,1
0.54619,-1.0247,1.5159,-2.0683,-1.5683,2.799,1
0.55085,-1.0253,1.517,-2.0688,-1.5683,2.799,1
0.55552,-1.0259,1.5182,-2.0693,-1.5682,2.799,1
0.56017,-1.0266,1.5193,-2.0698,-1.5682,2.799,1
0.56483,-1.0272,1.5204,-2.0702,-1.5682,2.7989,1
0.56948,-1.0278,1.5215,-2.0707,-1.5681,2.7989,1
0.57412,-1.0285,1.5227,-2.0712,-1.5681,2.7989,1
0.57876,-1.0291,1.5238,-2.0717,-1.5681,2.7989,1
0.5834,-1.0297,1.5249,-2.0722,-1.5681,2.7989,1
0.58803,-1.0304,1.526,-2.0726,-1.568,2.7989,1
0.59266,-1.031,1.5272,-2.0731,-1.568,2.7989,1
0.59728,-1.0316,1.5283,-2.0736,-1.568,2.7989,1
0.6019,-1.0322,1.5294,-2.0741,-1.5679,2.7989,1
0.60651,-1.0329,1.5305,-2.0745,-1.5679,2.7988,1
0.61112,-1.0335,1.5316,-2.075,-1.5679,2.7988,1
0.61572,-1.0341,1.5327,-2.0755,-1.5679,2.7988,1
0.62031,-1.0348,1.5338,-2.076,-1.5678,2.7988,1
0.6249,-1.0354,1.5347,-2.0765,-1.5678,2.7988,1
0.62948,-1.036,1.5357,-2.0769,-1.5678,2.7988,1
0.63406,-1.0367,1.5366,-2.0774,-1.5677,2.7988,1
0.63863,-1.0373,1.5375,-2.0778,-1.5677,2.7988,1
0.6432,-1.0379,1.5384,-2.0783,-1.5677,2.7988,1
0.64775,-1.0386,1.5393,-2.0788,-1.5676,2.7987,1
0.6523,-1.0392,1.5402,-2.0792,-1.5676,2.7987,1
0.65685,-1.0398,1.5411,-2.0797,-1.5676,2.7987,1
0.66137,-1.0404,1.542,-2.0801,-1.5675,2.7987,1
0.66589,-1.0411,1.5429,-2.0806,-1.5675,2.7987,1
0.67041,-1.0417,1.5438,-2.0811,-1.5675,2.7986,1
0.67491,-1.0423,1.5447,-2.0815,-1.5674,2.7986,1
0.67941,-1.0429,1.5456,-2.082,-1.5674,2.7986,1
0.6839,-1.0436,1.5465,-2.0824,-1.5674,2.7986,1
0.68838,-1.0442,1.5474,-2.0829,-1.5673,2.7986,1
0.69285,-1.0448,1.5483,-2.0833,-1.5673,2.7985,1
0.69732,-1.0454,1.5492,-2.0838,-1.5672,2.7985,1
0.70177,-1.0461,1.5501,-2.0842,-1.5672,2.7985,1
0.70622,-1.0467,1.551,-2.0847,-1.5672,2.7985,1
0.71066,-1.0473,1.5519,-2.0851,-1.5671,2.7984,1
0.7151,-1.0479,1.5528,-2.0856,-1.5671,2.7984,1
0.71952,-1.0485,1.5537,-2.086,-1.567,2.7984,1
0.72393,-1.0491,1.5546,-2.0864,-1.567,2.7984,1
0.72834,-1.0498,1.5554,-2.0869,-1.5669,2.7984,1
0.73273,-1.0504,1.5563,-2.0873,-1.5669,2.7983,1
0.73712,-1.051,1.5572,-2.0877,-1.5668,2.7983,1
0.74149,-1.0516,1.5581,-2.0882,-1.5668,2.7983,1
0.74586,-1.0522,1.5589,-2.0886,-1.5667,2.7983,1
0.75022,-1.0528,1.5598,-2.089,-1.5667,2.7982,1
0.75457,-1.0534,1.5607,-2.0895,-1.5666,2.7982,1
0.7589,-1.054,1.5615,-2.0899,-1.5666,2.7982,1
0.76323,-1.0546,1.5624,-2.0903,-1.5665,2.7982,1
0.76754,-1.0552,1.5633,-2.0908,-1.5665,2.7982,1
0.77185,-1.0558,1.5641,-2.0912,-1.5664,2.7981,1
0.77614,-1.0564,1.5649,-2.0916,-1.5664,2.7981,1
0.78043,-1.057,1.5658,-2.092,-1.5663,2.7981,1
0.7847,-1.0576,1.5666,-2.0925,-1.5663,2.7981,1
0.78896,-1.0582,1.5675,-2.0929,-1.5662,2.798,1
0.79321,-1.0588,1.5683,-2.0933,-1.5662,2.798,1
0.79745,-1.0593,1.5691,-2.0937,-1.5661,2.798,1
0.80167,-1.0599,1.57,-2.0941,-1.5661,2.798,1
0.80589,-1.0605,1.5708,-2.0945,-1.566,2.798,1
0.81009,-1.0611,1.5716,-2.0949,-1.5659,2.7979,1
0.81428,-1.0617,1.5725,-2.0953,-1.5659,2.7979,1
0.81846,-1.0622,1.5733,-2.0957,-1.5658,2.7979,1
0.82263,-1.0628,1.5741,-2.0962,-1.5658,2.7979,1
0.82678,-1.0634,1.5749,-2.0966,-1.5657,2.7979,1
0.83092,-1.0639,1.5757,-2.097,-1.5657,2.7978,1
0.83505,-1.0645,1.5765,-2.0974,-1.5656,2.7978,1
0.83916,-1.0651,1.5773,-2.0978,-1.5655,2.7978,1
0.84326,-1.0656,1.5781,-2.0981,-1.5655,2.7978,1
0.84735,-1.0662,1.5789,-2.0985,-1.5654,2.7978,1
0.85142,-1.0667,1.5797,-2.0989,-1.5653,2.7977,1
0.85549,-1.0673,1.5805,-2.0993,-1.5653,2.7977,1
0.85953,-1.0678,1.5813,-2.0997,-1.5652,2.7977,1
0.86357,-1.0684,1.5821,-2.1001,-1.5652,2.7977,1
0.86758,-1.0689,1.5829,-2.1005,-1.5651,2.7977,1
0.87159,-1.0695,1.5837,-2.1008,-1.565,2.7976,1
0.87558,-1.07,1.5844,-2.1012,-1.565,2.7976,1
0.87956,-1.0706,1.5852,-2.1016,-1.5649,2.7976,1
0.88352,-1.0711,1.586,-2.1019,-1.5648,2.7976,1
0.88746,-1.0717,1.5867,-2.1023,-1.5648,2.7976,1
0.89139,-1.0722,1.5875,-2.1027,-1.5647,2.7975,1
0.89531,-1.0727,1.5883,-2.103,-1.5646,2.7975,1
0.89921,-1.0733,1.589,-2.1034,-1.5646,2.7975,1
0.9031,-1.0738,1.5898,-2.1038,-1.5645,2.7975,1
0.90697,-1.0743,1.5905,-2.1041,-1.5644,2.7975,1
0.91082,-1.0748,1.5913,-2.1045,-1.5644,2.7975,1
0.91466,-1.0754,1.592,-2.1048,-1.5643,2.7974,1
0.91848,-1.0759,1.5928,-2.1052,-1.5642,2.7974,1
0.92229,-1.0764,1.5935,-2.1055,-1.5642,2.7974,1
0.92608,-1.0769,1.5942,-2.1059,-1.5641,2.7974,1
0.92985,-1.0774,1.5949,-2.1062,-1.564,2.7974,1
0.9336,-1.0779,1.5957,-2.1065,-1.564,2.7973,1
0.93734,-1.0784,1.5964,-2.1069,-1.5639,2.7973,1
0.94107,-1.0789,1.5971,-2.1072,-1.5638,2.7973,1
0.94477,-1.0794,1.5978,-2.1076,-1.5638,2.7973,1
0.94846,-1.0799,1.5985,-2.1079,-1.5637,2.7973,1
0.95213,-1.0804,1.5992,-2.1082,-1.5636,2.7973,1
0.95579,-1.0809,1.5999,-2.1086,-1.5636,2.7972,1
0.95942,-1.0814,1.6006,-2.1089,-1.5635,2.7972,1
0.96304,-1.0819,1.6012,-2.1092,-1.5634,2.7972,1
0.96664,-1.0824,1.6019,-2.1095,-1.5633,2.7972,1
0.97022,-1.0829,1.6026,-2.1098,-1.5633,2.7972,1
0.97379,-1.0833,1.6033,-2.1102,-1.5632,2.7972,1
0.97748,-1.0838,1.6039,-2.1105,-1.5631,2.7973,1
0.98116,-1.0843,1.6046,-2.1108,-1.5631,2.7974,1
0.98482,-1.0848,1.6053,-2.1111,-1.563,2.7976,1
0.98846,-1.0852,1.6059,-2.1114,-1.5629,2.7977,1
0.99208,-1.0857,1.6066,-2.1117,-1.5629,2.7978,1
0.99568,-1.0862,1.6072,-2.112,-1.5628,2.798,1
0.99925,-1.0866,1.6079,-2.1124,-1.5627,2.7981,1
1.0028,-1.0871,1.6085,-2.1127,-1.5626,2.7982,1
1.0063,-1.0875,1.6092,-2.113,-1.5627,2.7983,1
1.0099,-1.0878,1.6098,-2.1133,-1.5628,2.7985,1
1.0134,-1.0882,1.6104,-2.1136,-1.5629,2.7986,1
1.0168,-1.0885,1.6111,-2.1139,-1.5629,2.7987,1
1.0203,-1.0888,1.6117,-2.1142,-1.563,2.7989,1
1.0237,-1.0891,1.6123,-2.1145,-1.5631,2.799,1
1.0271,-1.0894,1.6129,-2.1147,-1.5632,2.7991,1
1.0305,-1.0897,1.6136,-2.115,-1.5632,2.7992,1
1.0339,-1.09,1.6142,-2.1153,-1.5633,2.7993,1
1.0372,-1.0903,1.6148,-2.1156,-1.5634,2.7995,1
1.0406,-1.0906,1.6154,-2.1159,-1.5633,2.7996,1
1.0439,-1.0909,1.616,-2.1162,-1.5634,2.7997,1
1.0471,-1.0912,1.6166,-2.1165,-1.5635,2.7998,1
1.0504,-1.0914,1.6172,-2.1166,-1.5634,2.7999,1
1.0536,-1.0917,1.6178,-2.1168,-1.5633,2.8001,1
1.0568,-1.092,1.6184,-2.1169,-1.5633,2.8002,1
1.06,-1.0923,1.619,-2.1171,-1.5632,2.8003,1
1.0632,-1.0926,1.6195,-2.1172,-1.5631,2.8004,1
1.0663,-1.0929,1.6201,-2.1173,-1.5631,2.8005,1
1.0694,-1.0931,1.6207,-2.1175,-1.563,2.8006,1
1.0725,-1.0934,1.6213,-2.1176,-1.563,2.8007,1
1.0756,-1.0937,1.6218,-2.1178,-1.5629,2.8009,1
1.0786,-1.094,1.6224,-2.1179,-1.5629,2.801,1
1.0817,-1.0942,1.623,-2.1181,-1.5628,2.8011,1
1.0847,-1.0945,1.6235,-2.1182,-1.5627,2.8012,1
1.0876,-1.0948,1.6241,-2.1183,-1.5627,2.8013,1
1.0906,-1.095,1.6246,-2.1185,-1.5626,2.8014,1
1.0935,-1.0953,1.6251,-2.1186,-1.5626,2.8015,1
1.0964,-1.0956,1.6257,-2.1187,-1.5625,2.8016,1
1.0993,-1.0958,1.6262,-2.1189,-1.5625,2.8017,1
1.1021,-1.0961,1.6266,-2.119,-1.5624,2.8018,1
1.1049,-1.0963,1.627,-2.1191,-1.5624,2.8019,1
1.1077,-1.0966,1.6274,-2.1193,-1.5623,2.802,1
1.1105,-1.0968,1.6278,-2.1194,-1.5623,2.8021,1
1.1133,-1.0971,1.6282,-2.1195,-1.5622,2.8022,1
1.116,-1.0973,1.6286,-2.1196,-1.5622,2.8023,1
1.1187,-1.0975,1.629,-2.1198,-1.5622,2.8024,1
1.1213,-1.0978,1.6294,-2.1199,-1.5621,2.8025,1
1.124,-1.098,1.6298,-2.12,-1.5621,2.8026,1
1.1266,-1.0982,1.6302,-2.1201,-1.562,2.8027,1
1.1292,-1.0985,1.6305,-2.1202,-1.562,2.8028,1
1.1317,-1.0987,1.6309,-2.1204,-1.5619,2.8029,1
1.1343,-1.0989,1.6313,-2.1205,-1.5619,2.803,1
1.1368,-1.0991,1.6316,-2.1206,-1.5619,2.8031,1
1.1393,-1.0994,1.632,-2.1207,-1.5618,2.8031,1
1.1417,-1.0996,1.6323,-2.1208,-1.5618,2.8032,1
1.1441,-1.0998,1.6327,-2.1209,-1.5617,2.8033,1
1.1465,-1.1,1.633,-2.121,-1.5617,2.8034,1
1.1489,-1.1002,1.6334,-2.1211,-1.5616,2.8035,1
1.1512,-1.1004,1.6337,-2.1212,-1.5616,2.8036,1
1.1536,-1.1006,1.634,-2.1214,-1.5616,2.8037,1
1.1558,-1.1008,1.6344,-2.1215,-1.5615,2.8037,1
1.1581,-1.101,1.6347,-2.1216,-1.5615,2.8038,1
1.1603,-1.1012,1.635,-2.1217,-1.5615,2.8039,1
1.1625,-1.1014,1.6353,-2.1218,-1.5614,2.804,1
1.1647,-1.1016,1.6356,-2.1219,-1.5614,2.8041,1
1.1668,-1.1018,1.6359,-2.122,-1.5613,2.8041,1
1.1689,-1.102,1.6362,-2.1221,-1.5613,2.8042,1
1.171,-1.1022,1.6365,-2.1222,-1.5613,2.8043,1
1.1731,-1.1023,1.6368,-2.1223,-1.5612,2.8044,1
1.1751,-1.1025,1.6371,-2.1223,-1.5612,2.8044,1
1.1771,-1.1027,1.6374,-2.1224,-1.5612,2.8045,1
1.179,-1.1029,1.6377,-2.1225,-1.5611,2.8046,1
1.181,-1.103,1.638,-2.1226,-1.5611,2.8047,1
1.1829,-1.1032,1.6382,-2.1227,-1.5611,2.8047,1
1.1847,-1.1034,1.6385,-2.1228,-1.5611,2.8048,1
1.1866,-1.1035,1.6388,-2.1229,-1.561,2.8049,1
1.1884,-1.1037,1.639,-2.123,-1.561,2.8049,1
1.1902,-1.1039,1.6393,-2.123,-1.561,2.805,1
1.1919,-1.104,1.6395,-2.1231,-1.5609,2.8051,1
1.1936,-1.1042,1.6398,-2.1232,-1.5609,2.8051,1
1.1953,-1.1043,1.64,-2.1233,-1.5609,2.8052,1
1.1969,-1.1044,1.6403,-2.1234,-1.5609,2.8052,1
1.1986,-1.1046,1.6405,-2.1234,-1.5608,2.8053,1
1.2001,-1.1047,1.6407,-2.1235,-1.5608,2.8053,1
1.2017,-1.1049,1.641,-2.1236,-1.5608,2.8054,1
1.2032,-1.105,1.6412,-2.1237,-1.5607,2.8055,1
1.2047,-1.1051,1.6414,-2.1237,-1.5607,2.8055,1
1.2062,-1.1053,1.6416,-2.1238,-1.5607,2.8056,1
1.2076,-1.1054,1.6418,-2.1239,-1.5607,2.8056,1
1.209,-1.1055,1.642,-2.1239,-1.5607,2.8057,1
1.2103,-1.1056,1.6422,-2.124,-1.5606,2.8057,1
1.2117,-1.1057,1.6424,-2.1241,-1.5606,2.8058,1
1.2129,-1.1059,1.6426,-2.1241,-1.5606,2.8058,1
1.2142,-1.106,1.6428,-2.1242,-1.5606,2.8059,1
1.2154,-1.1061,1.6429,-2.1242,-1.5606,2.8059,1
1.2166,-1.1062,1.6431,-2.1243,-1.5605,2.8059,1
1.2178,-1.1063,1.6433,-2.1243,-1.5605,2.806,1
1.2189,-1.1064,1.6434,-2.1244,-1.5605,2.806,1
1.22,-1.1065,1.6436,-2.1244,-1.5605,2.8061,1
1.221,-1.1066,1.6437,-2.1245,-1.5605,2.8061,1
1.222,-1.1066,1.6439,-2.1245,-1.5604,2.8061,1
1.223,-1.1067,1.644,-2.1246,-1.5604,2.8062,1
1.224,-1.1068,1.6442,-2.1246,-1.5604,2.8062,1
1.2249,-1.1069,1.6443,-2.1247,-1.5604,2.8062,1
1.2258,-1.107,1.6444,-2.1247,-1.5604,2.8063,1
1.2266,-1.107,1.6445,-2.1248,-1.5604,2.8063,1
1.2274,-1.1071,1.6447,-2.1248,-1.5604,2.8063,1
1.2282,-1.1072,1.6448,-2.1248,-1.5603,2.8064,1
1.2289,-1.1072,1.6449,-2.1249,-1.5603,2.8064,1
1.2296,-1.1073,1.645,-2.1249,-1.5603,2.8064,1
1.2303,-1.1074,1.6451,-2.1249,-1.5603,2.8064,1
1.2309,-1.1074,1.6452,-2.125,-1.5603,2.8065,1
1.2315,-1.1075,1.6453,-2.125,-1.5603,2.8065,1
1.232,-1.1075,1.6453,-2.125,-1.5603,2.8065,1
1.2325,-1.1076,1.6454,-2.125,-1.5603,2.8065,1
1.233,-1.1076,1.6455,-2.1251,-1.5603,2.8065,1
1.2335,-1.1076,1.6455,-2.1251,-1.5603,2.8066,1
1.2339,-1.1077,1.6456,-2.1251,-1.5603,2.8066,1
1.2342,-1.1077,1.6457,-2.1251,-1.5602,2.8066,1
1.2345,-1.1077,1.6457,-2.1251,-1.5602,2.8066,1
1.2348,-1.1078,1.6457,-2.1251,-1.5602,2.8066,1
1.2351,-1.1078,1.6458,-2.1252,-1.5602,2.8066,1
1.2353,-1.1078,1.6458,-2.1252,-1.5602,2.8066,1
1.2355,-1.1078,1.6458,-2.1252,-1.5602,2.8066,1
1.2356,-1.1078,1.6459,-2.1252,-1.5602,2.8066,1
1.2357,-1.1078,1.6459,-2.1252,-1.5602,2.8066,1
1.2358,-1.1078,1.6459,-2.1252,-1.5602,2.8066,1
1.2358,-1.1079,1.6459,-2.1252,-1.5602,2.8066,1
1.2358,-1.1079,1.6459,-2.1252,-1.5602,2.8066,1
1.2358,-1.1078,1.6459,-2.1252,-1.5602,2.8066,1
1.2358,-1.1078,1.6459,-2.1253,-1.5602,2.8066,1
1.2358,-1.1077,1.646,-2.1255,-1.5602,2.8066,1
1.2358,-1.1076,1.6461,-2.1257,-1.5602,2.8066,1
1.2358,-1.1075,1.6463,-2.126,-1.5602,2.8066,1
1.2358,-1.1073,1.6464,-2.1263,-1.5602,2.8066,1
1.2358,-1.1071,1.6466,-2.1267,-1.5602,2.8066,1
1.2358,-1.1069,1.6469,-2.1272,-1.5602,2.8066,1
1.2358,-1.1066,1.6471,-2.1277,-1.5602,2.8066,1
1.2358,-1.1063,1.6474,-2.1283,-1.5602,2.8066,1
1.2358,-1.106,1.6477,-2.1289,-1.5602,2.8066,1
1.2358,-1.1056,1.6481,-2.1296,-1.5602,2.8066,1
1.2358,-1.1053,1.6484,-2.1303,-1.5602,2.8066,1
1.2357,-1.1049,1.6488,-2.1311,-1.5602,2.8066,1
1.2357,-1.1044,1.6493,-2.132,-1.5602,2.8066,1
1.2357,-1.104,1.6497,-2.1329,-1.5602,2.8066,1
1.2357,-1.1035,1.6502,-2.1339,-1.5602,2.8066,1
1.2357,-1.103,1.6507,-2.1349,-1.5602,2.8066,1
1.2357,-1.1024,1.6512,-2.1359,-1.5602,2.8066,1
1.2357,-1.1019,1.6517,-2.1371,-1.5602,2.8066,1
1.2357,-1.1013,1.6523,-2.1382,-1.5602,2.8066,1
1.2357,-1.1007,1.6529,-2.1395,-1.5602,2.8065,1
1.2357,-1.1,1.6535,-2.1407,-1.5602,2.8065,1
1.2357,-1.0994,1.6541,-2.1421,-1.5602,2.8065,1
1.2357,-1.0987,1.6548,-2.1434,-1.5602,2.8065,1
1.2357,-1.098,1.6554,-2.1448,-1.5602,2.8065,1
1.2356,-1.0973,1.6561,-2.1463,-1.5602,2.8065,1
1.2356,-1.0965,1.6568,-2.1478,-1.5602,2.8065,1
1.2356,-1.0956,1.6576,-2.1493,-1.5602,2.8065,1
1.2356,-1.0948,1.6583,-2.1509,-1.5602,2.8065,1
1.2356,-1.0939,1.6591,-2.1525,-1.5602,2.8065,1
1.2356,-1.093,1.6599,-2.1541,-1.5602,2.8064,1
1.2356,-1.0921,1.6607,-2.1558,-1.5602,2.8064,1
1.2356,-1.0912,1.6616,-2.1575,-1.5602,2.8064,1
1.2356,-1.0902,1.6624,-2.1593,-1.5602,2.8064,1
1.2355,-1.0893,1.6632,-2.1611,-1.5602,2.8064,1
1.2355,-1.0883,1.6641,-2.163,-1.5602,2.8064,1
1.2355,-1.0873,1.665,-2.1649,-1.5602,2.8064,1
1.2355,-1.0862,1.6659,-2.1668,-1.5602,2.8064,1
1.2355,-1.0852,1.6668,-2.1688,-1.5602,2.8063,1
1.2355,-1.0841,1.6677,-2.1708,-1.5602,2.8063,1
1.2355,-1.083,1.6686,-2.1728,-1.5602,2.8063,1
1.2354,-1.0818,1.6696,-2.1749,-1.5602,2.8063,1
1.2354,-1.0807,1.6706,-2.177,-1.5602,2.8063,1
1.2354,-1.0794,1.6716,-2.1792,-1.5602,2.8063,1
1.2354,-1.0782,1.6725,-2.1814,-1.5602,2.8063,1
1.2354,-1.077,1.6735,-2.1836,-1.5602,2.8062,1
1.2354,-1.0757,1.6745,-2.1858,-1.5602,2.8062,1
1.2354,-1.0744,1.6755,-2.1881,-1.5602,2.8062,1
1.2353,-1.0731,1.6765,-2.1904,-1.5602,2.8062,1
1.2353,-1.0718,1.6775,-2.1928,-1.5602,2.8062,1
1.2353,-1.0705,1.6786,-2.1952,-1.5602,2.8062,1
1.2353,-1.0691,1.6796,-2.1976,-1.5602,2.8061,1
1.2353,-1.0677,1.6807,-2.2,-1.5602,2.8061,1
1.2353,-1.0663,1.6818,-2.2025,-1.5602,2.8061,1
1.2352,-1.0649,1.6828,-2.205,-1.5602,2.8061,1
1.2352,-1.0635,1.6838,-2.2075,-1.5602,2.8061,1
1.2352,-1.062,1.6849,-2.21,-1.5602,2.8061,1
1.2352,-1.0605,1.6859,-2.2126,-1.5602,2.806,1
1.2352,-1.0589,1.687,-2.2152,-1.5602,2.806,1
1.2352,-1.0574,1.6881,-2.2178,-1.5602,2.806,1
1.2351,-1.0558,1.6892,-2.2205,-1.5602,2.806,1
1.2351,-1.0543,1.6903,-2.2232,-1.5602,2.806,1
1.2351,-1.0527,1.6914,-2.2259,-1.5602,2.806,1
1.2351,-1.0511,1.6924,-2.2286,-1.5602,2.8059,1
1.2351,-1.0495,1.6935,-2.2313,-1.5602,2.8059,1
1.235,-1.0479,1.6946,-2.2341,-1.5602,2.8059,1
1.235,-1.0462,1.6956,-2.2369,-1.5602,2.8059,1
1.235,-1.0444,1.6967,-2.2396,-1.5602,2.8059,1
1.235,-1.0427,1.6978,-2.2423,-1.5602,2.8058,1
1.235,-1.041,1.6989,-2.2451,-1.5602,2.8058,1
1.2349,-1.0392,1.7,-2.2479,-1.5602,2.8058,1
1.2349,-1.0375,1.701,-2.2507,-1.5602,2.8058,1
1.2349,-1.0357,1.7021,-2.2535,-1.5602,2.8058,1
1.2349,-1.0339,1.7031,-2.2564,-1.5602,2.8057,1
1.2349,-1.0321,1.7042,-2.2592,-1.5602,2.8057,1
1.2348,-1.0304,1.7053,-2.2621,-1.5602,2.8057,1
1.2348,-1.0285,1.7064,-2.265,-1.5602,2.8057,1
1.2348,-1.0267,1.7074,-2.2679,-1.5602,2.8057,1
1.2348,-1.0248,1.7085,-2.2708,-1.5602,2.8056,1
1.2348,-1.0229,1.7095,-2.2737,-1.5602,2.8056,1
1.2347,-1.021,1.7105,-2.2766,-1.5602,2.8056,1
1.2347,-1.019,1.7115,-2.2796,-1.5602,2.8056,1
1.2347,-1.0171,1.7126,-2.2825,-1.5602,2.8056,1
1.2347,-1.0152,1.7136,-2.2855,-1.5602,2.8055,1
1.2347,-1.0133,1.7146,-2.2885,-1.5602,2.8055,1
1.2346,-1.0113,1.7156,-2.2915,-1.5602,2.8055,1
1.2346,-1.0094,1.7166,-2.2945,-1.5602,2.8055,1
1.2346,-1.0073,1.7175,-2.2975,-1.5602,2.8055,1
1.2346,-1.0053,1.7185,-2.3005,-1.5602,2.8054,1
1.2346,-1.0033,1.7195,-2.3035,-1.5602,2.8054,1
1.2345,-1.0012,1.7205,-2.3065,-1.5602,2.8054,1
1.2345,-0.99919,1.7214,-2.3094,-1.5602,2.8054,1
1.2345,-0.99715,1.7224,-2.3124,-1.5602,2.8053,1
1.2345,-0.9951,1.7233,-2.3153,-1.5602,2.8053,1
1.2344,-0.99305,1.7242,-2.3183,-1.5602,2.8053,1
1.2344,-0.991,1.7251,-2.3213,-1.5602,2.8053,1
1.2344,-0.98895,1.726,-2.3242,-1.5602,2.8053,1
1.2344,-0.98689,1.7269,-2.3272,-1.5602,2.8052,1
1.2344,-0.98476,1.7278,-2.3302,-1.5602,2.8052,1
1.2343,-0.98263,1.7286,-2.3331,-1.5602,2.8052,1
1.2343,-0.9805,1.7295,-2.3361,-1.5602,2.8052,1
1.2343,-0.97838,1.7303,-2.339,-1.5602,2.8052,1
1.2343,-0.97625,1.7311,-2.342,-1.5602,2.8051,1
1.2343,-0.97412,1.732,-2.345,-1.5602,2.8051,1
1.2342,-0.972,1.7328,-2.3479,-1.5602,2.8051,1
1.2342,-0.96988,1.7336,-2.3509,-1.5602,2.8051,1
1.2342,-0.96776,1.7344,-2.3538,-1.5602,2.8051,1
1.2342,-0.96564,1.7352,-2.3568,-1.5602,2.805,1
1.2342,-0.96346,1.7359,-2.3597,-1.5602,2.805,1
1.2341,-0.96128,1.7367,-2.3626,-1.5602,2.805,1
1.2341,-0.9591,1.7374,-2.3655,-1.5602,2.805,1
1.2341,-0.95693,1.7382,-2.3683,-1.5602,2.8049,1
1.2341,-0.95477,1.7389,-2.3712,-1.5602,2.8049,1
1.234,-0.95261,1.7396,-2.374,-1.5602,2.8049,1
1.234,-0.95045,1.7402,-2.3768,-1.5602,2.8049,1
1.234,-0.94831,1.7409,-2.3796,-1.5602,2.8049,1
1.234,-0.94617,1.7416,-2.3824,-1.5602,2.8048,1
1.234,-0.94403,1.7422,-2.3852,-1.5602,2.8048,1
1.2339,-0.94191,1.7429,-2.388,-1.5602,2.8048,1
1.2339,-0.9398,1.7435,-2.3908,-1.5602,2.8048,1
1.2339,-0.93762,1.7441,-2.3936,-1.5602,2.8048,1
1.2339,-0.93545,1.7447,-2.3963,-1.5602,2.8047,1
1.2339,-0.9333,1.7453,-2.399,-1.5602,2.8047,1
1.2338,-0.93115,1.7459,-2.4018,-1.5602,2.8047,1
1.2338,-0.92902,1.7464,-2.4045,-1.5602,2.8047,1
1.2338,-0.9269,1.747,-2.4071,-1.5602,2.8047,1
1.2338,-0.92479,1.7476,-2.4098,-1.5602,2.8046,1
1.2338,-0.92269,1.748,-2.4125,-1.5602,2.8046,1
1.2337,-0.9206,1.7485,-2.4151,-1.5602,2.8046,1
1.2337,-0.91853,1.749,-2.4176,-1.5602,2.8046,1
1.2337,-0.91648,1.7495,-2.4201,-1.5602,2.8046,1
1.2337,-0.91443,1.75,-2.4227,-1.5602,2.8045,1
1.2337,-0.91241,1.7505,-2.4252,-1.5602,2.8045,1
1.2337,-0.91033,1.7509,-2.4277,-1.5602,2.8045,1
1.2336,-0.90827,1.7514,-2.4301,-1.5602,2.8045,1
1.2336,-0.90622,1.7518,-2.4326,-1.5602,2.8045,1
1.2336,-0.9042,1.7522,-2.435,-1.5602,2.8045,1
1.2336,-0.90219,1.7526,-2.4374,-1.5602,2.8044,1
1.2336,-0.9002,1.753,-2.4398,-1.5602,2.8044,1
1.2335,-0.89822,1.7534,-2.4421,-1.5602,2.8044,1
1.2335,-0.89627,1.7537,-2.4445,-1.5602,2.8044,1
1.2335,-0.89434,1.7541,-2.4468,-1.5602,2.8044,1
1.2335,-0.89242,1.7545,-2.4491,-1.5602,2.8043,1
1.2335,-0.89053,1.7548,-2.4513,-1.5602,2.8043,1
1.2335,-0.88866,1.7551,-2.4535,-1.5602,2.8043,1
1.2334,-0.88681,1.7554,-2.4557,-1.5602,2.8043,1
1.2334,-0.88498,1.7557,-2.4578,-1.5602,2.8043,1
1.2334,-0.88318,1.756,-2.4599,-1.5602,2.8043,1
1.2334,-0.88139,1.7563,-2.462,-1.5602,2.8042,1
1.2334,-0.87958,1.7566,-2.464,-1.5602,2.8042,1
1.2334,-0.87779,1.7569,-2.4661,-1.5602,2.8042,1
1.2333,-0.87603,1.7571,-2.4681,-1.5602,2.8042,1
1.2333,-0.87429,1.7573,-2.47,-1.5602,2.8042,1
1.2333,-0.87258,1.7575,-2.4719,-1.5602,2.8042,1
1.2333,-0.87089,1.7578,-2.4738,-1.5602,2.8042,1
1.2333,-0.86923,1.758,-2.4757,-1.5602,2.8041,1
1.2333,-0.8676,1.7582,-2.4775,-1.5602,2.8041,1
1.2333,-0.866,1.7584,-2.4794,-1.5602,2.8041,1
1.2332,-0.86442,1.7586,-2.4811,-1.5602,2.8041,1
1.2332,-0.86288,1.7588,-2.4829,-1.5602,2.8041,1
1.2332,-0.86136,1.759,-2.4846,-1.5602,2.8041,1
1.2332,-0.85988,1.7592,-2.4863,-1.5602,2.8041,1
1.2332,-0.85842,1.7593,-2.4879,-1.5602,2.804,1
1.2332,-0.857,1.7594,-2.4895,-1.5602,2.804,1
1.2332,-0.85561,1.7596,-2.4911,-1.5602,2.804,1
1.2332,-0.85425,1.7597,-2.4926,-1.5602,2.804,1
1.2331,-0.85292,1.7598,-2.494,-1.5602,2.804,1
1.2331,-0.85163,1.76,-2.4954,-1.5602,2.804,1
1.2331,-0.85037,1.7601,-2.4968,-1.5602,2.804,1
1.2331,-0.84915,1.7602,-2.4982,-1.5602,2.804,1
1.2331,-0.84796,1.7603,-2.4995,-1.5602,2.804,1
1.2331,-0.84676,1.7604,-2.5007,-1.5602,2.8039,1
1.2331,-0.84561,1.7605,-2.502,-1.5602,2.8039,1
1.2331,-0.84449,1.7606,-2.5031,-1.5602,2.8039,1
1.2331,-0.84341,1.7607,-2.5043,-1.5602,2.8039,1
1.233,-0.84237,1.7608,-2.5054,-1.5602,2.8039,1
1.233,-0.84137,1.7609,-2.5065,-1.5602,2.8039,1
1.233,-0.8404,1.7609,-2.5075,-1.5602,2.8039,1
1.233,-0.83948,1.761,-2.5085,-1.5602,2.8039,1
1.233,-0.83859,1.7611,-2.5094,-1.5602,2.8039,1
1.233,-0.83775,1.7611,-2.5103,-1.5602,2.8039,1
1.233,-0.83695,1.7612,-2.5112,-1.5602,2.8039,1
1.233,-0.83618,1.7612,-2.512,-1.5602,2.8039,1
1.233,-0.83547,1.7613,-2.5127,-1.5602,2.8038,1
1.233,-0.83479,1.7613,-2.5135,-1.5602,2.8038,1
1.233,-0.83416,1.7613,-2.5141,-1.5602,2.8038,1
1.233,-0.83357,1.7614,-2.5148,-1.5602,2.8038,1
1.233,-0.83302,1.7614,-2.5153,-1.5602,2.8038,1
1.233,-0.83252,1.7614,-2.5159,-1.5602,2.8038,1
1.233,-0.83207,1.7615,-2.5164,-1.5602,2.8038,1
1.233,-0.83166,1.7615,-2.5168,-1.5602,2.8038,1
1.233,-0.8313,1.7615,-2.5172,-1.5602,2.8038,1
1.233,-0.83098,1.7615,-2.5175,-1.5602,2.8038,1
1.233,-0.83071,1.7616,-2.5178,-1.5602,2.8038,1
1.2329,-0.83049,1.7616,-2.518,-1.5602,2.8038,1
1.2329,-0.83032,1.7616,-2.5182,-1.5602,2.8038,1
1.2329,-0.83019,1.7616,-2.5184,-1.5602,2.8038,1
1.2329,-0.83012,1.7616,-2.5184,-1.5602,2.8038,1
1.2329,-0.83009,1.7616,-2.5185,-1.5602,2.8038,1
1.2329,-0.83009,1.7616,-2.5185,-1.5602,2.8038,0
1.2329,-0.83012,1.7616,-2.5184,-1.5602,2.8038,0
1.2329,-0.83019,1.7616,-2.5184,-1.5602,2.8038,0
1.2329,-0.83032,1.7616,-2.5182,-1.5602,2.8038,0
1.2329,-0.83049,1.7616,-2.518,-1.5602,2.8038,0
1.233,-0.83071,1.7616,-2.5178,-1.5602,2.8038,0
1.233,-0.83098,1.7615,-2.5175,-1.5602,2.8038,0
1.233,-0.8313,1.7615,-2.5172,-1.5602,2.8038,0
1.233,-0.83166,1.7615,-2.5168,-1.5602,2.8038,0
1.233,-0.83207,1.7615,-2.5164,-1.5602,2.8038,0
1.233,-0.83252,1.7614,-2.5159,-1.5602,2.8038,0
1.233,-0.83302,1.7614,-2.5153,-1.5602,2.8038,0
1.233,-0.83357,1.7614,-2.5148,-1.5602,2.8038,0
1.233,-0.83416,1.7613,-2.5141,-1.5602,2.8038,0
1.233,-0.83479,1.7613,-2.5135,-1.5602,2.8038,0
1.233,-0.83547,1.7613,-2.5127,-1.5602,2.8038,0
1.233,-0.83618,1.7612,-2.512,-1.5602,2.8039,0
1.233,-0.83695,1.7612,-2.5112,-1.5602,2.8039,0
1.233,-0.83775,1.7611,-2.5103,-1.5602,2.8039,0
1.233,-0.83859,1.7611,-2.5094,-1.5602,2.8039,0
1.233,-0.83948,1.761,-2.5085,-1.5602,2.8039,0
1.233,-0.8404,1.7609,-2.5075,-1.5602,2.8039,0
1.233,-0.84137,1.7609,-2.5065,-1.5602,2.8039,0
1.233,-0.84237,1.7608,-2.5054,-1.5602,2.8039,0
1.2331,-0.84341,1.7607,-2.5043,-1.5602,2.8039,0
1.2331,-0.84449,1.7607,-2.5031,-1.5602,2.8039,0
1.2331,-0.84561,1.7606,-2.502,-1.5602,2.8039,0
1.2331,-0.84676,1.7605,-2.5007,-1.5602,2.8039,0
1.2331,-0.84796,1.7603,-2.4995,-1.5602,2.804,0
1.2331,-0.84918,1.7602,-2.4982,-1.5602,2.804,0
1.2331,-0.85041,1.7601,-2.4968,-1.5602,2.804,0
1.2331,-0.85167,1.76,-2.4954,-1.5602,2.804,0
1.2331,-0.85296,1.7599,-2.494,-1.5602,2.804,0
1.2332,-0.85429,1.7597,-2.4926,-1.5602,2.804,0
1.2332,-0.85565,1.7596,-2.4911,-1.5602,2.804,0
1.2332,-0.85704,1.7595,-2.4895,-1.5602,2.804,0
1.2332,-0.85846,1.7593,-2.4879,-1.5602,2.804,0
1.2332,-0.85992,1.7592,-2.4863,-1.5602,2.8041,0
1.2332,-0.8614,1.759,-2.4846,-1.5602,2.8041,0
1.2332,-0.86292,1.7589,-2.4829,-1.5602,2.8041,0
1.2332,-0.86446,1.7587,-2.4812,-1.5602,2.8041,0
1.2333,-0.86603,1.7585,-2.4794,-1.5602,2.8041,0
1.2333,-0.86764,1.7583,-2.4776,-1.5602,2.8041,0
1.2333,-0.86927,1.758,-2.4758,-1.5602,2.8041,0
1.2333,-0.87093,1.7578,-2.4739,-1.5602,2.8042,0
1.2333,-0.87261,1.7576,-2.472,-1.5602,2.8042,0
1.2333,-0.87433,1.7574,-2.4701,-1.5602,2.8042,0
1.2333,-0.87607,1.7572,-2.4681,-1.5602,2.8042,0
1.2334,-0.87783,1.757,-2.4661,-1.5602,2.8042,0
1.2334,-0.87962,1.7567,-2.4641,-1.5602,2.8042,0
1.2334,-0.88143,1.7564,-2.462,-1.5602,2.8042,0
1.2334,-0.88327,1.7561,-2.46,-1.5602,2.8043,0
1.2334,-0.88508,1.7558,-2.4579,-1.5602,2.8043,0
1.2334,-0.8869,1.7555,-2.4557,-1.5602,2.8043,0
1.2335,-0.88875,1.7552,-2.4536,-1.5602,2.8043,0
1.2335,-0.89062,1.7549,-2.4514,-1.5602,2.8043,0
1.2335,-0.89252,1.7546,-2.4492,-1.5602,2.8043,0
1.2335,-0.89443,1.7543,-2.4469,-1.5602,2.8044,0
1.2335,-0.89636,1.7539,-2.4446,-1.5602,2.8044,0
1.2335,-0.89832,1.7535,-2.4422,-1.5602,2.8044,0
1.2336,-0.90029,1.7531,-2.4399,-1.5602,2.8044,0
1.2336,-0.90228,1.7527,-2.4375,-1.5602,2.8044,0
1.2336,-0.90429,1.7523,-2.4351,-1.5602,2.8045,0
1.2336,-0.90632,1.7519,-2.4327,-1.5602,2.8045,0
1.2336,-0.90836,1.7515,-2.4302,-1.5602,2.8045,0
1.2337,-0.91042,1.7511,-2.4278,-1.5602,2.8045,0
1.2337,-0.9125,1.7507,-2.4253,-1.5602,2.8045,0
1.2337,-0.91459,1.7502,-2.4228,-1.5602,2.8045,0
1.2337,-0.91664,1.7497,-2.4202,-1.5602,2.8046,0
1.2337,-0.91869,1.7492,-2.4177,-1.5602,2.8046,0
1.2337,-0.92076,1.7487,-2.4151,-1.5602,2.8046,0
1.2338,-0.92285,1.7482,-2.4126,-1.5602,2.8046,0
1.2338,-0.92495,1.7478,-2.41,-1.5602,2.8046,0
1.2338,-0.92706,1.7473,-2.4073,-1.5602,2.8047,0
1.2338,-0.92918,1.7467,-2.4046,-1.5602,2.8047,0
1.2338,-0.93131,1.7461,-2.4019,-1.5602,2.8047,0
1.2339,-0.93346,1.7456,-2.3992,-1.5602,2.8047,0
1.2339,-0.93562,1.745,-2.3965,-1.5602,2.8047,0
1.2339,-0.93778,1.7444,-2.3937,-1.5602,2.8048,0
1.2339,-0.93996,1.7438,-2.391,-1.5602,2.8048,0
1.2339,-0.94215,1.7432,-2.3882,-1.5602,2.8048,0
1.234,-0.94427,1.7426,-2.3854,-1.5602,2.8048,0
1.234,-0.9464,1.7419,-2.3826,-1.5602,2.8048,0
1.234,-0.94854,1.7412,-2.3798,-1.5602,2.8049,0
1.234,-0.95069,1.7406,-2.377,-1.5602,2.8049,0
1.234,-0.95284,1.7399,-2.3742,-1.5602,2.8049,0
1.2341,-0.955,1.7392,-2.3713,-1.5602,2.8049,0
1.2341,-0.95716,1.7386,-2.3685,-1.5602,2.8049,0
1.2341,-0.95934,1.7378,-2.3657,-1.5602,2.805,0
1.2341,-0.96151,1.7371,-2.3628,-1.5602,2.805,0
1.2342,-0.96369,1.7363,-2.3599,-1.5602,2.805,0
1.2342,-0.96588,1.7356,-2.357,-1.5602,2.805,0
1.2342,-0.96807,1.7348,-2.3541,-1.5602,2.8051,0
1.2342,-0.97018,1.7341,-2.3511,-1.5602,2.8051,0
1.2342,-0.97231,1.7333,-2.3482,-1.5602,2.8051,0
1.2343,-0.97443,1.7325,-2.3452,-1.5602,2.8051,0
1.2343,-0.97656,1.7316,-2.3422,-1.5602,2.8051,0
1.2343,-0.97868,1.7308,-2.3393,-1.5602,2.8052,0
1.2343,-0.98081,1.73,-2.3363,-1.5602,2.8052,0
1.2343,-0.98294,1.7291,-2.3334,-1.5602,2.8052,0
1.2344,-0.98507,1.7283,-2.3304,-1.5602,2.8052,0
1.2344,-0.9872,1.7275,-2.3274,-1.5602,2.8052,0
1.2344,-0.98933,1.7265,-2.3245,-1.5602,2.8053,0
1.2344,-0.99146,1.7256,-2.3215,-1.5602,2.8053,0
1.2344,-0.99351,1.7247,-2.3185,-1.5602,2.8053,0
1.2345,-0.99556,1.7238,-2.3156,-1.5602,2.8053,0
1.2345,-0.9976,1.7229,-2.3126,-1.5602,2.8053,0
1.2345,-0.99965,1.722,-2.3097,-1.5602,2.8054,0
1.2345,-1.0017,1.7211,-2.3067,-1.5602,2.8054,0
1.2346,-1.0037,1.7201,-2.3038,-1.5602,2.8054,0
1.2346,-1.0058,1.7191,-2.3008,-1.5602,2.8054,0
1.2346,-1.0078,1.7182,-2.2978,-1.5602,2.8055,0
1.2346,-1.0098,1.7172,-2.2948,-1.5602,2.8055,0
1.2346,-1.0118,1.7162,-2.2918,-1.5602,2.8055,0
1.2347,-1.0138,1.7153,-2.2888,-1.5602,2.8055,0
1.2347,-1.0157,1.7143,-2.2858,-1.5602,2.8055,0
1.2347,-1.0176,1.7133,-2.2828,-1.5602,2.8056,0
1.2347,-1.0196,1.7122,-2.2799,-1.5602,2.8056,0
1.2347,-1.0215,1.7112,-2.2769,-1.5602,2.8056,0
1.2348,-1.0234,1.7102,-2.274,-1.5602,2.8056,0
1.2348,-1.0253,1.7092,-2.2711,-1.5602,2.8056,0
1.2348,-1.0272,1.7081,-2.2682,-1.5602,2.8057,0
1.2348,-1.0291,1.7071,-2.2653,-1.5602,2.8057,0
1.2348,-1.031,1.706,-2.2624,-1.5602,2.8057,0
1.2349,-1.0327,1.705,-2.2595,-1.5602,2.8057,0
1.2349,-1.0345,1.7039,-2.2567,-1.5602,2.8057,0
1.2349,-1.0363,1.7028,-2.2538,-1.5602,2.8058,0
1.2349,-1.0381,1.7018,-2.251,-1.5602,2.8058,0
1.2349,-1.0398,1.7007,-2.2482,-1.5602,2.8058,0
1.235,-1.0416,1.6997,-2.2454,-1.5602,2.8058,0
1.235,-1.0433,1.6987,-2.2426,-1.5602,2.8058,0
1.235,-1.045,1.6976,-2.2399,-1.5602,2.8059,0
1.235,-1.0468,1.6965,-2.2372,-1.5602,2.8059,0
1.235,-1.0485,1.6954,-2.2344,-1.5602,2.8059,0
1.2351,-1.0501,1.6943,-2.2317,-1.5602,2.8059,0
1.2351,-1.0518,1.6932,-2.2289,-1.5602,2.8059,0
1.2351,-1.0533,1.6922,-2.2262,-1.5602,2.806,0
1.2351,-1.0549,1.6911,-2.2235,-1.5602,2.806,0
1.2351,-1.0565,1.6901,-2.2208,-1.5602,2.806,0
1.2352,-1.058,1.689,-2.2182,-1.5602,2.806,0
1.2352,-1.0596,1.6879,-2.2156,-1.5602,2.806,0
1.2352,-1.0611,1.6868,-2.213,-1.5602,2.806,0
1.2352,-1.0626,1.6858,-2.2104,-1.5602,2.8061,0
1.2352,-1.0641,1.6847,-2.2079,-1.5602,2.8061,0
1.2352,-1.0656,1.6837,-2.2053,-1.5602,2.8061,0
1.2353,-1.0671,1.6827,-2.2028,-1.5602,2.8061,0
1.2353,-1.0684,1.6816,-2.2004,-1.5602,2.8061,0
1.2353,-1.0698,1.6806,-2.1979,-1.5602,2.8061,0
1.2353,-1.0712,1.6795,-2.1955,-1.5602,2.8062,0
1.2353,-1.0725,1.6785,-2.1931,-1.5602,2.8062,0
1.2353,-1.0738,1.6774,-2.1908,-1.5602,2.8062,0
1.2354,-1.0751,1.6764,-2.1885,-1.5602,2.8062,0
1.2354,-1.0764,1.6754,-2.1862,-1.5602,2.8062,0
1.2354,-1.0777,1.6745,-2.1839,-1.5602,2.8062,0
1.2354,-1.0789,1.6735,-2.1817,-1.5602,2.8063,0
1.2354,-1.0802,1.6725,-2.1795,-1.5602,2.8063,0
1.2354,-1.0814,1.6716,-2.1774,-1.5602,2.8063,0
1.2355,-1.0826,1.6706,-2.1753,-1.5602,2.8063,0
1.2355,-1.0837,1.6696,-2.1732,-1.5602,2.8063,0
1.2355,-1.0848,1.6687,-2.1711,-1.5602,2.8063,0
1.2355,-1.0859,1.6678,-2.1691,-1.5602,2.8063,0
1.2355,-1.087,1.6669,-2.1672,-1.5602,2.8064,0
1.2355,-1.088,1.666,-2.1652,-1.5602,2.8064,0
1.2355,-1.089,1.6651,-2.1633,-1.5602,2.8064,0
1.2355,-1.09,1.6642,-2.1615,-1.5602,2.8064,0
1.2356,-1.091,1.6634,-2.1597,-1.5602,2.8064,0
1.2356,-1.092,1.6626,-2.1579,-1.5602,2.8064,0
1.2356,-1.0929,1.6618,-2.1562,-1.5602,2.8064,0
1.2356,-1.0938,1.661,-2.1545,-1.5602,2.8064,0
1.2356,-1.0947,1.6602,-2.1528,-1.5602,2.8065,0
1.2356,-1.0956,1.6594,-2.1512,-1.5602,2.8065,0
1.2356,-1.0964,1.6586,-2.1497,-1.5602,2.8065,0
1.2356,-1.0972,1.6579,-2.1481,-1.5602,2.8065,0
1.2356,-1.098,1.6572,-2.1467,-1.5602,2.8065,0
1.2357,-1.0988,1.6565,-2.1452,-1.5602,2.8065,0
1.2357,-1.0995,1.6558,-2.1438,-1.5602,2.8065,0
1.2357,-1.1002,1.6551,-2.1424,-1.5602,2.8065,0
1.2357,-1.1008,1.6545,-2.1411,-1.5602,2.8065,0
1.2357,-1.1015,1.6539,-2.1398,-1.5602,2.8065,0
1.2357,-1.1021,1.6533,-2.1386,-1.5602,2.8066,0
1.2357,-1.1027,1.6528,-2.1374,-1.5602,2.8066,0
1.2357,-1.1032,1.6522,-2.1363,-1.5602,2.8066,0
1.2357,-1.1038,1.6517,-2.1352,-1.5602,2.8066,0
1.2357,-1.1043,1.6513,-2.1342,-1.5602,2.8066,0
1.2357,-1.1048,1.6508,-2.1333,-1.5602,2.8066,0
1.2357,-1.1052,1.6503,-2.1324,-1.5602,2.8066,0
1.2358,-1.1057,1.6499,-2.1315,-1.5602,2.8066,0
1.2358,-1.1061,1.6495,-2.1307,-1.5602,2.8066,0
1.2358,-1.1064,1.6491,-2.1299,-1.5602,2.8066,0
1.2358,-1.1068,1.6488,-2.1293,-1.5602,2.8066,0
1.2358,-1.1071,1.6485,-2.1286,-1.5602,2.8066,0
1.2358,-1.1074,1.6482,-2.128,-1.5602,2.8066,0
1.2358,-1.1077,1.6479,-2.1275,-1.5602,2.8066,0
1.2358,-1.1079,1.6477,-2.1271,-1.5602,2.8066,0
1.2358,-1.1081,1.6475,-2.1267,-1.5602,2.8066,0
1.2358,-1.1083,1.6473,-2.1263,-1.5602,2.8066,0
1.2358,-1.1084,1.6472,-2.1261,-1.5602,2.8066,0
1.2358,-1.1085,1.6471,-2.1258,-1.5602,2.8066,0
1.2358,-1.1086,1.647,-2.1257,-1.5602,2.8066,0
1.2358,-1.1086,1.6469,-2.1256,-1.5602,2.8066,0
1.2358,-1.1086,1.6469,-2.1255,-1.5602,2.8066,0
