0.5241,-1.5716,0.0021334,-1.5721,-1.5713,6.7776e-08,0
0.51282,-1.5688,0.0020347,-1.5747,-1.581,5.5046e-05,0
0.50192,-1.5662,0.0019971,-1.5771,-1.5904,0.00022061,0
0.49138,-1.5637,0.0020235,-1.5792,-1.5995,0.00049738,0
0.47695,-1.5625,0.0020788,-1.5798,-1.604,0.00088351,0
0.46375,-1.5613,0.0022225,-1.5805,-1.6091,0.0013778,0
0.45154,-1.56,0.0024474,-1.581,-1.6146,0.0019805,0
0.44015,-1.5587,0.0027504,-1.5814,-1.6204,0.0026919,0
0.42946,-1.5575,0.0031304,-1.5817,-1.6263,0.0035127,0
0.4194,-1.5563,0.0035877,-1.5818,-1.6323,0.0044436,0
0.40989,-1.5551,0.0041228,-1.5818,-1.6383,0.0054858,0
0.40091,-1.554,0.0047364,-1.5815,-1.6444,0.0066402,0
0.39239,-1.553,0.0054292,-1.5811,-1.6506,0.007908,0
0.3843,-1.552,0.0062022,-1.5804,-1.6567,0.0092906,0
0.37661,-1.5511,0.007056,-1.5796,-1.6628,0.010789,0
0.36928,-1.5503,0.0079912,-1.5785,-1.6688,0.012405,0
0.3623,-1.5496,0.0090083,-1.5772,-1.6748,0.01414,0
0.35562,-1.549,0.010108,-1.5757,-1.6808,0.015995,0
0.34922,-1.5484,0.01129,-1.574,-1.6867,0.017971,0
0.34308,-1.548,0.012555,-1.572,-1.6925,0.020069,0
0.33717,-1.5476,0.013903,-1.5698,-1.6982,0.022291,0
0.33148,-1.5473,0.015334,-1.5674,-1.7039,0.024636,0
0.32598,-1.5471,0.016847,-1.5648,-1.7094,0.027106,0
0.32065,-1.547,0.018444,-1.562,-1.7148,0.029701,0
0.31547,-1.547,0.020122,-1.5589,-1.7201,0.032422,0
0.31043,-1.547,0.021883,-1.5556,-1.7253,0.035267,0
0.3055,-1.5472,0.023726,-1.5521,-1.7303,0.038238,0
0.30069,-1.5474,0.02565,-1.5483,-1.7352,0.041333,0
0.29596,-1.5478,0.027655,-1.5444,-1.74,0.044552,0
0.2793,-1.7718,0.50401,-1.7968,-1.7315,0.045976,0
0.26399,-1.7817,0.52141,-1.8043,-1.7241,0.047586,0
0.24896,-1.7915,0.53872,-1.8116,-1.7169,0.049291,0
0.23419,-1.8012,0.55596,-1.8187,-1.7098,0.051085,0
0.21971,-1.811,0.57311,-1.8256,-1.7027,0.052965,0
0.20552,-1.8207,0.59021,-1.8323,-1.6958,0.054924,0
0.19163,-1.8303,0.60724,-1.8389,-1.6891,0.05696,0
0.17807,-1.8399,0.62422,-1.8453,-1.6826,0.05907,0
0.16485,-1.8495,0.64115,-1.8515,-1.6763,0.061252,0
0.15201,-1.8589,0.65803,-1.8577,-1.6702,0.063503,0
0.13957,-1.8683,0.67487,-1.8637,-1.6644,0.065825,0
0.12757,-1.8776,0.69166,-1.8696,-1.6589,0.068217,0
0.11605,-1.8869,0.70842,-1.8755,-1.6538,0.07068,0
0.10506,-1.896,0.72514,-1.8813,-1.6492,0.073219,0
0.094639,-1.9049,0.74182,-1.8871,-1.645,0.075835,0
0.08485,-1.9138,0.75848,-1.8928,-1.6413,0.078535,0
0.075738,-1.9224,0.7751,-1.8986,-1.6383,0.081324,0
0.067348,-1.9309,0.7917,-1.9044,-1.6359,0.084207,0
0.059718,-1.9392,0.80828,-1.9103,-1.6341,0.087192,0
0.052871,-1.9473,0.82483,-1.9162,-1.6331,0.090283,0
0.046819,-1.9552,0.84135,-1.9222,-1.6327,0.093487,0
0.041555,-1.9629,0.85786,-1.9282,-1.6331,0.096807,0
0.037056,-1.9704,0.87434,-1.9343,-1.6342,0.10025,0
0.033286,-1.9776,0.8908,-1.9405,-1.636,0.10381,0
0.0302,-1.9847,0.90723,-1.9468,-1.6383,0.10749,0
0.027745,-1.9916,0.92364,-1.953,-1.6413,0.11129,0
0.025867,-1.9984,0.94002,-1.9593,-1.6447,0.11521,0
0.024513,-2.005,0.95638,-1.9656,-1.6486,0.11926,0
0.023633,-2.0115,0.9727,-1.972,-1.653,0.12342,0
0.02318,-2.0179,0.989,-1.9782,-1.6577,0.1277,0
0.023113,-2.0242,1.0053,-1.9845,-1.6627,0.13209,0
0.023396,-2.0303,1.0215,-1.9907,-1.6681,0.1366,0
0.023997,-2.0364,1.0377,-1.9969,-1.6737,0.14123,0
0.02489,-2.0424,1.0539,-2.003,-1.6795,0.14598,0
0.02605,-2.0483,1.07,-2.0091,-1.6856,0.15084,0
0.027458,-2.0541,1.0861,-2.0151,-1.6919,0.15582,0
0.029096,-2.0599,1.1021,-2.021,-1.6983,0.16092,0
0.03095,-2.0656,1.1181,-2.0269,-1.7049,0.16614,0
0.033006,-2.0713,1.1341,-2.0327,-1.7117,0.17149,0
0.035255,-2.0768,1.15,-2.0383,-1.7186,0.17696,0
0.037687,-2.0824,1.1659,-2.044,-1.7257,0.18255,0
0.040294,-2.0878,1.1818,-2.0495,-1.7329,0.18828,0
0.043068,-2.0932,1.1976,-2.0549,-1.7402,0.19413,0
0.046004,-2.0986,1.2133,-2.0602,-1.7476,0.20012,0
0.049097,-2.1039,1.229,-2.0654,-1.7552,0.20625,0
0.052342,-2.1091,1.2447,-2.0706,-1.7628,0.21251,0
0.055734,-2.1143,1.2603,-2.0756,-1.7706,0.21892,0
0.059271,-2.1194,1.2759,-2.0805,-1.7784,0.22546,0
0.06295,-2.1245,1.2914,-2.0853,-1.7863,0.23216,0
0.066767,-2.1295,1.3068,-2.09,-1.7944,0.23901,0
0.070721,-2.1345,1.3222,-2.0946,-1.8025,0.24601,0
0.074808,-2.1394,1.3376,-2.0991,-1.8106,0.25317,0
0.079028,-2.1442,1.3529,-2.1035,-1.8189,0.26048,0
0.083379,-2.149,1.3681,-2.1077,-1.8272,0.26797,0
0.087858,-2.1538,1.3833,-2.1119,-1.8356,0.27562,0
0.092465,-2.1584,1.3984,-2.1159,-1.8441,0.28344,0
0.097199,-2.1631,1.4134,-2.1197,-1.8526,0.29143,0
0.10206,-2.1676,1.4284,-2.1235,-1.8612,0.29961,0
0.10704,-2.1721,1.4433,-2.1271,-1.8699,0.30797,0
0.11215,-2.1765,1.4582,-2.1306,-1.8786,0.31651,0
0.11737,-2.1809,1.473,-2.1339,-1.8874,0.32525,0
0.12272,-2.1852,1.4877,-2.1371,-1.8962,0.33418,0
0.12819,-2.1894,1.5023,-2.1401,-1.905,0.34331,0
0.13378,-2.1936,1.5169,-2.143,-1.9139,0.35265,0
0.13949,-2.1977,1.5314,-2.1457,-1.9228,0.36219,0
0.14532,-2.2017,1.5458,-2.1483,-1.9318,0.37195,0
0.15126,-2.2056,1.5601,-2.1507,-1.9408,0.38193,0
0.15732,-2.2095,1.5744,-2.153,-1.9498,0.39213,0
0.16349,-2.2133,1.5885,-2.155,-1.9588,0.40255,0
0.16978,-2.2171,1.6026,-2.1569,-1.9679,0.41321,0
0.17618,-2.2207,1.6165,-2.1586,-1.9769,0.42411,0
0.18269,-2.2243,1.6304,-2.1601,-1.986,0.43525,0
0.18931,-2.2278,1.6442,-2.1615,-1.995,0.44663,0
0.19605,-2.2312,1.6579,-2.1626,-2.0041,0.45827,0
0.20289,-2.2345,1.6715,-2.1635,-2.0131,0.47016,0
0.20984,-2.2378,1.6849,-2.1642,-2.0222,0.48231,0
0.21689,-2.2409,1.6983,-2.1648,-2.0312,0.49473,0
0.22406,-2.244,1.7116,-2.165,-2.0401,0.50742,0
0.23132,-2.247,1.7247,-2.1651,-2.0491,0.52039,0
0.23869,-2.2499,1.7377,-2.1649,-2.058,0.53364,0
0.24616,-2.2527,1.7506,-2.1645,-2.0668,0.54718,0
0.25372,-2.2554,1.7634,-2.1639,-2.0756,0.561,0
0.26139,-2.258,1.776,-2.163,-2.0843,0.57512,0
0.26915,-2.2605,1.7885,-2.1619,-2.093,0.58953,0
0.277,-2.2629,1.8009,-2.1605,-2.1016,0.60425,0
0.28495,-2.2651,1.8131,-2.1589,-2.1101,0.61927,0
0.29298,-2.2673,1.8252,-2.157,-2.1185,0.6346,0
0.3011,-2.2694,1.8371,-2.1548,-2.1268,0.65025,0
0.30931,-2.2713,1.8489,-2.1524,-2.135,0.66621,0
0.3176,-2.2732,1.8605,-2.1497,-2.143,0.68248,0
0.32598,-2.2749,1.872,-2.1467,-2.151,0.69908,0
0.33443,-2.2765,1.8833,-2.1434,-2.1588,0.71599,0
0.34295,-2.2779,1.8944,-2.1399,-2.1665,0.73323,0
0.35155,-2.2792,1.9053,-2.1361,-2.174,0.75078,0
0.36022,-2.2804,1.9161,-2.132,-2.1813,0.76866,0
0.36896,-2.2815,1.9267,-2.1277,-2.1885,0.78686,0
0.37777,-2.2824,1.9371,-2.1231,-2.1955,0.80538,0
0.38664,-2.2831,1.9474,-2.1182,-2.2023,0.82421,0
0.39556,-2.2838,1.9574,-2.113,-2.2089,0.84336,0
0.40455,-2.2842,1.9672,-2.1076,-2.2153,0.86281,0
0.41358,-2.2845,1.9769,-2.1019,-2.2214,0.88257,0
0.42267,-2.2846,1.9863,-2.096,-2.2274,0.90263,0
0.4318,-2.2845,1.9956,-2.0899,-2.2331,0.92298,0
0.44098,-2.2843,2.0046,-2.0836,-2.2386,0.94361,0
0.4502,-2.2839,2.0135,-2.077,-2.2438,0.96452,0
0.45946,-2.2833,2.0221,-2.0702,-2.2488,0.98569,0
0.46875,-2.2824,2.0305,-2.0633,-2.2534,1.0071,0
0.47807,-2.2814,2.0387,-2.0562,-2.2579,1.0288,0
0.48742,-2.2802,2.0467,-2.0489,-2.262,1.0507,0
0.49679,-2.2788,2.0545,-2.0415,-2.2658,1.0728,0
0.50619,-2.2771,2.0621,-2.0341,-2.2694,1.0951,0
0.5156,-2.2752,2.0695,-2.0265,-2.2726,1.1176,0
0.52502,-2.2731,2.0767,-2.0189,-2.2756,1.1403,0
0.53445,-2.2707,2.0837,-2.0112,-2.2782,1.1632,0
0.54389,-2.2681,2.0904,-2.0035,-2.2805,1.1861,0
0.55334,-2.2653,2.097,-1.9958,-2.2825,1.2092,0
0.56278,-2.2621,2.1034,-1.9882,-2.2842,1.2324,0
0.57222,-2.2588,2.1096,-1.9806,-2.2856,1.2557,0
0.58165,-2.2551,2.1156,-1.9732,-2.2866,1.279,0
0.59107,-2.2512,2.1214,-1.9658,-2.2873,1.3024,0
0.60048,-2.2471,2.127,-1.9586,-2.2877,1.3258,0
0.60987,-2.2426,2.1324,-1.9515,-2.2878,1.3492,0
0.61924,-2.2379,2.1377,-1.9447,-2.2875,1.3726,0
0.62858,-2.2329,2.1428,-1.9381,-2.2869,1.3959,0
0.6379,-2.2276,2.1477,-1.9317,-2.286,1.4192,0
0.64719,-2.222,2.1524,-1.9256,-2.2848,1.4424,0
0.65644,-2.2161,2.157,-1.9197,-2.2833,1.4655,0
0.66566,-2.2099,2.1614,-1.9142,-2.2814,1.4885,0
0.67484,-2.2035,2.1657,-1.909,-2.2793,1.5114,0
0.68397,-2.1968,2.1698,-1.9042,-2.2768,1.5341,0
0.69306,-2.1898,2.1738,-1.8997,-2.2741,1.5566,0
0.70211,-2.1825,2.1776,-1.8956,-2.2711,1.579,0
0.7111,-2.1749,2.1813,-1.8919,-2.2678,1.6012,0
0.72004,-2.167,2.1849,-1.8886,-2.2643,1.6232,0
0.72892,-2.1589,2.1883,-1.8857,-2.2605,1.6449,0
0.73774,-2.1505,2.1915,-1.8833,-2.2564,1.6664,0
0.74651,-2.1418,2.1946,-1.8812,-2.2521,1.6877,0
0.75521,-2.1329,2.1976,-1.8796,-2.2475,1.7088,0
0.76384,-2.1237,2.2004,-1.8784,-2.2428,1.7296,0
0.77241,-2.1143,2.2031,-1.8776,-2.2378,1.7501,0
0.78091,-2.1046,2.2057,-1.8773,-2.2326,1.7704,0
0.78933,-2.0947,2.2081,-1.8774,-2.2271,1.7904,0
0.79769,-2.0845,2.2104,-1.8779,-2.2215,1.8101,0
0.80597,-2.0741,2.2125,-1.8789,-2.2158,1.8295,0
0.81417,-2.0635,2.2145,-1.8802,-2.2098,1.8486,0
0.82229,-2.0526,2.2163,-1.8819,-2.2037,1.8675,0
0.83034,-2.0416,2.218,-1.8841,-2.1974,1.886,0
0.8383,-2.0303,2.2195,-1.8866,-2.191,1.9043,0
0.84618,-2.0189,2.2209,-1.8895,-2.1844,1.9223,0
0.85398,-2.0073,2.2221,-1.8927,-2.1777,1.94,0
0.8617,-1.9955,2.2232,-1.8963,-2.1709,1.9574,0
0.86932,-1.9835,2.2241,-1.9002,-2.164,1.9746,0
0.87686,-1.9714,2.2248,-1.9044,-2.1569,1.9914,0
0.88432,-1.9591,2.2254,-1.9089,-2.1498,2.008,0
0.89168,-1.9466,2.2258,-1.9137,-2.1426,2.0243,0
0.89896,-1.9341,2.226,-1.9188,-2.1352,2.0403,0
0.90614,-1.9214,2.2261,-1.9241,-2.1279,2.056,0
0.91324,-1.9086,2.2259,-1.9297,-2.1204,2.0715,0
0.92024,-1.8957,2.2256,-1.9355,-2.1129,2.0867,0
0.92715,-1.8827,2.2252,-1.9415,-2.1053,2.1016,0
0.93397,-1.8696,2.2245,-1.9476,-2.0977,2.1163,0
0.9407,-1.8564,2.2237,-1.954,-2.0901,2.1308,0
0.94734,-1.8432,2.2227,-1.9605,-2.0824,2.145,0
0.95388,-1.8299,2.2215,-1.9671,-2.0746,2.1589,0
0.96033,-1.8166,2.2201,-1.9738,-2.0669,2.1726,0
0.96669,-1.8032,2.2185,-1.9807,-2.0591,2.1861,0
0.97295,-1.7898,2.2168,-1.9877,-2.0513,2.1993,0
0.97913,-1.7763,2.2148,-1.9947,-2.0435,2.2123,0
0.98521,-1.7629,2.2127,-2.0018,-2.0357,2.2251,0
0.99119,-1.7494,2.2104,-2.0089,-2.028,2.2377,0
0.99709,-1.736,2.208,-2.0161,-2.0202,2.2501,0
1.0029,-1.7225,2.2053,-2.0233,-2.0124,2.2622,0
1.0086,-1.7091,2.2025,-2.0305,-2.0046,2.2742,0
1.0142,-1.6957,2.1995,-2.0377,-1.9969,2.2859,0
1.0198,-1.6824,2.1963,-2.045,-1.9891,2.2975,0
1.0252,-1.6691,2.193,-2.0521,-1.9814,2.3088,0
1.0305,-1.6558,2.1895,-2.0593,-1.9737,2.32,0
1.0358,-1.6426,2.1858,-2.0664,-1.9661,2.331,0
1.041,-1.6294,2.182,-2.0735,-1.9585,2.3418,0
1.0461,-1.6164,2.178,-2.0805,-1.9509,2.3524,0
1.0511,-1.6033,2.1738,-2.0874,-1.9433,2.3629,0
1.056,-1.5904,2.1695,-2.0943,-1.9358,2.3732,0
1.0608,-1.5776,2.1651,-2.101,-1.9284,2.3833,0
1.0655,-1.5648,2.1605,-2.1077,-1.921,2.3933,0
1.0702,-1.5522,2.1558,-2.1143,-1.9136,2.4031,0
1.0747,-1.5396,2.1509,-2.1208,-1.9063,2.4127,0
1.0792,-1.5272,2.1459,-2.1273,-1.8991,2.4222,0
1.0836,-1.5148,2.1408,-2.1335,-1.8919,2.4315,0
1.0879,-1.5026,2.1355,-2.1397,-1.8847,2.4407,0
1.0922,-1.4904,2.1302,-2.1458,-1.8776,2.4497,0
1.0963,-1.4784,2.1247,-2.1518,-1.8706,2.4586,0
1.1004,-1.4666,2.1191,-2.1576,-1.8637,2.4674,0
1.1044,-1.4548,2.1134,-2.1633,-1.8568,2.476,0
1.1083,-1.4432,2.1076,-2.1689,-1.8499,2.4845,0
1.1121,-1.4316,2.1017,-2.1744,-1.8432,2.4928,0
1.1159,-1.4203,2.0957,-2.1798,-1.8365,2.5011,0
1.1196,-1.409,2.0897,-2.185,-1.8298,2.5091,0
1.1232,-1.3979,2.0835,-2.1901,-1.8233,2.5171,0
1.1267,-1.3869,2.0773,-2.1951,-1.8168,2.5249,0
1.1302,-1.3761,2.071,-2.1999,-1.8104,2.5326,0
1.1336,-1.3653,2.0647,-2.2046,-1.804,2.5402,0
1.1369,-1.3548,2.0582,-2.2092,-1.7978,2.5477,0
1.1402,-1.3443,2.0518,-2.2137,-1.7916,2.555,0
1.1434,-1.334,2.0452,-2.218,-1.7855,2.5623,0
1.1465,-1.3239,2.0387,-2.2222,-1.7794,2.5694,0
1.1495,-1.3139,2.0321,-2.2263,-1.7735,2.5764,0
1.1525,-1.304,2.0254,-2.2303,-1.7676,2.5833,0
1.1554,-1.2943,2.0187,-2.2342,-1.7618,2.59,0
1.1583,-1.2847,2.012,-2.2379,-1.756,2.5967,0
1.161,-1.2752,2.0053,-2.2415,-1.7504,2.6032,0
1.1638,-1.2659,1.9985,-2.245,-1.7448,2.6097,0
1.1664,-1.2568,1.9918,-2.2484,-1.7394,2.616,0
1.169,-1.2477,1.985,-2.2517,-1.734,2.6222,0
1.1716,-1.2389,1.9782,-2.2549,-1.7286,2.6284,0
1.174,-1.2301,1.9715,-2.2579,-1.7234,2.6344,0
1.1764,-1.2215,1.9647,-2.2609,-1.7182,2.6403,0
1.1788,-1.2131,1.958,-2.2638,-1.7132,2.6461,0
1.1811,-1.2048,1.9512,-2.2665,-1.7082,2.6518,0
1.1834,-1.1966,1.9445,-2.2692,-1.7033,2.6574,0
1.1855,-1.1886,1.9378,-2.2717,-1.6985,2.6629,0
1.1877,-1.1807,1.9311,-2.2742,-1.6937,2.6683,0
1.1898,-1.173,1.9245,-2.2765,-1.6891,2.6736,0
1.1918,-1.1654,1.9179,-2.2788,-1.6845,2.6787,0
1.1938,-1.158,1.9114,-2.281,-1.68,2.6838,0
1.1957,-1.1506,1.9049,-2.2831,-1.6756,2.6888,0
1.1975,-1.1435,1.8984,-2.2851,-1.6713,2.6937,0
1.1994,-1.1365,1.892,-2.2871,-1.6671,2.6985,0
1.2011,-1.1296,1.8857,-2.2889,-1.663,2.7032,0
1.2028,-1.1229,1.8794,-2.2907,-1.6589,2.7078,0
1.2045,-1.1163,1.8732,-2.2924,-1.655,2.7122,0
1.2061,-1.1098,1.8671,-2.2941,-1.6511,2.7166,0
1.2077,-1.1035,1.861,-2.2956,-1.6473,2.7209,0
1.2092,-1.0974,1.855,-2.2971,-1.6436,2.7251,0
1.2107,-1.0914,1.8491,-2.2985,-1.64,2.7292,0
1.2122,-1.0855,1.8433,-2.2999,-1.6365,2.7332,0
1.2136,-1.0798,1.8376,-2.3012,-1.6331,2.7371,0
1.2149,-1.0742,1.832,-2.3024,-1.6297,2.7409,0
1.2162,-1.0688,1.8265,-2.3036,-1.6265,2.7446,0
1.2175,-1.0635,1.8211,-2.3047,-1.6233,2.7482,0
1.2187,-1.0584,1.8158,-2.3058,-1.6202,2.7516,0
1.2199,-1.0534,1.8106,-2.3068,-1.6172,2.755,0
1.221,-1.0485,1.8055,-2.3078,-1.6143,2.7583,0
1.2221,-1.0438,1.8006,-2.3087,-1.6115,2.7615,0
1.2232,-1.0393,1.7958,-2.3095,-1.6088,2.7646,0
1.2242,-1.0349,1.7911,-2.3104,-1.6062,2.7676,0
1.2251,-1.0306,1.7865,-2.3111,-1.6037,2.7705,0
1.2261,-1.0265,1.782,-2.3118,-1.6012,2.7732,0
1.227,-1.0226,1.7778,-2.3125,-1.5989,2.7759,0
1.2278,-1.0188,1.7736,-2.3132,-1.5966,2.7785,0
1.2286,-1.0151,1.7696,-2.3138,-1.5944,2.781,0
1.2294,-1.0116,1.7657,-2.3144,-1.5924,2.7833,0
1.2302,-1.0083,1.762,-2.3149,-1.5904,2.7856,0
1.2309,-1.0051,1.7584,-2.3154,-1.5885,2.7877,0
1.2315,-1.0021,1.755,-2.3159,-1.5867,2.7898,0
1.2322,-0.99918,1.7518,-2.3163,-1.585,2.7917,0
1.2328,-0.99646,1.7487,-2.3167,-1.5834,2.7936,0
1.2333,-0.9939,1.7458,-2.3171,-1.5819,2.7953,0
1.2338,-0.9915,1.7431,-2.3174,-1.5804,2.7969,0
1.2343,-0.98925,1.7405,-2.3177,-1.5791,2.7985,0
1.2348,-0.98717,1.7381,-2.318,-1.5779,2.7999,0
1.2352,-0.98524,1.7359,-2.3183,-1.5767,2.8012,0
1.2355,-0.98348,1.7339,-2.3185,-1.5757,2.8024,0
1.2359,-0.98189,1.732,-2.3187,-1.5748,2.8034,0
1.2362,-0.98045,1.7304,-2.3189,-1.5739,2.8044,0
1.2364,-0.97918,1.7289,-2.3191,-1.5732,2.8053,0
1.2367,-0.97808,1.7276,-2.3192,-1.5725,2.806,0
1.2369,-0.97715,1.7265,-2.3193,-1.572,2.8066,0
1.237,-0.97638,1.7256,-2.3194,-1.5715,2.8072,0
1.2372,-0.97578,1.7249,-2.3195,-1.5712,2.8076,0
1.2372,-0.97536,1.7244,-2.3195,-1.5709,2.8078,0
1.2373,-0.9751,1.7241,-2.3196,-1.5708,2.808,0
1.2373,-0.97502,1.724,-2.3196,-1.5707,2.8081,0
1.2373,-0.97502,1.724,-2.3196,-1.5707,2.8081,0
1.2373,-0.97486,1.724,-2.3198,-1.5707,2.8081,0
1.2373,-0.97437,1.7242,-2.3205,-1.5707,2.8081,0
1.2373,-0.97357,1.7245,-2.3216,-1.5707,2.808,0
1.2373,-0.97247,1.7249,-2.3231,-1.5707,2.808,0
1.2373,-0.97109,1.7255,-2.325,-1.5707,2.808,0
1.2373,-0.96942,1.7261,-2.3273,-1.5707,2.808,0
1.2373,-0.96749,1.7268,-2.33,-1.5707,2.808,0
1.2373,-0.96531,1.7276,-2.333,-1.5707,2.808,0
1.2372,-0.96289,1.7285,-2.3363,-1.5707,2.808,0
1.2372,-0.96024,1.7295,-2.3399,-1.5707,2.808,0
1.2372,-0.95737,1.7304,-2.3438,-1.5707,2.808,0
1.2372,-0.95429,1.7315,-2.3479,-1.5708,2.808,0
1.2372,-0.95102,1.7326,-2.3523,-1.5708,2.808,0
1.2372,-0.94756,1.7337,-2.3568,-1.5708,2.808,0
1.2372,-0.94393,1.7348,-2.3616,-1.5708,2.808,0
1.2372,-0.94014,1.736,-2.3665,-1.5708,2.808,0
1.2372,-0.9362,1.7371,-2.3716,-1.5708,2.808,0
1.2372,-0.93213,1.7383,-2.3769,-1.5708,2.808,0
1.2372,-0.92794,1.7394,-2.3822,-1.5708,2.808,0
1.2372,-0.92363,1.7406,-2.3876,-1.5708,2.808,0
1.2372,-0.91923,1.7417,-2.3931,-1.5708,2.808,0
1.2372,-0.91475,1.7427,-2.3987,-1.5708,2.808,0
1.2372,-0.9102,1.7438,-2.4043,-1.5708,2.808,0
1.2372,-0.90559,1.7448,-2.4099,-1.5708,2.808,0
1.2372,-0.90095,1.7458,-2.4156,-1.5708,2.808,0
1.2372,-0.89628,1.7467,-2.4211,-1.5708,2.808,0
1.2372,-0.8916,1.7476,-2.4267,-1.5708,2.808,0
1.2372,-0.88693,1.7484,-2.4322,-1.5708,2.808,0
1.2372,-0.88228,1.7492,-2.4376,-1.5708,2.808,0
1.2372,-0.87767,1.7499,-2.443,-1.5708,2.808,0
1.2372,-0.87311,1.7506,-2.4482,-1.5708,2.808,0
1.2372,-0.86863,1.7512,-2.4533,-1.5708,2.808,0
1.2372,-0.86423,1.7518,-2.4583,-1.5708,2.808,0
1.2372,-0.85994,1.7523,-2.4631,-1.5708,2.808,0
1.2372,-0.85577,1.7528,-2.4677,-1.5708,2.808,0
1.2372,-0.85175,1.7532,-2.4722,-1.5708,2.808,0
1.2372,-0.84788,1.7535,-2.4764,-1.5708,2.808,0
1.2372,-0.84418,1.7539,-2.4804,-1.5708,2.808,0
1.2372,-0.84068,1.7541,-2.4842,-1.5708,2.808,0
1.2372,-0.83739,1.7544,-2.4878,-1.5708,2.808,0
1.2372,-0.83433,1.7546,-2.491,-1.5708,2.808,0
1.2372,-0.83152,1.7548,-2.494,-1.5708,2.808,0
1.2372,-0.82897,1.7549,-2.4967,-1.5708,2.808,0
1.2372,-0.82671,1.755,-2.4991,-1.5708,2.808,0
1.2372,-0.82474,1.7551,-2.5011,-1.5708,2.808,0
1.2372,-0.8231,1.7552,-2.5029,-1.5708,2.808,0
1.2372,-0.82179,1.7552,-2.5042,-1.5708,2.808,0
1.2372,-0.82083,1.7553,-2.5052,-1.5708,2.808,0
1.2372,-0.82024,1.7553,-2.5058,-1.5708,2.808,0
1.2372,-0.82004,1.7553,-2.506,-1.5708,2.808,0
1.2372,-0.82003,1.7553,-2.506,-1.5708,2.808,1
1.2372,-0.82023,1.7553,-2.5058,-1.5708,2.808,1
1.2372,-0.82081,1.7552,-2.5052,-1.5708,2.808,1
1.2372,-0.82176,1.7552,-2.5042,-1.5708,2.8079,1
1.2372,-0.82307,1.7551,-2.5028,-1.5708,2.8079,1
1.2372,-0.82471,1.755,-2.5011,-1.5708,2.8079,1
1.2372,-0.82667,1.7549,-2.499,-1.5708,2.8079,1
1.2372,-0.82893,1.7548,-2.4966,-1.5708,2.8079,1
1.2372,-0.83147,1.7546,-2.4939,-1.5708,2.8079,1
1.2372,-0.83428,1.7545,-2.491,-1.5708,2.8079,1
1.2372,-0.83734,1.7542,-2.4877,-1.5708,2.8079,1
1.2372,-0.84063,1.754,-2.4841,-1.5708,2.8079,1
1.2372,-0.84414,1.7537,-2.4804,-1.5708,2.8079,1
1.2372,-0.84783,1.7534,-2.4763,-1.5708,2.8079,1
1.2372,-0.85171,1.753,-2.4721,-1.5708,2.8079,1
1.2372,-0.85574,1.7526,-2.4677,-1.5708,2.8079,1
1.2371,-0.85991,1.7522,-2.463,-1.5708,2.8079,1
1.2371,-0.86421,1.7517,-2.4582,-1.5708,2.8079,1
1.2371,-0.86862,1.7511,-2.4533,-1.5708,2.8079,1
1.2371,-0.87311,1.7505,-2.4482,-1.5708,2.8079,1
1.2371,-0.87768,1.7498,-2.443,-1.5708,2.8079,1
1.2371,-0.8823,1.7491,-2.4376,-1.5708,2.8079,1
1.2371,-0.88697,1.7484,-2.4322,-1.5708,2.8079,1
1.2371,-0.89165,1.7476,-2.4267,-1.5708,2.8079,1
1.2371,-0.89634,1.7467,-2.4212,-1.5708,2.8079,1
1.2371,-0.90103,1.7458,-2.4156,-1.5708,2.8079,1
1.2371,-0.90569,1.7449,-2.41,-1.5708,2.8079,1
1.2371,-0.91031,1.7439,-2.4043,-1.5708,2.8079,1
1.2371,-0.91488,1.7428,-2.3987,-1.5708,2.8079,1
1.2371,-0.91937,1.7418,-2.3932,-1.5708,2.8079,1
1.2371,-0.92379,1.7407,-2.3877,-1.5708,2.8079,1
1.2371,-0.92811,1.7396,-2.3823,-1.5708,2.8079,1
1.2371,-0.93232,1.7384,-2.3769,-1.5708,2.8079,1
1.2371,-0.9364,1.7373,-2.3717,-1.5708,2.8079,1
1.2371,-0.94035,1.7362,-2.3666,-1.5708,2.8079,1
1.2371,-0.94415,1.735,-2.3617,-1.5708,2.8079,1
1.2371,-0.9478,1.7339,-2.3569,-1.5708,2.8079,1
1.2371,-0.95126,1.7328,-2.3523,-1.5708,2.8079,1
1.2371,-0.95454,1.7317,-2.348,-1.5708,2.8079,1
1.2371,-0.95763,1.7307,-2.3438,-1.5708,2.8079,1
1.2371,-0.96051,1.7297,-2.3399,-1.5708,2.8079,1
1.2371,-0.96316,1.7287,-2.3363,-1.5708,2.8079,1
1.2371,-0.96559,1.7278,-2.333,-1.5708,2.8079,1
1.2371,-0.96777,1.727,-2.33,-1.5708,2.8079,1
1.2371,-0.9697,1.7263,-2.3274,-1.5708,2.8079,1
1.2371,-0.97137,1.7256,-2.3251,-1.5708,2.8079,1
1.2371,-0.97275,1.7251,-2.3231,-1.5708,2.8079,1
1.2371,-0.97385,1.7247,-2.3216,-1.5708,2.8079,1
1.2371,-0.97465,1.7243,-2.3205,-1.5708,2.8079,1
1.2371,-0.97514,1.7241,-2.3198,-1.5708,2.8079,1
1.2371,-0.9753,1.7241,-2.3196,-1.5708,2.8079,1
1.2371,-0.97529,1.724,-2.3195,-1.5708,2.8079,1
1.2372,-0.9753,1.7241,-2.3196,-1.5708,2.8079,1
1.2372,-0.97533,1.7241,-2.3196,-1.5708,2.808,1
1.2372,-0.97538,1.7242,-2.3196,-1.5708,2.808,1
1.2373,-0.97546,1.7244,-2.3197,-1.5708,2.8081,1
1.2374,-0.97555,1.7245,-2.3198,-1.5708,2.8082,1
1.2376,-0.97567,1.7248,-2.3199,-1.5708,2.8084,1
1.2377,-0.97582,1.725,-2.32,-1.5708,2.8085,1
1.2379,-0.97598,1.7254,-2.3202,-1.5708,2.8087,1
1.2381,-0.97617,1.7257,-2.3203,-1.5708,2.8089,1
1.2383,-0.97638,1.7261,-2.3205,-1.5708,2.8091,1
1.2386,-0.97662,1.7265,-2.3207,-1.5708,2.8094,1
1.2388,-0.97687,1.727,-2.3209,-1.5708,2.8096,1
1.2391,-0.97715,1.7275,-2.3212,-1.5708,2.8099,1
1.2394,-0.97745,1.7281,-2.3215,-1.5708,2.8102,1
1.2398,-0.97777,1.7287,-2.3217,-1.5708,2.8106,1
1.2401,-0.97811,1.7294,-2.322,-1.5708,2.8109,1
1.2405,-0.97848,1.73,-2.3224,-1.5708,2.8113,1
1.2409,-0.97886,1.7308,-2.3227,-1.5708,2.8117,1
1.2413,-0.97927,1.7315,-2.323,-1.5708,2.8121,1
1.2418,-0.97969,1.7323,-2.3234,-1.5708,2.8126,1
1.2423,-0.98014,1.7332,-2.3238,-1.5708,2.8131,1
1.2428,-0.98061,1.734,-2.3242,-1.5708,2.8135,1
1.2433,-0.9811,1.7349,-2.3246,-1.5708,2.8141,1
1.2438,-0.9816,1.7359,-2.3251,-1.5708,2.8146,1
1.2444,-0.98213,1.7369,-2.3256,-1.5708,2.8152,1
1.245,-0.98268,1.7379,-2.326,-1.5708,2.8157,1
1.2456,-0.98325,1.739,-2.3265,-1.5708,2.8164,1
1.2462,-0.98383,1.7401,-2.327,-1.5708,2.817,1
1.2468,-0.98444,1.7412,-2.3276,-1.5708,2.8176,1
1.2475,-0.98506,1.7424,-2.3281,-1.5708,2.8183,1
1.2482,-0.98571,1.7436,-2.3287,-1.5708,2.819,1
1.2489,-0.98637,1.7448,-2.3293,-1.5708,2.8197,1
1.2497,-0.98705,1.7461,-2.3298,-1.5708,2.8205,1
1.2504,-0.98775,1.7474,-2.3305,-1.5708,2.8212,1
1.2512,-0.98847,1.7488,-2.3311,-1.5708,2.822,1
1.252,-0.9892,1.7501,-2.3317,-1.5708,2.8228,1
1.2528,-0.98996,1.7515,-2.3324,-1.5708,2.8236,1
1.2537,-0.99073,1.753,-2.333,-1.5708,2.8245,1
1.2546,-0.99151,1.7544,-2.3337,-1.5708,2.8254,1
1.2555,-0.99232,1.7559,-2.3344,-1.5708,2.8263,1
1.2564,-0.99314,1.7575,-2.3351,-1.5708,2.8272,1
1.2573,-0.99398,1.759,-2.3359,-1.5708,2.8281,1
1.2583,-0.99483,1.7606,-2.3366,-1.5708,2.8291,1
1.2593,-0.9957,1.7623,-2.3374,-1.5708,2.8301,1
1.2603,-0.99659,1.7639,-2.3381,-1.5708,2.8311,1
1.2613,-0.99749,1.7656,-2.3389,-1.5708,2.8321,1
1.2624,-0.99841,1.7673,-2.3397,-1.5708,2.8332,1
1.2634,-0.99934,1.769,-2.3405,-1.5708,2.8342,1
1.2645,-1.0003,1.7708,-2.3413,-1.5708,2.8353,1
1.2656,-1.0012,1.7726,-2.3421,-1.5708,2.8364,1
1.2668,-1.0022,1.7744,-2.343,-1.5708,2.8376,1
1.268,-1.0032,1.7763,-2.3438,-1.5708,2.8387,1
1.2691,-1.0042,1.7781,-2.3447,-1.5708,2.8399,1
1.2703,-1.0052,1.78,-2.3456,-1.5708,2.8411,1
1.2716,-1.0063,1.7819,-2.3465,-1.5708,2.8424,1
1.2728,-1.0073,1.7839,-2.3474,-1.5708,2.8436,1
1.2741,-1.0084,1.7858,-2.3483,-1.5708,2.8449,1
1.2754,-1.0094,1.7878,-2.3492,-1.5708,2.8462,1
1.2767,-1.0105,1.7898,-2.3501,-1.5708,2.8475,1
1.2781,-1.0116,1.7919,-2.3511,-1.5708,2.8489,1
1.2794,-1.0127,1.7939,-2.352,-1.5708,2.8502,1
1.2808,-1.0138,1.796,-2.353,-1.5708,2.8516,1
1.2823,-1.015,1.7981,-2.3539,-1.5708,2.8531,1
1.2837,-1.0161,1.8002,-2.3549,-1.5708,2.8545,1
1.2852,-1.0173,1.8024,-2.3559,-1.5708,2.856,1
1.2866,-1.0184,1.8045,-2.3569,-1.5708,2.8574,1
1.2881,-1.0196,1.8067,-2.3579,-1.5708,2.8589,1
1.2897,-1.0208,1.8089,-2.3589,-1.5708,2.8605,1
1.2912,-1.022,1.8111,-2.3599,-1.5708,2.862,1
1.2928,-1.0232,1.8133,-2.3609,-1.5708,2.8636,1
1.2944,-1.0244,1.8156,-2.3619,-1.5708,2.8652,1
1.296,-1.0256,1.8178,-2.363,-1.5708,2.8668,1
1.2977,-1.0269,1.8201,-2.364,-1.5708,2.8685,1
1.2994,-1.0281,1.8224,-2.3651,-1.5708,2.8702,1
1.3011,-1.0294,1.8247,-2.3661,-1.5708,2.8719,1
1.3028,-1.0306,1.827,-2.3672,-1.5708,2.8736,1
1.3045,-1.0319,1.8293,-2.3682,-1.5708,2.8753,1
1.3063,-1.0331,1.8317,-2.3693,-1.5708,2.8771,1
1.3081,-1.0344,1.834,-2.3704,-1.5708,2.8789,1
1.3099,-1.0357,1.8364,-2.3715,-1.5708,2.8807,1
1.3117,-1.037,1.8388,-2.3726,-1.5708,2.8825,1
1.3136,-1.0383,1.8412,-2.3736,-1.5708,2.8844,1
1.3155,-1.0396,1.8436,-2.3747,-1.5708,2.8863,1
1.3174,-1.0409,1.846,-2.3758,-1.5708,2.8882,1
1.3193,-1.0422,1.8484,-2.3769,-1.5708,2.8901,1
1.3213,-1.0436,1.8508,-2.378,-1.5708,2.8921,1
1.3233,-1.0449,1.8532,-2.3791,-1.5708,2.8941,1
1.3253,-1.0462,1.8557,-2.3802,-1.5708,2.8961,1
1.3273,-1.0476,1.8581,-2.3814,-1.5708,2.8981,1
1.3294,-1.0489,1.8606,-2.3825,-1.5708,2.9002,1
1.3315,-1.0502,1.863,-2.3836,-1.5708,2.9023,1
1.3336,-1.0516,1.8655,-2.3847,-1.5708,2.9044,1
1.3357,-1.0529,1.868,-2.3858,-1.5708,2.9065,1
1.3379,-1.0543,1.8705,-2.3869,-1.5708,2.9087,1
1.3401,-1.0557,1.8729,-2.3881,-1.5708,2.9109,1
1.3423,-1.057,1.8754,-2.3892,-1.5708,2.9131,1
1.3445,-1.0584,1.8779,-2.3903,-1.5708,2.9153,1
1.3468,-1.0597,1.8804,-2.3914,-1.5708,2.9176,1
1.3491,-1.0611,1.8829,-2.3926,-1.5708,2.9199,1
1.3514,-1.0625,1.8854,-2.3937,-1.5708,2.9222,1
1.3537,-1.0638,1.8879,-2.3948,-1.5708,2.9245,1
1.3561,-1.0652,1.8903,-2.3959,-1.5708,2.9269,1
1.3585,-1.0666,1.8928,-2.397,-1.5708,2.9293,1
1.3609,-1.068,1.8953,-2.3982,-1.5708,2.9317,1
1.3633,-1.0693,1.8978,-2.3993,-1.5708,2.9341,1
1.3658,-1.0707,1.9003,-2.4004,-1.5708,2.9366,1
1.3683,-1.0721,1.9028,-2.4015,-1.5708,2.9391,1
1.3708,-1.0734,1.9052,-2.4026,-1.5708,2.9416,1
1.3734,-1.0748,1.9077,-2.4037,-1.5708,2.9442,1
1.376,-1.0762,1.9102,-2.4048,-1.5708,2.9467,1
1.3786,-1.0775,1.9127,-2.4059,-1.5708,2.9493,1
1.3812,-1.0789,1.9151,-2.407,-1.5708,2.952,1
1.3838,-1.0802,1.9176,-2.4081,-1.5708,2.9546,1
1.3865,-1.0816,1.92,-2.4092,-1.5708,2.9573,1
1.3892,-1.0829,1.9224,-2.4103,-1.5708,2.96,1
1.392,-1.0843,1.9249,-2.4114,-1.5708,2.9628,1
1.3947,-1.0856,1.9273,-2.4125,-1.5708,2.9655,1
1.3975,-1.087,1.9297,-2.4135,-1.5708,2.9683,1
1.4003,-1.0883,1.9321,-2.4146,-1.5708,2.9711,1
1.4032,-1.0896,1.9345,-2.4157,-1.5708,2.974,1
1.406,-1.091,1.9369,-2.4167,-1.5708,2.9768,1
1.4089,-1.0923,1.9393,-2.4178,-1.5708,2.9797,1
1.4119,-1.0936,1.9416,-2.4188,-1.5708,2.9826,1
1.4148,-1.0949,1.944,-2.4199,-1.5708,2.9856,1
1.4178,-1.0962,1.9463,-2.4209,-1.5708,2.9886,1
1.4208,-1.0975,1.9486,-2.4219,-1.5708,2.9916,1
1.4238,-1.0988,1.951,-2.4229,-1.5708,2.9946,1
1.4269,-1.1001,1.9532,-2.424,-1.5708,2.9977,1
1.43,-1.1014,1.9555,-2.425,-1.5708,3.0008,1
1.4331,-1.1026,1.9578,-2.426,-1.5708,3.0039,1
1.4362,-1.1039,1.96,-2.427,-1.5708,3.007,1
1.4394,-1.1051,1.9623,-2.4279,-1.5708,3.0102,1
1.4426,-1.1064,1.9645,-2.4289,-1.5708,3.0134,1
1.4458,-1.1076,1.9667,-2.4299,-1.5708,3.0166,1
1.4491,-1.1088,1.9689,-2.4308,-1.5708,3.0199,1
1.4524,-1.1101,1.971,-2.4318,-1.5708,3.0232,1
1.4557,-1.1113,1.9732,-2.4327,-1.5708,3.0265,1
1.459,-1.1124,1.9753,-2.4337,-1.5708,3.0298,1
1.4624,-1.1136,1.9774,-2.4346,-1.5708,3.0332,1
1.4658,-1.1148,1.9795,-2.4355,-1.5708,3.0366,1
1.4692,-1.116,1.9816,-2.4364,-1.5708,3.04,1
1.4726,-1.1171,1.9836,-2.4373,-1.5708,3.0434,1
1.4761,-1.1183,1.9856,-2.4382,-1.5708,3.0469,1
1.4796,-1.1194,1.9876,-2.439,-1.5708,3.0504,1
1.4831,-1.1205,1.9896,-2.4399,-1.5708,3.0539,1
1.4867,-1.1216,1.9916,-2.4408,-1.5708,3.0575,1
1.4903,-1.1227,1.9935,-2.4416,-1.5708,3.0611,1
1.4939,-1.1238,1.9954,-2.4424,-1.5708,3.0647,1
1.4975,-1.1248,1.9973,-2.4432,-1.5708,3.0683,1
1.5012,-1.1259,1.9991,-2.444,-1.5708,3.072,1
1.5049,-1.1269,2.0009,-2.4448,-1.5708,3.0757,1
1.5086,-1.1279,2.0027,-2.4456,-1.5708,3.0794,1
1.5124,-1.1289,2.0045,-2.4464,-1.5708,3.0832,1
1.5162,-1.1299,2.0063,-2.4471,-1.5708,3.087,1
1.52,-1.1309,2.008,-2.4479,-1.5708,3.0908,1
1.5238,-1.1319,2.0097,-2.4486,-1.5708,3.0946,1
1.5277,-1.1328,2.0113,-2.4493,-1.5708,3.0985,1
1.5316,-1.1337,2.013,-2.45,-1.5708,3.1024,1
1.5355,-1.1346,2.0146,-2.4507,-1.5708,3.1063,1
1.5394,-1.1355,2.0161,-2.4514,-1.5708,3.1102,1
1.5434,-1.1364,2.0177,-2.4521,-1.5708,3.1142,1
1.5474,-1.1373,2.0192,-2.4527,-1.5708,3.1182,1
1.5514,-1.1381,2.0207,-2.4534,-1.5708,3.1222,1
1.5555,-1.1389,2.0221,-2.454,-1.5708,3.1263,1
1.5595,-1.1397,2.0235,-2.4546,-1.5708,3.1303,1
1.5636,-1.1405,2.0249,-2.4552,-1.5708,3.1344,1
1.5678,-1.1413,2.0263,-2.4558,-1.5708,3.1386,1
1.5719,-1.142,2.0276,-2.4563,-1.5708,-3.1405,1
1.5761,-1.1428,2.0289,-2.4569,-1.5708,-3.1363,1
1.5803,-1.1435,2.0301,-2.4574,-1.5708,-3.1321,1
1.5846,-1.1442,2.0313,-2.4579,-1.5708,-3.1278,1
1.5888,-1.1448,2.0325,-2.4584,-1.5708,-3.1236,1
1.5931,-1.1455,2.0336,-2.4589,-1.5708,-3.1193,1
1.5974,-1.1461,2.0347,-2.4594,-1.5708,-3.115,1
1.6017,-1.1467,2.0358,-2.4598,-1.5708,-3.1107,1
1.6061,-1.1473,2.0368,-2.4603,-1.5708,-3.1063,1
1.6105,-1.1479,2.0378,-2.4607,-1.5708,-3.1019,1
1.6149,-1.1484,2.0388,-2.4611,-1.5708,-3.0975,1
1.6193,-1.149,2.0397,-2.4615,-1.5708,-3.0931,1
1.6238,-1.1495,2.0406,-2.4619,-1.5708,-3.0886,1
1.6283,-1.1499,2.0414,-2.4622,-1.5708,-3.0841,1
1.6328,-1.1504,2.0422,-2.4626,-1.5708,-3.0796,1
1.6373,-1.1508,2.043,-2.4629,-1.5708,-3.0751,1
1.6418,-1.1513,2.0437,-2.4632,-1.5708,-3.0705,1
1.6464,-1.1516,2.0444,-2.4635,-1.5708,-3.066,1
1.651,-1.152,2.045,-2.4638,-1.5708,-3.0614,1
1.6556,-1.1524,2.0456,-2.464,-1.5708,-3.0568,1
1.6603,-1.1527,2.0461,-2.4643,-1.5708,-3.0521,1
1.6649,-1.153,2.0467,-2.4645,-1.5708,-3.0474,1
1.6696,-1.1532,2.0471,-2.4647,-1.5708,-3.0428,1
1.6743,-1.1535,2.0476,-2.4649,-1.5708,-3.0381,1
1.6791,-1.1537,2.048,-2.465,-1.5708,-3.0333,1
1.6838,-1.1539,2.0483,-2.4652,-1.5708,-3.0286,1
1.6886,-1.1541,2.0486,-2.4653,-1.5708,-3.0238,1
1.6934,-1.1542,2.0489,-2.4654,-1.5708,-3.019,1
1.6982,-1.1544,2.0491,-2.4655,-1.5708,-3.0142,1
1.703,-1.1545,2.0493,-2.4656,-1.5708,-3.0094,1
1.7079,-1.1545,2.0494,-2.4656,-1.5708,-3.0045,1
1.7127,-1.1546,2.0495,-2.4657,-1.5708,-2.9997,1
1.7176,-1.1546,2.0495,-2.4657,-1.5708,-2.9948,1
1.7225,-1.1546,2.0495,-2.4657,-1.5708,-2.9899,1
1.7274,-1.1546,2.0494,-2.4657,-1.5708,-2.985,1
1.7324,-1.1545,2.0494,-2.4656,-1.5708,-2.98,1
1.7373,-1.1544,2.0492,-2.4656,-1.5708,-2.9751,1
1.7423,-1.1543,2.049,-2.4655,-1.5708,-2.9701,1
1.7473,-1.1542,2.0488,-2.4654,-1.5708,-2.9651,1
1.7523,-1.154,2.0485,-2.4653,-1.5708,-2.9601,1
1.7573,-1.1538,2.0482,-2.4651,-1.5708,-2.9551,1
1.7623,-1.1536,2.0478,-2.465,-1.5708,-2.95,1
1.7674,-1.1534,2.0474,-2.4648,-1.5708,-2.945,1
1.7725,-1.1531,2.0469,-2.4646,-1.5708,-2.9399,1
1.7775,-1.1528,2.0464,-2.4644,-1.5708,-2.9348,1
1.7826,-1.1525,2.0459,-2.4642,-1.5708,-2.9298,1
1.7877,-1.1522,2.0453,-2.4639,-1.5708,-2.9246,1
1.7929,-1.1518,2.0446,-2.4636,-1.5708,-2.9195,1
1.798,-1.1514,2.0439,-2.4633,-1.5708,-2.9144,1
1.8031,-1.151,2.0432,-2.463,-1.5708,-2.9093,1
1.8083,-1.1505,2.0424,-2.4627,-1.5708,-2.9041,1
1.8135,-1.15,2.0415,-2.4623,-1.5708,-2.8989,1
1.8186,-1.1495,2.0406,-2.4619,-1.5708,-2.8938,1
1.8238,-1.149,2.0397,-2.4615,-1.5708,-2.8886,1
1.829,-1.1484,2.0387,-2.4611,-1.5708,-2.8834,1
1.8342,-1.1478,2.0377,-2.4607,-1.5708,-2.8782,1
1.8394,-1.1472,2.0366,-2.4602,-1.5708,-2.873,1
1.8447,-1.1466,2.0355,-2.4597,-1.5708,-2.8677,1
1.8499,-1.1459,2.0343,-2.4592,-1.5708,-2.8625,1
1.8551,-1.1452,2.0331,-2.4587,-1.5708,-2.8573,1
1.8604,-1.1445,2.0318,-2.4581,-1.5708,-2.852,1
1.8656,-1.1437,2.0305,-2.4576,-1.5708,-2.8468,1
1.8709,-1.1429,2.0291,-2.457,-1.5708,-2.8415,1
1.8761,-1.1421,2.0277,-2.4564,-1.5708,-2.8362,1
1.8814,-1.1413,2.0262,-2.4558,-1.5708,-2.831,1
1.8867,-1.1404,2.0247,-2.4551,-1.5708,-2.8257,1
1.892,-1.1395,2.0232,-2.4544,-1.5708,-2.8204,1
1.8973,-1.1386,2.0216,-2.4537,-1.5708,-2.8151,1
1.9025,-1.1377,2.0199,-2.453,-1.5708,-2.8099,1
1.9078,-1.1367,2.0182,-2.4523,-1.5708,-2.8046,1
1.9131,-1.1357,2.0164,-2.4515,-1.5708,-2.7993,1
1.9184,-1.1347,2.0146,-2.4508,-1.5708,-2.794,1
1.9237,-1.1336,2.0128,-2.45,-1.5708,-2.7887,1
1.929,-1.1326,2.0109,-2.4491,-1.5708,-2.7834,1
1.9343,-1.1315,2.009,-2.4483,-1.5708,-2.7781,1
1.9396,-1.1303,2.007,-2.4474,-1.5708,-2.7728,1
1.9449,-1.1292,2.0049,-2.4466,-1.5708,-2.7675,1
1.9502,-1.128,2.0028,-2.4457,-1.5708,-2.7622,1
1.9555,-1.1268,2.0007,-2.4447,-1.5708,-2.7569,1
1.9608,-1.1255,1.9985,-2.4438,-1.5708,-2.7516,1
1.9661,-1.1243,1.9963,-2.4428,-1.5708,-2.7463,1
1.9713,-1.123,1.994,-2.4418,-1.5708,-2.741,1
1.9766,-1.1217,1.9917,-2.4408,-1.5708,-2.7358,1
1.9819,-1.1204,1.9894,-2.4398,-1.5708,-2.7305,1
1.9872,-1.119,1.9869,-2.4387,-1.5708,-2.7252,1
1.9925,-1.1176,1.9845,-2.4377,-1.5708,-2.7199,1
1.9977,-1.1162,1.982,-2.4366,-1.5708,-2.7147,1
2.003,-1.1148,1.9794,-2.4355,-1.5708,-2.7094,1
2.0082,-1.1133,1.9768,-2.4343,-1.5708,-2.7042,1
2.0135,-1.1118,1.9742,-2.4332,-1.5708,-2.6989,1
2.0187,-1.1103,1.9715,-2.432,-1.5708,-2.6937,1
2.024,-1.1088,1.9688,-2.4308,-1.5708,-2.6884,1
2.0292,-1.1072,1.966,-2.4296,-1.5708,-2.6832,1
2.0344,-1.1056,1.9632,-2.4283,-1.5708,-2.678,1
2.0396,-1.104,1.9603,-2.4271,-1.5708,-2.6728,1
2.0448,-1.1024,1.9574,-2.4258,-1.5708,-2.6676,1
2.05,-1.1007,1.9544,-2.4245,-1.5708,-2.6624,1
2.0552,-1.0991,1.9514,-2.4232,-1.5708,-2.6572,1
2.0604,-1.0974,1.9484,-2.4218,-1.5708,-2.652,1
2.0655,-1.0956,1.9453,-2.4204,-1.5708,-2.6468,1
2.0707,-1.0939,1.9422,-2.4191,-1.5708,-2.6417,1
2.0758,-1.0921,1.939,-2.4177,-1.5708,-2.6365,1
2.081,-1.0903,1.9358,-2.4162,-1.5708,-2.6314,1
2.0861,-1.0885,1.9325,-2.4148,-1.5708,-2.6263,1
2.0912,-1.0867,1.9292,-2.4133,-1.5708,-2.6212,1
2.0963,-1.0848,1.9259,-2.4118,-1.5708,-2.6161,1
2.1014,-1.083,1.9225,-2.4103,-1.5708,-2.611,1
2.1064,-1.0811,1.9191,-2.4088,-1.5708,-2.6059,1
2.1115,-1.0791,1.9156,-2.4072,-1.5708,-2.6009,1
2.1165,-1.0772,1.9121,-2.4057,-1.5708,-2.5958,1
2.1216,-1.0752,1.9085,-2.4041,-1.5708,-2.5908,1
2.1266,-1.0733,1.9049,-2.4025,-1.5708,-2.5858,1
2.1316,-1.0713,1.9013,-2.4009,-1.5708,-2.5808,1
2.1366,-1.0692,1.8976,-2.3992,-1.5708,-2.5758,1
2.1415,-1.0672,1.8939,-2.3975,-1.5708,-2.5709,1
2.1465,-1.0651,1.8902,-2.3959,-1.5708,-2.5659,1
2.1514,-1.063,1.8864,-2.3942,-1.5708,-2.561,1
2.1563,-1.0609,1.8826,-2.3924,-1.5708,-2.5561,1
2.1612,-1.0588,1.8787,-2.3907,-1.5708,-2.5512,1
2.1661,-1.0567,1.8748,-2.3889,-1.5708,-2.5463,1
2.171,-1.0545,1.8709,-2.3871,-1.5708,-2.5414,1
2.1758,-1.0523,1.8669,-2.3853,-1.5708,-2.5366,1
2.1806,-1.0501,1.8629,-2.3835,-1.5708,-2.5317,1
2.1855,-1.0479,1.8588,-2.3817,-1.5708,-2.5269,1
2.1902,-1.0457,1.8547,-2.3798,-1.5708,-2.5221,1
2.195,-1.0434,1.8506,-2.378,-1.5708,-2.5174,1
2.1998,-1.0412,1.8464,-2.3761,-1.5708,-2.5126,1
2.2045,-1.0389,1.8423,-2.3742,-1.5708,-2.5079,1
2.2092,-1.0366,1.838,-2.3722,-1.5708,-2.5032,1
2.2139,-1.0343,1.8338,-2.3703,-1.5708,-2.4985,1
2.2186,-1.0319,1.8295,-2.3683,-1.5708,-2.4938,1
2.2233,-1.0296,1.8251,-2.3663,-1.5708,-2.4891,1
2.2279,-1.0272,1.8207,-2.3643,-1.5708,-2.4845,1
2.2325,-1.0248,1.8163,-2.3623,-1.5708,-2.4799,1
2.2371,-1.0224,1.8119,-2.3603,-1.5708,-2.4753,1
2.2417,-1.02,1.8074,-2.3582,-1.5708,-2.4707,1
2.2462,-1.0176,1.8029,-2.3562,-1.5708,-2.4662,1
2.2508,-1.0151,1.7984,-2.3541,-1.5708,-2.4616,1
2.2553,-1.0127,1.7938,-2.352,-1.5708,-2.4571,1
2.2598,-1.0102,1.7892,-2.3499,-1.5708,-2.4526,1
2.2642,-1.0077,1.7846,-2.3477,-1.5708,-2.4482,1
2.2687,-1.0052,1.78,-2.3456,-1.5708,-2.4437,1
2.2731,-1.0027,1.7753,-2.3434,-1.5708,-2.4393,1
2.2775,-1.0001,1.7705,-2.3412,-1.5708,-2.4349,1
2.2819,-0.99757,1.7658,-2.339,-1.5708,-2.4305,1
2.2862,-0.99501,1.761,-2.3368,-1.5708,-2.4262,1
2.2906,-0.99243,1.7562,-2.3346,-1.5708,-2.4218,1
2.2949,-0.98984,1.7514,-2.3323,-1.5708,-2.4175,1
2.2992,-0.98724,1.7465,-2.3301,-1.5708,-2.4132,1
2.3034,-0.98462,1.7416,-2.3278,-1.5708,-2.409,1
2.3077,-0.982,1.7367,-2.3255,-1.5708,-2.4047,1
2.3119,-0.97936,1.7317,-2.3232,-1.5708,-2.4005,1
2.3161,-0.9767,1.7268,-2.3209,-1.5708,-2.3963,1
2.3202,-0.97404,1.7218,-2.3185,-1.5708,-2.3921,1
2.3244,-0.97136,1.7167,-2.3162,-1.5708,-2.388,1
2.3285,-0.96867,1.7117,-2.3138,-1.5708,-2.3839,1
2.3326,-0.96597,1.7066,-2.3114,-1.5708,-2.3798,1
2.3367,-0.96326,1.7015,-2.309,-1.5708,-2.3757,1
2.3407,-0.96054,1.6964,-2.3066,-1.5708,-2.3716,1
2.3448,-0.95781,1.6912,-2.3042,-1.5708,-2.3676,1
2.3488,-0.95507,1.686,-2.3018,-1.5708,-2.3636,1
2.3528,-0.95232,1.6808,-2.2993,-1.5708,-2.3596,1
2.3567,-0.94955,1.6756,-2.2969,-1.5708,-2.3557,1
2.3606,-0.94678,1.6704,-2.2944,-1.5708,-2.3518,1
2.3645,-0.944,1.6651,-2.2919,-1.5708,-2.3478,1
2.3684,-0.94121,1.6598,-2.2894,-1.5708,-2.344,1
2.3723,-0.9384,1.6545,-2.2869,-1.5708,-2.3401,1
2.3761,-0.93559,1.6492,-2.2844,-1.5708,-2.3363,1
2.3799,-0.93278,1.6438,-2.2818,-1.5708,-2.3325,1
2.3837,-0.92995,1.6384,-2.2793,-1.5708,-2.3287,1
2.3875,-0.92711,1.633,-2.2767,-1.5708,-2.3249,1
2.3912,-0.92427,1.6276,-2.2741,-1.5708,-2.3212,1
2.3949,-0.92141,1.6222,-2.2716,-1.5708,-2.3175,1
2.3986,-0.91855,1.6167,-2.269,-1.5708,-2.3138,1
2.4022,-0.91569,1.6113,-2.2664,-1.5708,-2.3101,1
2.4059,-0.91281,1.6058,-2.2637,-1.5708,-2.3065,1
2.4095,-0.90993,1.6003,-2.2611,-1.5708,-2.3029,1
2.4131,-0.90704,1.5947,-2.2585,-1.5708,-2.2993,1
2.4166,-0.90414,1.5892,-2.2558,-1.5708,-2.2958,1
2.4202,-0.90124,1.5836,-2.2532,-1.5708,-2.2922,1
2.4237,-0.89833,1.5781,-2.2505,-1.5708,-2.2887,1
2.4272,-0.89542,1.5725,-2.2478,-1.5708,-2.2852,1
2.4306,-0.8925,1.5669,-2.2452,-1.5708,-2.2818,1
2.4341,-0.88957,1.5612,-2.2425,-1.5708,-2.2783,1
2.4375,-0.88664,1.5556,-2.2398,-1.5708,-2.2749,1
2.4409,-0.8837,1.5499,-2.237,-1.5708,-2.2715,1
2.4442,-0.88076,1.5443,-2.2343,-1.5708,-2.2682,1
2.4476,-0.87781,1.5386,-2.2316,-1.5708,-2.2648,1
2.4509,-0.87486,1.5329,-2.2289,-1.5708,-2.2615,1
2.4542,-0.8719,1.5272,-2.2261,-1.5708,-2.2582,1
2.4574,-0.86894,1.5215,-2.2234,-1.5708,-2.255,1
2.4607,-0.86598,1.5158,-2.2206,-1.5708,-2.2517,1
2.4639,-0.86301,1.51,-2.2178,-1.5708,-2.2485,1
2.4671,-0.86004,1.5043,-2.215,-1.5708,-2.2453,1
2.4702,-0.85706,1.4985,-2.2123,-1.5708,-2.2422,1
2.4734,-0.85409,1.4928,-2.2095,-1.5708,-2.239,1
2.4765,-0.85111,1.487,-2.2067,-1.5708,-2.2359,1
2.4796,-0.84812,1.4812,-2.2039,-1.5708,-2.2328,1
2.4826,-0.84514,1.4754,-2.2011,-1.5708,-2.2298,1
2.4857,-0.84215,1.4696,-2.1983,-1.5708,-2.2267,1
2.4887,-0.83916,1.4638,-2.1954,-1.5708,-2.2237,1
2.4917,-0.83617,1.458,-2.1926,-1.5708,-2.2207,1
2.4946,-0.83317,1.4522,-2.1898,-1.5708,-2.2178,1
2.4976,-0.83018,1.4463,-2.1869,-1.5708,-2.2148,1
2.5005,-0.82718,1.4405,-2.1841,-1.5708,-2.2119,1
2.5034,-0.82418,1.4347,-2.1813,-1.5708,-2.209,1
2.5062,-0.82119,1.4288,-2.1784,-1.5708,-2.2061,1
2.5091,-0.81819,1.423,-2.1756,-1.5708,-2.2033,1
2.5119,-0.81519,1.4171,-2.1727,-1.5708,-2.2005,1
2.5147,-0.81219,1.4113,-2.1699,-1.5708,-2.1977,1
2.5175,-0.8092,1.4054,-2.167,-1.5708,-2.1949,1
2.5202,-0.8062,1.3995,-2.1641,-1.5708,-2.1922,1
2.5229,-0.80321,1.3937,-2.1613,-1.5708,-2.1894,1
2.5256,-0.80021,1.3878,-2.1584,-1.5708,-2.1868,1
2.5283,-0.79722,1.3819,-2.1555,-1.5708,-2.1841,1
2.531,-0.79423,1.3761,-2.1526,-1.5708,-2.1814,1
2.5336,-0.79124,1.3702,-2.1498,-1.5708,-2.1788,1
2.5362,-0.78825,1.3643,-2.1469,-1.5708,-2.1762,1
2.5388,-0.78526,1.3585,-2.144,-1.5708,-2.1736,1
2.5413,-0.78228,1.3526,-2.1411,-1.5708,-2.1711,1
2.5439,-0.7793,1.3468,-2.1383,-1.5708,-2.1685,1
2.5464,-0.77633,1.3409,-2.1354,-1.5708,-2.166,1
2.5488,-0.77335,1.3351,-2.1325,-1.5708,-2.1635,1
2.5513,-0.77038,1.3292,-2.1296,-1.5708,-2.1611,1
2.5537,-0.76742,1.3234,-2.1268,-1.5708,-2.1587,1
2.5561,-0.76446,1.3175,-2.1239,-1.5708,-2.1562,1
2.5585,-0.7615,1.3117,-2.121,-1.5708,-2.1539,1
2.5609,-0.75855,1.3059,-2.1181,-1.5708,-2.1515,1
2.5632,-0.75561,1.3001,-2.1153,-1.5708,-2.1491,1
2.5656,-0.75266,1.2943,-2.1124,-1.5708,-2.1468,1
2.5679,-0.74973,1.2885,-2.1095,-1.5708,-2.1445,1
2.5701,-0.7468,1.2827,-2.1067,-1.5708,-2.1423,1
2.5724,-0.74388,1.2769,-2.1038,-1.5708,-2.14,1
2.5746,-0.74096,1.2711,-2.101,-1.5708,-2.1378,1
2.5768,-0.73806,1.2654,-2.0981,-1.5708,-2.1356,1
2.579,-0.73515,1.2596,-2.0953,-1.5708,-2.1334,1
2.5811,-0.73226,1.2539,-2.0924,-1.5708,-2.1313,1
2.5833,-0.72937,1.2482,-2.0896,-1.5708,-2.1291,1
2.5854,-0.7265,1.2424,-2.0867,-1.5708,-2.127,1
2.5875,-0.72363,1.2368,-2.0839,-1.5708,-2.1249,1
2.5895,-0.72077,1.2311,-2.0811,-1.5708,-2.1229,1
2.5916,-0.71792,1.2254,-2.0783,-1.5708,-2.1208,1
2.5936,-0.71508,1.2198,-2.0755,-1.5708,-2.1188,1
2.5956,-0.71225,1.2141,-2.0727,-1.5708,-2.1168,1
2.5976,-0.70943,1.2085,-2.0699,-1.5708,-2.1148,1
2.5995,-0.70662,1.2029,-2.0671,-1.5708,-2.1129,1
2.6014,-0.70382,1.1974,-2.0643,-1.5708,-2.111,1
2.6033,-0.70103,1.1918,-2.0616,-1.5708,-2.1091,1
2.6052,-0.69826,1.1863,-2.0588,-1.5708,-2.1072,1
2.6071,-0.69549,1.1808,-2.0561,-1.5708,-2.1053,1
2.6089,-0.69274,1.1753,-2.0533,-1.5708,-2.1035,1
2.6107,-0.69,1.1698,-2.0506,-1.5708,-2.1017,1
2.6125,-0.68728,1.1644,-2.0479,-1.5708,-2.0999,1
2.6143,-0.68457,1.159,-2.0452,-1.5708,-2.0981,1
2.616,-0.68187,1.1536,-2.0425,-1.5708,-2.0964,1
2.6178,-0.67919,1.1482,-2.0398,-1.5708,-2.0946,1
2.6195,-0.67652,1.1429,-2.0371,-1.5708,-2.0929,1
2.6211,-0.67387,1.1376,-2.0345,-1.5708,-2.0912,1
2.6228,-0.67124,1.1323,-2.0319,-1.5708,-2.0896,1
2.6244,-0.66862,1.1271,-2.0292,-1.5708,-2.088,1
2.626,-0.66602,1.1218,-2.0266,-1.5708,-2.0863,1
2.6276,-0.66343,1.1167,-2.024,-1.5708,-2.0848,1
2.6292,-0.66086,1.1115,-2.0214,-1.5708,-2.0832,1
2.6308,-0.65831,1.1064,-2.0189,-1.5708,-2.0816,1
2.6323,-0.65578,1.1013,-2.0163,-1.5708,-2.0801,1
2.6338,-0.65327,1.0963,-2.0138,-1.5708,-2.0786,1
2.6353,-0.65078,1.0913,-2.0113,-1.5708,-2.0771,1
2.6367,-0.6483,1.0863,-2.0088,-1.5708,-2.0757,1
2.6382,-0.64585,1.0814,-2.0063,-1.5708,-2.0742,1
2.6396,-0.64342,1.0765,-2.0039,-1.5708,-2.0728,1
2.641,-0.64101,1.0717,-2.0014,-1.5708,-2.0714,1
2.6423,-0.63862,1.0669,-1.999,-1.5708,-2.0701,1
2.6437,-0.63625,1.0621,-1.9966,-1.5708,-2.0687,1
2.645,-0.63391,1.0574,-1.9943,-1.5708,-2.0674,1
2.6463,-0.63159,1.0527,-1.9919,-1.5708,-2.0661,1
2.6476,-0.6293,1.0481,-1.9896,-1.5708,-2.0648,1
2.6489,-0.62702,1.0435,-1.9873,-1.5708,-2.0635,1
2.6501,-0.62478,1.039,-1.985,-1.5708,-2.0623,1
2.6513,-0.62256,1.0345,-1.9827,-1.5708,-2.0611,1
2.6525,-0.62036,1.0301,-1.9805,-1.5708,-2.0599,1
2.6537,-0.61819,1.0257,-1.9783,-1.5708,-2.0587,1
2.6548,-0.61605,1.0214,-1.9761,-1.5708,-2.0575,1
2.656,-0.61394,1.0171,-1.974,-1.5708,-2.0564,1
2.6571,-0.61185,1.0129,-1.9719,-1.5708,-2.0553,1
2.6582,-0.6098,1.0088,-1.9698,-1.5708,-2.0542,1
2.6592,-0.60777,1.0047,-1.9677,-1.5708,-2.0532,1
2.6603,-0.60577,1.0006,-1.9657,-1.5708,-2.0521,1
2.6613,-0.60381,0.99667,-1.9637,-1.5708,-2.0511,1
2.6623,-0.60187,0.99275,-1.9617,-1.5708,-2.0501,1
2.6633,-0.59997,0.98891,-1.9597,-1.5708,-2.0491,1
2.6642,-0.5981,0.98512,-1.9578,-1.5708,-2.0481,1
2.6652,-0.59626,0.9814,-1.9559,-1.5708,-2.0472,1
2.6661,-0.59445,0.97775,-1.9541,-1.5708,-2.0463,1
2.667,-0.59268,0.97416,-1.9523,-1.5708,-2.0454,1
2.6678,-0.59095,0.97065,-1.9505,-1.5708,-2.0445,1
2.6687,-0.58924,0.9672,-1.9488,-1.5708,-2.0437,1
2.6695,-0.58758,0.96383,-1.947,-1.5708,-2.0429,1
2.6703,-0.58595,0.96053,-1.9454,-1.5708,-2.0421,1
2.6711,-0.58436,0.9573,-1.9437,-1.5708,-2.0413,1
2.6719,-0.5828,0.95415,-1.9421,-1.5708,-2.0405,1
2.6726,-0.58128,0.95108,-1.9406,-1.5708,-2.0398,1
2.6733,-0.57981,0.94808,-1.9391,-1.5708,-2.0391,1
2.674,-0.57837,0.94516,-1.9376,-1.5708,-2.0384,1
2.6747,-0.57697,0.94232,-1.9362,-1.5708,-2.0377,1
2.6753,-0.57561,0.93957,-1.9348,-1.5708,-2.0371,1
2.676,-0.57429,0.93689,-1.9334,-1.5708,-2.0364,1
2.6766,-0.57301,0.9343,-1.9321,-1.5708,-2.0358,1
2.6772,-0.57178,0.9318,-1.9308,-1.5708,-2.0352,1
2.6777,-0.57059,0.92938,-1.9296,-1.5708,-2.0347,1
2.6783,-0.56944,0.92705,-1.9284,-1.5708,-2.0341,1
2.6788,-0.56833,0.9248,-1.9273,-1.5708,-2.0336,1
2.6793,-0.56727,0.92265,-1.9262,-1.5708,-2.0331,1
2.6797,-0.56626,0.92059,-1.9251,-1.5708,-2.0327,1
2.6802,-0.56529,0.91862,-1.9241,-1.5708,-2.0322,1
2.6806,-0.56436,0.91674,-1.9232,-1.5708,-2.0318,1
2.681,-0.56348,0.91495,-1.9223,-1.5708,-2.0314,1
2.6814,-0.56265,0.91326,-1.9214,-1.5708,-2.031,1
2.6818,-0.56187,0.91167,-1.9206,-1.5708,-2.0306,1
2.6821,-0.56113,0.91017,-1.9198,-1.5708,-2.0303,1
2.6824,-0.56044,0.90877,-1.9191,-1.5708,-2.03,1
2.6827,-0.5598,0.90747,-1.9185,-1.5708,-2.0297,1
2.683,-0.55921,0.90627,-1.9179,-1.5708,-2.0294,1
2.6832,-0.55867,0.90517,-1.9173,-1.5708,-2.0292,1
2.6834,-0.55818,0.90417,-1.9168,-1.5708,-2.029,1
2.6836,-0.55774,0.90327,-1.9163,-1.5708,-2.0288,1
2.6838,-0.55734,0.90247,-1.9159,-1.5708,-2.0286,1
2.684,-0.557,0.90178,-1.9156,-1.5708,-2.0284,1
2.6841,-0.55672,0.90119,-1.9153,-1.5708,-2.0283,1
2.6842,-0.55648,0.90071,-1.915,-1.5708,-2.0282,1
2.6843,-0.55629,0.90033,-1.9148,-1.5708,-2.0281,1
2.6843,-0.55616,0.90006,-1.9147,-1.5708,-2.0281,1
2.6844,-0.55608,0.8999,-1.9146,-1.5708,-2.028,1
2.6844,-0.55605,0.89984,-1.9146,-1.5708,-2.028,1
2.6844,-0.55605,0.89983,-1.9146,-1.5708,-2.028,1
2.6844,-0.55594,0.89991,-1.9148,-1.5708,-2.028,1
2.6844,-0.55563,0.90015,-1.9153,-1.5708,-2.028,1
2.6844,-0.55513,0.90055,-1.9162,-1.5708,-2.028,1
2.6844,-0.55443,0.90108,-1.9174,-1.5708,-2.028,1
2.6844,-0.55356,0.90176,-1.919,-1.5708,-2.028,1
2.6844,-0.55251,0.90255,-1.9208,-1.5708,-2.028,1
2.6844,-0.5513,0.90347,-1.923,-1.5708,-2.028,1
2.6844,-0.54992,0.90448,-1.9254,-1.5708,-2.028,1
2.6844,-0.54838,0.90559,-1.928,-1.5708,-2.028,1
2.6844,-0.5467,0.90677,-1.9309,-1.5708,-2.028,1
2.6844,-0.54487,0.90803,-1.934,-1.5708,-2.028,1
2.6844,-0.54291,0.90934,-1.9372,-1.5708,-2.028,1
2.6844,-0.54081,0.9107,-1.9407,-1.5708,-2.028,1
2.6844,-0.53859,0.91209,-1.9443,-1.5708,-2.028,1
2.6844,-0.53625,0.91351,-1.9481,-1.5708,-2.028,1
2.6844,-0.5338,0.91495,-1.9519,-1.5708,-2.028,1
2.6844,-0.53125,0.91639,-1.9559,-1.5708,-2.028,1
2.6844,-0.5286,0.91782,-1.96,-1.5708,-2.028,1
2.6844,-0.52585,0.91925,-1.9642,-1.5708,-2.028,1
2.6844,-0.52303,0.92065,-1.9684,-1.5708,-2.028,1
2.6844,-0.52013,0.92202,-1.9727,-1.5708,-2.028,1
2.6844,-0.51717,0.92336,-1.977,-1.5708,-2.028,1
2.6844,-0.51415,0.92465,-1.9813,-1.5708,-2.028,1
2.6844,-0.51108,0.9259,-1.9856,-1.5708,-2.028,1
2.6844,-0.50798,0.9271,-1.9899,-1.5708,-2.028,1
2.6844,-0.50485,0.92824,-1.9942,-1.5708,-2.028,1
2.6844,-0.5017,0.92932,-1.9984,-1.5708,-2.028,1
2.6844,-0.49854,0.93034,-2.0026,-1.5708,-2.028,1
2.6844,-0.49539,0.9313,-2.0067,-1.5708,-2.028,1
2.6844,-0.49225,0.93219,-2.0107,-1.5708,-2.028,1
2.6844,-0.48914,0.93302,-2.0147,-1.5708,-2.028,1
2.6844,-0.48607,0.93378,-2.0185,-1.5708,-2.028,1
2.6844,-0.48305,0.93447,-2.0222,-1.5708,-2.028,1
2.6844,-0.48009,0.9351,-2.0258,-1.5708,-2.028,1
2.6844,-0.47721,0.93567,-2.0293,-1.5708,-2.028,1
2.6844,-0.47442,0.93618,-2.0326,-1.5708,-2.028,1
2.6844,-0.47173,0.93663,-2.0357,-1.5708,-2.028,1
2.6844,-0.46916,0.93703,-2.0387,-1.5708,-2.028,1
2.6844,-0.46671,0.93738,-2.0415,-1.5708,-2.028,1
2.6844,-0.46441,0.93767,-2.0441,-1.5708,-2.028,1
2.6844,-0.46226,0.93793,-2.0465,-1.5708,-2.028,1
2.6844,-0.46029,0.93814,-2.0486,-1.5708,-2.028,1
2.6844,-0.45849,0.93831,-2.0506,-1.5708,-2.028,1
2.6844,-0.45689,0.93845,-2.0524,-1.5708,-2.028,1
2.6844,-0.4555,0.93856,-2.0539,-1.5708,-2.028,1
2.6844,-0.45434,0.93865,-2.0551,-1.5708,-2.028,1
2.6844,-0.45341,0.93871,-2.0561,-1.5708,-2.028,1
2.6844,-0.45273,0.93875,-2.0568,-1.5708,-2.028,1
2.6844,-0.45231,0.93876,-2.0573,-1.5708,-2.028,1
2.6844,-0.45216,0.93876,-2.0574,-1.5708,-2.028,1
2.6844,-0.45215,0.93875,-2.0574,-1.5708,-2.028,0
2.6844,-0.45229,0.93873,-2.0572,-1.5708,-2.028,0
2.6844,-0.4527,0.93869,-2.0568,-1.5708,-2.028,0
2.6844,-0.45337,0.93863,-2.0561,-1.5708,-2.028,0
2.6844,-0.45429,0.93855,-2.0551,-1.5708,-2.028,0
2.6844,-0.45545,0.93844,-2.0538,-1.5708,-2.028,0
2.6844,-0.45683,0.93832,-2.0523,-1.5708,-2.028,0
2.6844,-0.45842,0.93816,-2.0505,-1.5708,-2.028,0
2.6844,-0.46021,0.93798,-2.0486,-1.5708,-2.028,0
2.6844,-0.46218,0.93776,-2.0464,-1.5708,-2.028,0
2.6844,-0.46433,0.9375,-2.044,-1.5708,-2.028,0
2.6844,-0.46663,0.9372,-2.0414,-1.5708,-2.028,0
2.6844,-0.46907,0.93685,-2.0386,-1.5708,-2.028,0
2.6844,-0.47165,0.93646,-2.0356,-1.5708,-2.028,0
2.6844,-0.47434,0.93602,-2.0325,-1.5708,-2.028,0
2.6844,-0.47714,0.93552,-2.0292,-1.5708,-2.028,0
2.6844,-0.48002,0.93496,-2.0257,-1.5708,-2.028,0
2.6844,-0.48299,0.93435,-2.0222,-1.5708,-2.028,0
2.6844,-0.48601,0.93367,-2.0185,-1.5708,-2.028,0
2.6844,-0.48909,0.93293,-2.0146,-1.5708,-2.028,0
2.6844,-0.49221,0.93212,-2.0107,-1.5708,-2.028,0
2.6844,-0.49536,0.93126,-2.0067,-1.5708,-2.028,0
2.6844,-0.49853,0.93032,-2.0026,-1.5708,-2.028,0
2.6844,-0.5017,0.92933,-1.9984,-1.5708,-2.028,0
2.6844,-0.50486,0.92827,-1.9942,-1.5708,-2.028,0
2.6844,-0.50801,0.92716,-1.99,-1.5708,-2.028,0
2.6844,-0.51113,0.92599,-1.9857,-1.5708,-2.028,0
2.6844,-0.51421,0.92477,-1.9814,-1.5708,-2.028,0
2.6844,-0.51724,0.9235,-1.9771,-1.5708,-2.028,0
2.6844,-0.52022,0.92219,-1.9728,-1.5708,-2.028,0
2.6844,-0.52313,0.92085,-1.9685,-1.5708,-2.028,0
2.6844,-0.52597,0.91947,-1.9643,-1.5708,-2.028,0
2.6844,-0.52872,0.91807,-1.9601,-1.5708,-2.028,0
2.6844,-0.53138,0.91666,-1.9561,-1.5708,-2.028,0
2.6844,-0.53395,0.91524,-1.9521,-1.5708,-2.028,0
2.6844,-0.53641,0.91382,-1.9482,-1.5708,-2.028,0
2.6844,-0.53875,0.91241,-1.9445,-1.5708,-2.028,0
2.6844,-0.54098,0.91103,-1.9408,-1.5708,-2.028,0
2.6844,-0.54308,0.90968,-1.9374,-1.5708,-2.028,0
2.6844,-0.54505,0.90837,-1.9341,-1.5708,-2.028,0
2.6844,-0.54688,0.90712,-1.931,-1.5708,-2.028,0
2.6844,-0.54856,0.90593,-1.9282,-1.5708,-2.028,0
2.6844,-0.5501,0.90482,-1.9255,-1.5708,-2.028,0
2.6844,-0.55147,0.9038,-1.9231,-1.5708,-2.028,0
2.6844,-0.55268,0.90288,-1.921,-1.5708,-2.028,0
2.6844,-0.55373,0.90208,-1.9191,-1.5708,-2.028,0
2.6844,-0.55459,0.90139,-1.9176,-1.5708,-2.028,0
2.6844,-0.55528,0.90084,-1.9164,-1.5708,-2.028,0
2.6844,-0.55578,0.90043,-1.9154,-1.5708,-2.028,0
2.6844,-0.55608,0.90017,-1.9149,-1.5708,-2.028,0
2.6844,-0.55617,0.90007,-1.9147,-1.5708,-2.028,0
